relative_path	file_size_bytes	sha256
.gitignore	173	20fccd4f98ef3ed3b76d5975c0d8e1311a2adb0afae51fd5a0ccdb4005db65e6
CITATION.cff	698	6dc4e2f068d0aecc76e6d0804fbd85330d39a54ccc17e8b320b1b65f56f5fd4b
data/datasets.tsv	11766	3d65282b033c62700816596251cec0b767703ed20d05d45f1ea33b987c78fa5b
data/README.md	538	b616e721ef0addf830126460e9dff58cf1b5e88283a45a60f27e2a5c03e98bd9
environment/r_packages.tsv	911	6a0f2270c8c89cad0ef1341175d166807dffc15dc5df3f16bbe49f1077e36269
environment/README.md	518	a1c507e6725211d82fcef9b67eb25e1b12b1de5a32a769a4e6d45a720b236f50
environment/runtime.tsv	47	723a4e5f0633a38b15699f5e7463de7283b9f5d90cee7119da5d2f3b477dfa61
environment/system_tools.tsv	489	b1b83ca59f4ce22ee31a30e94b4194ec974d82feb0d2aab07c472e552cf29e3f
LICENSE	1069	982073ae9f0d0a5b4522389d94c38d4ed16c89adcd0aca3104f8b5b439825e51
LICENSE-DATA.md	552	551441b50b8f1bdb940b8610616adeeebf3081a19ff61d74e3f34c86c8641845
README.md	3389	bf8d2b67314cb364381f53e1e79904f4ed9f2e6c4cbc0606ba425eb9188cfe98
RELEASE_NOTES.md	1120	8e120522212d7081b3070ddc46f1f232cceb3e7b43b63b07caeb2010c938b7b3
REPRODUCIBILITY.md	2543	94df5607d9d4923bc08925c2409541ce5ceb89668d40a9c92f3f9e5de45f5eb9
results/escc_manuscript_supplementary_table_index.tsv	8631	833039f578d5a7408bab0e47c2c9211555880d52c227ca24016e299452c4d0db
results/escc_manuscript_table1_cohorts.tsv	2447	03797b6ceafd9aeaa2ab975229665b81089dbbe76a545d797e535577f8f65ae0
results/escc_manuscript_table2_event_state_associations.tsv	3439	5b914b45b7b4c24baa439dacbb0ff36ce13a338a4c93bf675451415febcceeb5
results/escc_manuscript_table3_external_validation.tsv	7238	434042e667ac73bac416145382cc981b1eb72c8573b2c3a13f27a16add1300c5
results/processed_tables/S01-S02__tcga_escc_multiassay_analysis_sets.tsv	17970	0eee4459280622b275c2c916138acad306a248d6a1b04a12ec68e5abd3274295
results/processed_tables/S01-S08__tcga_escc_ecms_patient_probabilities.tsv	45991	8788d071981ee4e08cbff4e1a51639a1f9be3089475c1c09eab73cdc474c0e8b
results/processed_tables/S01-S12__escc_multiomics_module_summaries.tsv	1642	b13a3a26252c0067e2fe80782eed4cc00f722f482f01aaff33b031f985f3da4f
results/processed_tables/S02__tcga_escc_multiassay_qc.tsv	49302	958aafeba1d172aad1ee92180e16fbf1080e1fd1e4e0b74b65c6d87dfecb4eff
results/processed_tables/S02__tcga_escc_multiassay_sample_map.tsv	223054	9b129f17154b4f1bb486404e5899cb8aa63f5e7dbee408725e28002051075dc6
results/processed_tables/S03__tcga_escc_driver_candidate_screen.tsv	3985357	64754a50dba5a7c24dde43c15931f90c30e85ff0b07150afb098f26501bc958a
results/processed_tables/S03__tcga_escc_driver_core_qc.tsv	328	75b0eac8694c2edf4979fbf34e9f0d70ed7b3f2878df36f8805470930853f1f9
results/processed_tables/S03__tcga_escc_strong_driver_patient_events.tsv	203186	5184c501033ab7fd852ec917d0c40ecd37f96a14102577c860ad57173ac2cf7b
results/processed_tables/S04__tcga_escc_cnv_expression_dosage.tsv	7009481	d09ef9f0e3fd75cb91f65c826ac0d8afc6e02d3f8015d68f7bfb661891bc7edd
results/processed_tables/S04__tcga_escc_cnv_gene_summary.tsv	9869047	54d36634c59d2c92ba41f67b95ea550738f20ce57200bdca34f83af45bb4d705
results/processed_tables/S04__tcga_escc_mutation_cluster_summary.tsv	1539	141cc8b09400f95b726cafcb262e293b4ae95ebd8a8ff2ea4f44883ac949baf4
results/processed_tables/S04__tcga_escc_mutation_gene_summary.tsv	695596	50f8f7a81fea75e43295b49493b287ea90e01df9db86d70fb90d769dbc4159fa
results/processed_tables/S04__tcga_escc_mutation_pairwise_interactions.tsv	32089	e6f1fda44ec2de77071f4e232be5df4ede342971dbb6dcf6ba0b494d30ba031f
results/processed_tables/S05__tcga_escc_mofa_clinical_associations.tsv	4021	7683c89759e0a34ab12166399592718a9f80095937e65481f85ecc85e5be5d6e
results/processed_tables/S05__tcga_escc_mofa_factor_scores.tsv	14993	96a7ac7f469319aea2844bae6304e060a338ed8bae76e6296e6d614fffb01c27
results/processed_tables/S05__tcga_escc_mofa_level_factor_qc.tsv	3105	52dcd19264214c17b9d9aae8ce5b95b9eb6657ff6ce9114c6e31e1dddfcf6c3c
results/processed_tables/S05__tcga_escc_mofa_pathway_associations.tsv	10304	63cf7f70ae5a0f472baf2573cd7535b3a9385094d1fee3ca360773b52c8b881d
results/processed_tables/S05__tcga_escc_mofa_top_weights.tsv	54429	88f3e947810e958800d68c32e1d514fd9b5f5400a2906feac270ef3d89b23ebc
results/processed_tables/S05__tcga_escc_mofa_variance_explained.tsv	2857	1dd9eb049fc1b330c7e7c612ccebf55477873f96270aaa3b769f7b4eed2a5432
results/processed_tables/S05__tcga_escc_progeny_pathway_scores.tsv	25219	0fdfbb95cf450b8dff6da99837e6e6ff17aa59027c53aced75a64a92eda461f0
results/processed_tables/S06__tcga_escc_heterogeneity_cluster_evaluation.tsv	1151	c94a445edd77cb709ea7c921a08703bd2c72aa169bb3ceda67ef4b5e1c3ecd49
results/processed_tables/S06__tcga_escc_heterogeneity_cluster_pathways.tsv	2007	f0b3accb074474a039577fcdd66ef52f7850c40181c6b27b4d5771817d57edca
results/processed_tables/S06__tcga_escc_heterogeneity_patient_assignments.tsv	23231	38c4a72336d143cb1f0d7bdd6d9b3c2e5195c2b1d48fa9f076cb6da10600eb4c
results/processed_tables/S07__tcga_escc_driver_state_associations.tsv	398667	dbb4d3e7a2fea49ba8844c238b136b5df1839430eaaf4ee16567062ccb3a92bf
results/processed_tables/S07__tcga_escc_driver_state_network_edges.tsv	28104	9d11b596c724b108fb35d78b7fbcafba315f976b620a3e8f5ed7f29cc578a28d
results/processed_tables/S07__tcga_escc_driver_state_representation_overlap_associations.tsv	3320095	729599b316a31c25828a0159db213780f0f1f8799a75f170de0fbd489e3cbe81
results/processed_tables/S07__tcga_escc_driver_state_representation_overlap_candidate_summary.tsv	15595	ef070144aa335c86135ee5c44d8e06c333dc20b349a7ca6df9faa5e1ab44c1e1
results/processed_tables/S07__tcga_escc_driver_state_representation_overlap_edge_stability.tsv	61392	0df3cba3a59ba2baa17e7cc539d0522188b148393b973867eac8cfdef2c49a09
results/processed_tables/S07__tcga_escc_driver_state_representation_overlap_factor_alignment.tsv	112156	18e3bdf9bccc449c886976a2d2e6b7e96c06475db7aa446515f6126d862b524e
results/processed_tables/S08__tcga_escc_ecms_adjusted_factor_progeny_associations.tsv	105140	827f4c7e7b38eab0a60e061df5c6fd09adfd4108b5fa830cc94021512d9c8d80
results/processed_tables/S08__tcga_escc_ecms_factor_associations.tsv	6205	209067a2092e54ccfc0c6af96b73bf4eee4a187607a6033c4e3668f34343a992
results/processed_tables/S08__tcga_escc_ecms_projection_calibration.tsv	2093	1dc5292ed9de57b289e761ed008335f819f9784d6b3c3fd853fadf556030d883
results/processed_tables/S09__cao2020_cross_layer_candidate_summary.tsv	11538	24329d51fa7b895299dd24daf1b7bdc1f9f043fe4816faed07a50fc40d75b980
results/processed_tables/S09__cao2020_cross_layer_patient_effects.tsv	12539	2429bfc69f10d2311fcc9c07345975d52dfda65cd8d857365846d7d419705343
results/processed_tables/S09__cao2020_proteomics_candidate_pair_effects.tsv	1602	dd02649a4e3d1b314afea0f12cdf50a214df218c12cb91ee036ab69d70963093
results/processed_tables/S09__cao2020_proteomics_candidate_summary.tsv	1431	9ef5d09fdcb80d9de7558bb6fcacda37d9cc0f1a2142a91a6a05a48a33d21c0e
results/processed_tables/S09__cao2020_rna_candidate_pair_effects.tsv	10048	9c01ab09e547e263d44802b1da4c8a7471322f2d42b361d564bf51e17c3ac8fb
results/processed_tables/S09__cao2020_rna_candidate_summary.tsv	4485	c199e6c7f2914a6fe117db22b20a7db4fb2f2633dccce22a94a5984e07e9a89c
results/processed_tables/S09__cao2020_wgbs_candidate_pair_effects.tsv	27286	6e6b8f3addeed2797fdf9e620b636a722c6d30153e40abc4b8f4dcf35e1d6249
results/processed_tables/S09__cao2020_wgbs_candidate_region_summary.tsv	3541	16d478236f90ec50f4ededba68e593a809eb7100fedf727400562ed38c3c1ee9
results/processed_tables/S10__pr001876_targeted_ms_analysis_inventory.tsv	1816	ea645f98fe942444e536f87d6db217268396df610b010a15c1a5d7a0cf905bd1
results/processed_tables/S10__pr001876_targeted_ms_candidate_metabolites.tsv	183340	81d45aca11cdde82aebf868fb356b16a77232ae69809a5acd527a7ffc4442d21
results/processed_tables/S10__pr001876_targeted_ms_differential.tsv	428352	91233c0d276bc8d797805f1101e4f957df06b4a590a028b4fc7a2836d8bde561
results/processed_tables/S10__pr001876_targeted_ms_feature_qc.tsv	162954	3907a1f979f41134ba5442c746252f814cb9a1c367d5ba1c2e08e31febf27253
results/processed_tables/S10__pr001876_targeted_ms_paired_sensitivity.tsv	106570	cb12b12c6129d97ec52a2c0c431487845cf71cf2a42d4d1aeaff492bad173905
results/processed_tables/S10__pr001876_targeted_ms_run_order_sensitivity.tsv	93021	5578cd8e962f080d025542669744b16c20c8158406bffbeb21d03980826b92f8
results/processed_tables/S10__pr001876_targeted_ms_sample_qc.tsv	31321	f8a2fcf1aa59d3c5cc08741722eb81d994c3c16db69871731b31fe880254c9c3
results/processed_tables/S10__pr001876_targeted_ms_scale_sensitivity.tsv	570957	1834fde301e68e098d58d33ba530861ed5f1687977a4366419988102476d3247
results/processed_tables/S11__prjna766558_dada2_alpha_diversity.tsv	5849	d7c917dd34ec3ae23f87d946fc835bdd2f94bae3de46ae758798088a50b26875
results/processed_tables/S11__prjna766558_dada2_alpha_paired_tests.tsv	1773	1c3c497887c63f6ff148586f2c0aacf81ded407287a3b9c09eb74146a0d1f40d
results/processed_tables/S11__prjna766558_dada2_ancombc2_sensitivity.tsv	32662	2cf961fc3253085cd5a251aa3abe28fe5d3baa0164574a0091b396b328651c90
results/processed_tables/S11__prjna766558_dada2_asv_counts.tsv	3246074	46309ddf3fa12d6f992ecb143de6d63174ec122e5c2e8ecd9e81bc14d5005a2b
results/processed_tables/S11__prjna766558_dada2_asv_length_qc.tsv	19230	cdd93e86c89ec5cb58b5b64213d8e3d9ee30eb8e6adfe49abbf70437b847037e
results/processed_tables/S11__prjna766558_dada2_beta_tests.tsv	737	7a7df8e0b63f0ec423fe9b933fd592aee8a1b9fd5bd2ba097bca28f7678cd401
results/processed_tables/S11__prjna766558_dada2_genus_paired_differential.tsv	72399	80f080cb9d66bf81bd1130126db0005fb43e79443d9334a08f2b77f7364fd823
results/processed_tables/S11__prjna766558_dada2_pipeline_sensitivity.tsv	546	0dc9d34a84b3f26c3304c25683f50e1fe67bab37c366cd0f8b03f521873b530b
results/processed_tables/S11__prjna766558_dada2_sample_qc.tsv	18847	51100515d9a61d6eb86dce2b9794728c08ffb613bfe9db790c254f4f014d9526
results/processed_tables/S11__prjna766558_dada2_taxonomy.tsv	3321993	b6383422e5d4f7d40121d73ff792d506604d831b22a592759e798a37d0c834d4
results/processed_tables/S12__escc_multiomics_evidence_ledger.tsv	615908	32439c893fd84cfd8274578384ea985260aacb4eb0eb3aa2e1dab6100186c0c6
results/processed_tables/S12__escc_multiomics_heterogeneity_axes.tsv	11152	8c226848f89181e7168b7c0555e1228c345d6ed85a4c6166f4c423bff015a25f
results/processed_tables/S12__escc_multiomics_integrated_axis_edges.tsv	125562	d58aac965ecfb02a07025dfd90a516902233d5744a68303ee2db75a565c70184
results/processed_tables/S12__escc_multiomics_integrated_axis_summary.tsv	12348	bc5cfef9e2a6bdf897d8338e135a099dfb64dd3bc2af915928e012d703c34d46
results/processed_tables/S12__escc_multiomics_integrated_driver_candidates.tsv	643497	966d27177ee0bbddeda815f821f3f222e0f94244925e1e77aff54ce9bad3cc48
results/processed_tables/S12__escc_multiomics_integration_tier_definitions.tsv	1286	8429ed29b67fab1db81974122bd5a756e92eec8a4e557dcedd8fcd5c1df261c5
results/processed_tables/S13__escc_external_state_ecms_increment.tsv	4551	37e09375580a2696a6709df705203c8339f03f1589bfa6b90d326612be697b65
results/processed_tables/S13__escc_external_state_internal_cv.tsv	7946	4172e41b0da8c56eac76a1d5678886e85d1b0254cbcd164bcb507e7ce9ff1919
results/processed_tables/S13__escc_external_state_oof_predictions.tsv	375729	59c63214080c9b20f97592bf2981363cb2052082e0bec375abf6f4a2201b9694
results/processed_tables/S13__escc_external_state_patient_scores.tsv	103814	321af2ad558c8c16fe7d8d2a26bf92a3d7c1db84812c4ef62a50fe654be75204
results/processed_tables/S13__escc_external_state_proxy_definition.tsv	265637	05a53a87b0cce537413cc8f48914afb5752d031fb78ed708204328cfd6b9deba
results/processed_tables/S13__escc_external_state_response_associations.tsv	1909	5cdabc36c395802720e8aca4696be568714711475e0ab3c0a41db67387a67696
results/processed_tables/S13__escc_external_state_survival_associations.tsv	9943	9aef73bf2ba095d8cd7c98a8ac266e28baf981fc6083dc1a9341f3d421c63992
results/result_index.tsv	17284	a648fcd919a7cfb99b2993447199b60d311d848a5c9ccf7cdcd1e42a0833798e
scripts/01_validate_local_data_inventory.R	7408	8b514083093f67a14b8b21e68b05546467de6d5155ed49cbccc97d7d1e93ef1f
scripts/02_build_tcga_escc_sample_whitelist.R	9763	ec9453c62d74f1bda6567f61369f7dbb340ac91fdd1a8a731971b1183a404df3
scripts/03_stage_gdc_tcga_esca_clinical_dr45.R	12080	6af683a8548be59211bf9a37a460560cb13fca2b6c0c7ed26315860ef20c42b7
scripts/04_download_cao2020_author_processed.sh	4414	bad3d0f6d82cdf6e97101a127394f2d13afa7a614228d550bbaceaeb53a76f0f
scripts/05_download_pr001876_metabolomics.sh	6715	5df1bc3981dda2eb0964f68fa94f3085166eec447b61476dfd4170194c161b21
scripts/06_ingest_cao2020_geo.R	21072	a76672f7c224c21fb9428fdb9a01de7f9013b3973dfd6c8b1e9c96e058588a77
scripts/07_ingest_pr001876_metabolomics.R	23567	91965535d2c09279bfb13d554f39e4300019949db2452331ea25e6d22bddbc87
scripts/08_download_ingest_prjna766558_sra.R	16963	67ac538f308cea1d42efcc98719295b95bead6b4ea2b3a96207d31c9a5773828
scripts/09_ingest_cao2020_proteomics_supplement.py	31287	45146f54c90703a19ae0a627fac52d77665bc423c821f18dcb6b4606859eb9d1
scripts/10_ingest_hra000651_controlled_metadata.R	18557	f794627cced53f71bf086dee646d2f117807ea3104e6ae4433b67124b0bf6b7a
scripts/11_download_ingest_tcga_escc_open_multiomics.R	46411	d1b86d2e4b7d6747573dbd60554e3bd3469f38df17e5692e9bfc66bf112ca0b5
scripts/12_build_tcga_escc_multiassay.R	45360	6d546225a218b034e2da959b41154c873be89dac51c76da7d568d6c01fe38ccb
scripts/13_analyze_tcga_escc_driver_core.R	28421	5c4168d2d624972741da9c476cd4c66dd91fabd82a7ed6972074bd5cbf20a18a
scripts/14_analyze_tcga_escc_heterogeneity.R	28987	21d87ca78f3c951de74fcd52358b27e985ea45ca8b06ade7f004d56b6e3febc4
scripts/15_analyze_cao2020_cross_layer_axes.R	41739	0d8eff116282847445f31572e2055b04acdee84601c2b937b00c548f2a309f48
scripts/16_analyze_pr001876_metabolomics.R	53300	f0abc6130de412b97393839d9ef91dd89f73f78db715ee6d68858649e13338da
scripts/17_convert_prjna766558_sra_to_fastq.R	17695	6068ff26ead1be1211e1ff77cc3fb70f802d937a57a09b3c03137f8f07aaab06
scripts/18_analyze_prjna766558_dada2.R	85422	728994e4fc2222a2fde08f713d2c70f0bdcc7bb953e87b6ad7acbc7f625698c1
scripts/19_analyze_tcga_escc_driver_state_links.R	23740	f6c373489afa77f2e4683adcdddd4b72313f7ca38e821f108f4d71f7425007a0
scripts/20_integrate_escc_multiomics_evidence.R	150033	6669d72ea38474c628e10cc8ce56835538a629fc70d36095bac8cb1efecbe6e8
scripts/21_audit_tcga_escc_driver_state_leakage.R	123449	aab31dbd09a80e4827375889c0c1dadb722b2e48d972d074c5a873794c63b3e1
scripts/22_ingest_ecms_classifier.R	29490	396ffcbb9521285b451a92f18fe7ec34ca56fc807c1d9420d9da803650ae3c4f
scripts/23_project_tcga_escc_ecms.R	49526	829d8671dd4e77353ad987f6cadc09476632d4ff632122d6b1a5964769d0462c
scripts/24_visualize_escc_multiomics.R	206822	bc733875bfe8160378c737155325726004ef44fba51b4387a8dc3abfaa1fdcde
scripts/25_validate_external_continuous_states.R	86178	08a9cd7b64036697b37d75df1cf726a07003b4f29b0e5f9d88327d16768db4e1
scripts/26_visualize_external_validation.R	56538	adb1840267040389c4e5a67800318a7a9f9ce0ced3659cfe4b6c26c7d56518d1
scripts/27_assemble_manuscript_tables.R	59797	4103475fdf657b318ec9ba5829c2c26001fe63ed8891de41467bcb273a1330e7
scripts/28_audit_escc_submission_readiness.R	34206	53a6b63cbd94f330ecd06fc2db7c6902c5e86ed51b992b98f770113c95ff906d
scripts/29_prepare_submission_supplement.R	27711	f6e1a33b72c604f35807db41191d0c1918368c518bc4e72d39d9d46df336375b
