gene1_id	gene1	gene2_id	gene2	both_mutated	gene1_only	gene2_only	neither	odds_ratio	p_value	q_value	interaction_class
ENSG00000141579.7	ZNF750	ENSG00000157423.18	HYDIN	4	7	4	81	11.0079394563451	0.00539579834867501	0.873676636858876	descriptive_only
ENSG00000186472.20	PCLO	ENSG00000155052.14	CNTNAP5	3	5	4	84	11.8878810364398	0.0116185891143525	0.873676636858876	descriptive_only
ENSG00000164796.18	CSMD3	ENSG00000196367.14	TRRAP	4	12	3	77	8.25378375908717	0.0137581602340229	0.873676636858876	descriptive_only
ENSG00000141510.18	TP53	ENSG00000167548.16	KMT2D	12	74	5	5	0.166790091965042	0.0141553992616487	0.873676636858876	descriptive_only
ENSG00000182348.7	ZNF804B	ENSG00000196367.14	TRRAP	3	6	4	83	9.87295979657763	0.0168475557666303	0.873676636858876	descriptive_only
ENSG00000167548.16	KMT2D	ENSG00000169876.14	MUC17	4	13	3	76	7.54005396617348	0.0174735327371775	0.873676636858876	descriptive_only
ENSG00000148400.12	NOTCH1	ENSG00000182348.7	ZNF804B	4	10	5	77	5.98001820350411	0.0239805579607822	0.939868127055795	descriptive_only
ENSG00000141579.7	ZNF750	ENSG00000205038.12	PKHD1L1	3	8	4	81	7.31357960242928	0.0309058323890748	0.939868127055795	descriptive_only
ENSG00000141579.7	ZNF750	ENSG00000196367.14	TRRAP	3	8	4	81	7.31357960242928	0.0309058323890748	0.939868127055795	descriptive_only
ENSG00000039139.9	DNAH5	ENSG00000155052.14	CNTNAP5	3	9	4	80	6.4470268604139	0.0398093344659202	0.939868127055795	descriptive_only
ENSG00000143631.11	FLG	ENSG00000198626.17	RYR2	3	10	4	79	5.75026896115981	0.0499847654108863	0.939868127055795	descriptive_only
ENSG00000143631.11	FLG	ENSG00000060718.22	COL11A1	3	10	4	79	5.75026896115981	0.0499847654108863	0.939868127055795	descriptive_only
ENSG00000148400.12	NOTCH1	ENSG00000155052.14	CNTNAP5	3	11	4	78	5.17696492889572	0.0614307320926828	0.939868127055795	descriptive_only
ENSG00000148400.12	NOTCH1	ENSG00000039139.9	DNAH5	4	10	8	74	3.63163112205081	0.0711398606550226	0.939868127055795	descriptive_only
ENSG00000143631.11	FLG	ENSG00000157423.18	HYDIN	3	10	5	78	4.5672625385988	0.0734682880636509	0.939868127055795	descriptive_only
ENSG00000181143.15	MUC16	ENSG00000196367.14	TRRAP	3	12	4	77	4.69694341222152	0.0741329634102863	0.939868127055795	descriptive_only
ENSG00000181143.15	MUC16	ENSG00000060718.22	COL11A1	3	12	4	77	4.69694341222152	0.0741329634102863	0.939868127055795	descriptive_only
ENSG00000205038.12	PKHD1L1	ENSG00000196367.14	TRRAP	2	5	5	84	6.47236269139169	0.0806409489244192	0.939868127055795	descriptive_only
ENSG00000198626.17	RYR2	ENSG00000151914.20	DST	2	5	5	84	6.47236269139169	0.0806409489244192	0.939868127055795	descriptive_only
ENSG00000198626.17	RYR2	ENSG00000196367.14	TRRAP	2	5	5	84	6.47236269139169	0.0806409489244192	0.939868127055795	descriptive_only
ENSG00000169876.14	MUC17	ENSG00000196367.14	TRRAP	2	5	5	84	6.47236269139169	0.0806409489244192	0.939868127055795	descriptive_only
ENSG00000141579.7	ZNF750	ENSG00000074181.9	NOTCH3	3	8	7	78	4.08701854300118	0.0864247143548314	0.939868127055795	descriptive_only
ENSG00000181143.15	MUC16	ENSG00000121879.6	PIK3CA	4	11	8	73	3.26361214626315	0.0898822582561657	0.939868127055795	descriptive_only
ENSG00000054654.19	SYNE2	ENSG00000205038.12	PKHD1L1	2	6	5	83	5.36312642011986	0.103648402194441	0.939868127055795	descriptive_only
ENSG00000054654.19	SYNE2	ENSG00000198626.17	RYR2	2	6	5	83	5.36312642011986	0.103648402194441	0.939868127055795	descriptive_only
ENSG00000165323.15	FAT3	ENSG00000205038.12	PKHD1L1	2	6	5	83	5.36312642011986	0.103648402194441	0.939868127055795	descriptive_only
ENSG00000157423.18	HYDIN	ENSG00000196367.14	TRRAP	2	6	5	83	5.36312642011986	0.103648402194441	0.939868127055795	descriptive_only
ENSG00000155657.28	TTN	ENSG00000165323.15	FAT3	5	26	3	62	3.91009919582027	0.10693258627553	0.939868127055795	descriptive_only
ENSG00000155657.28	TTN	ENSG00000157423.18	HYDIN	5	26	3	62	3.91009919582027	0.10693258627553	0.939868127055795	descriptive_only
ENSG00000181143.15	MUC16	ENSG00000054654.19	SYNE2	3	12	5	76	3.72656033635004	0.107101676155976	0.939868127055795	descriptive_only
ENSG00000181143.15	MUC16	ENSG00000165323.15	FAT3	3	12	5	76	3.72656033635004	0.107101676155976	0.939868127055795	descriptive_only
ENSG00000141510.18	TP53	ENSG00000121879.6	PIK3CA	9	77	3	7	0.278010199245127	0.108509531896616	0.939868127055795	descriptive_only
ENSG00000155657.28	TTN	ENSG00000143631.11	FLG	7	24	6	59	2.83303275461888	0.108865266424686	0.939868127055795	descriptive_only
ENSG00000181143.15	MUC16	ENSG00000143631.11	FLG	4	11	9	72	2.86791843915775	0.117028984940361	0.939868127055795	descriptive_only
ENSG00000116044.16	NFE2L2	ENSG00000054654.19	SYNE2	3	13	5	75	3.40122680623163	0.126137742014836	0.939868127055795	descriptive_only
ENSG00000116044.16	NFE2L2	ENSG00000157423.18	HYDIN	3	13	5	75	3.40122680623163	0.126137742014836	0.939868127055795	descriptive_only
ENSG00000154358.22	OBSCN	ENSG00000196367.14	TRRAP	2	7	5	82	4.56365846581704	0.128448644030959	0.939868127055795	descriptive_only
ENSG00000154358.22	OBSCN	ENSG00000060718.22	COL11A1	2	7	5	82	4.56365846581704	0.128448644030959	0.939868127055795	descriptive_only
ENSG00000182348.7	ZNF804B	ENSG00000205038.12	PKHD1L1	2	7	5	82	4.56365846581704	0.128448644030959	0.939868127055795	descriptive_only
ENSG00000182348.7	ZNF804B	ENSG00000151914.20	DST	2	7	5	82	4.56365846581704	0.128448644030959	0.939868127055795	descriptive_only
ENSG00000182348.7	ZNF804B	ENSG00000169876.14	MUC17	2	7	5	82	4.56365846581704	0.128448644030959	0.939868127055795	descriptive_only
ENSG00000054654.19	SYNE2	ENSG00000157423.18	HYDIN	2	6	6	82	4.43974201401408	0.132256920867278	0.944692291909128	descriptive_only
ENSG00000155657.28	TTN	ENSG00000154358.22	OBSCN	5	26	4	61	2.89612340856396	0.14281551164453	0.967104322723926	descriptive_only
ENSG00000181143.15	MUC16	ENSG00000154358.22	OBSCN	3	12	6	75	3.07582040373736	0.145065648408589	0.967104322723926	descriptive_only
ENSG00000181143.15	MUC16	ENSG00000182348.7	ZNF804B	3	12	6	75	3.07582040373736	0.145065648408589	0.967104322723926	descriptive_only
ENSG00000167548.16	KMT2D	ENSG00000116044.16	NFE2L2	5	12	11	68	2.54516375590608	0.151045772516834	0.985081125109785	descriptive_only
ENSG00000141510.18	TP53	ENSG00000169876.14	MUC17	5	81	2	8	0.25253243554845	0.154745452185197	0.987736928841683	descriptive_only
ENSG00000141510.18	TP53	ENSG00000148400.12	NOTCH1	11	75	3	7	0.34730755365301	0.159091746531476	0.994323415821722	descriptive_only
ENSG00000143631.11	FLG	ENSG00000141579.7	ZNF750	3	10	8	75	2.77305797060371	0.16768913890248	1	descriptive_only
ENSG00000074181.9	NOTCH3	ENSG00000157423.18	HYDIN	2	8	6	80	3.27324381458359	0.194633869048368	1	descriptive_only
ENSG00000181143.15	MUC16	ENSG00000141579.7	ZNF750	0	15	11	70	0	0.203934397371479	1	descriptive_only
ENSG00000141510.18	TP53	ENSG00000164796.18	CSMD3	16	70	0	10	Inf	0.204970845185938	1	descriptive_only
ENSG00000141510.18	TP53	ENSG00000116044.16	NFE2L2	16	70	0	10	Inf	0.204970845185938	1	descriptive_only
ENSG00000143631.11	FLG	ENSG00000121879.6	PIK3CA	3	10	9	74	2.43752043759236	0.205311627609236	1	descriptive_only
ENSG00000116044.16	NFE2L2	ENSG00000039139.9	DNAH5	0	16	12	68	0	0.207442138987862	1	descriptive_only
ENSG00000155657.28	TTN	ENSG00000155052.14	CNTNAP5	4	27	3	62	3.02202104864824	0.207605044062515	1	descriptive_only
ENSG00000039139.9	DNAH5	ENSG00000169876.14	MUC17	2	10	5	79	3.10716182271279	0.210756574341352	1	descriptive_only
ENSG00000039139.9	DNAH5	ENSG00000060718.22	COL11A1	2	10	5	79	3.10716182271279	0.210756574341352	1	descriptive_only
ENSG00000121879.6	PIK3CA	ENSG00000060718.22	COL11A1	2	10	5	79	3.10716182271279	0.210756574341352	1	descriptive_only
ENSG00000167548.16	KMT2D	ENSG00000121879.6	PIK3CA	4	13	8	71	2.69507713550447	0.21636322413457	1	descriptive_only
ENSG00000181143.15	MUC16	ENSG00000148400.12	NOTCH1	4	11	10	71	2.55023840021966	0.223836453362178	1	descriptive_only
ENSG00000141579.7	ZNF750	ENSG00000165323.15	FAT3	2	9	6	79	2.8810288029552	0.227616539322824	1	descriptive_only
ENSG00000155657.28	TTN	ENSG00000181143.15	MUC16	7	24	8	57	2.06105322569822	0.233871461441259	1	descriptive_only
ENSG00000074181.9	NOTCH3	ENSG00000154358.22	OBSCN	2	8	7	79	2.77994928540262	0.236076380075038	1	descriptive_only
ENSG00000143631.11	FLG	ENSG00000205038.12	PKHD1L1	2	11	5	78	2.79501680338144	0.239987812328709	1	descriptive_only
ENSG00000143631.11	FLG	ENSG00000155052.14	CNTNAP5	2	11	5	78	2.79501680338144	0.239987812328709	1	descriptive_only
ENSG00000143631.11	FLG	ENSG00000196367.14	TRRAP	2	11	5	78	2.79501680338144	0.239987812328709	1	descriptive_only
ENSG00000039139.9	DNAH5	ENSG00000186472.20	PCLO	2	10	6	78	2.56592543440496	0.261336469285768	1	descriptive_only
ENSG00000039139.9	DNAH5	ENSG00000165323.15	FAT3	2	10	6	78	2.56592543440496	0.261336469285768	1	descriptive_only
ENSG00000167548.16	KMT2D	ENSG00000148400.12	NOTCH1	4	13	10	69	2.10357663120095	0.264659180028325	1	descriptive_only
ENSG00000155657.28	TTN	ENSG00000054654.19	SYNE2	4	27	4	61	2.23831037242889	0.267587943134765	1	descriptive_only
ENSG00000164796.18	CSMD3	ENSG00000181143.15	MUC16	4	12	11	69	2.07213914817271	0.268549137420635	1	descriptive_only
ENSG00000148400.12	NOTCH1	ENSG00000169876.14	MUC17	2	12	5	77	2.53394534715465	0.26974732570138	1	descriptive_only
ENSG00000148400.12	NOTCH1	ENSG00000196367.14	TRRAP	2	12	5	77	2.53394534715465	0.26974732570138	1	descriptive_only
ENSG00000141510.18	TP53	ENSG00000074181.9	NOTCH3	8	78	2	8	0.415227783636435	0.278412048666939	1	descriptive_only
ENSG00000164796.18	CSMD3	ENSG00000116044.16	NFE2L2	1	15	15	65	0.291671882159167	0.294674203388337	1	descriptive_only
ENSG00000143631.11	FLG	ENSG00000186472.20	PCLO	2	11	6	77	2.30720377917789	0.295494320417062	1	descriptive_only
ENSG00000181143.15	MUC16	ENSG00000205038.12	PKHD1L1	2	13	5	76	2.31249085912399	0.299841842976933	1	descriptive_only
ENSG00000181143.15	MUC16	ENSG00000198626.17	RYR2	2	13	5	76	2.31249085912399	0.299841842976933	1	descriptive_only
ENSG00000039139.9	DNAH5	ENSG00000182348.7	ZNF804B	2	10	7	77	2.17738718319711	0.312573245982709	1	descriptive_only
ENSG00000148400.12	NOTCH1	ENSG00000186472.20	PCLO	2	12	6	76	2.09095705240321	0.329823646704638	1	descriptive_only
ENSG00000164796.18	CSMD3	ENSG00000198626.17	RYR2	2	14	5	75	2.12212891571278	0.330095590502621	1	descriptive_only
ENSG00000164796.18	CSMD3	ENSG00000155052.14	CNTNAP5	2	14	5	75	2.12212891571278	0.330095590502621	1	descriptive_only
ENSG00000164796.18	CSMD3	ENSG00000169876.14	MUC17	2	14	5	75	2.12212891571278	0.330095590502621	1	descriptive_only
ENSG00000164796.18	CSMD3	ENSG00000060718.22	COL11A1	2	14	5	75	2.12212891571278	0.330095590502621	1	descriptive_only
ENSG00000116044.16	NFE2L2	ENSG00000198626.17	RYR2	2	14	5	75	2.12212891571278	0.330095590502621	1	descriptive_only
ENSG00000167548.16	KMT2D	ENSG00000205038.12	PKHD1L1	0	17	7	72	0	0.346392996163781	1	descriptive_only
ENSG00000167548.16	KMT2D	ENSG00000151914.20	DST	0	17	7	72	0	0.346392996163781	1	descriptive_only
ENSG00000116044.16	NFE2L2	ENSG00000182348.7	ZNF804B	0	16	9	71	0	0.348261965968578	1	descriptive_only
ENSG00000039139.9	DNAH5	ENSG00000141579.7	ZNF750	0	12	11	73	0	0.348788922748516	1	descriptive_only
ENSG00000121879.6	PIK3CA	ENSG00000141579.7	ZNF750	0	12	11	73	0	0.348788922748516	1	descriptive_only
ENSG00000143631.11	FLG	ENSG00000154358.22	OBSCN	2	11	7	76	1.95716997050697	0.351000828505414	1	descriptive_only
ENSG00000039139.9	DNAH5	ENSG00000121879.6	PIK3CA	0	12	12	72	0	0.351467701346836	1	descriptive_only
ENSG00000121879.6	PIK3CA	ENSG00000074181.9	NOTCH3	0	12	10	74	0	0.353282926318066	1	descriptive_only
ENSG00000148400.12	NOTCH1	ENSG00000141579.7	ZNF750	0	14	11	71	0	0.35799278644461	1	descriptive_only
ENSG00000155657.28	TTN	ENSG00000164796.18	CSMD3	7	24	9	56	1.80288654677313	0.379961809018698	1	descriptive_only
ENSG00000164796.18	CSMD3	ENSG00000141579.7	ZNF750	3	13	8	72	2.0581383630737	0.385726034140879	1	descriptive_only
ENSG00000164796.18	CSMD3	ENSG00000039139.9	DNAH5	3	13	9	71	1.80735359365937	0.415335020261698	1	descriptive_only
ENSG00000205038.12	PKHD1L1	ENSG00000198626.17	RYR2	1	6	6	83	2.2785614675533	0.421918172429748	1	descriptive_only
ENSG00000205038.12	PKHD1L1	ENSG00000060718.22	COL11A1	1	6	6	83	2.2785614675533	0.421918172429748	1	descriptive_only
ENSG00000198626.17	RYR2	ENSG00000155052.14	CNTNAP5	1	6	6	83	2.2785614675533	0.421918172429748	1	descriptive_only
ENSG00000155052.14	CNTNAP5	ENSG00000169876.14	MUC17	1	6	6	83	2.2785614675533	0.421918172429748	1	descriptive_only
ENSG00000155052.14	CNTNAP5	ENSG00000196367.14	TRRAP	1	6	6	83	2.2785614675533	0.421918172429748	1	descriptive_only
ENSG00000155052.14	CNTNAP5	ENSG00000060718.22	COL11A1	1	6	6	83	2.2785614675533	0.421918172429748	1	descriptive_only
ENSG00000169876.14	MUC17	ENSG00000060718.22	COL11A1	1	6	6	83	2.2785614675533	0.421918172429748	1	descriptive_only
ENSG00000196367.14	TRRAP	ENSG00000060718.22	COL11A1	1	6	6	83	2.2785614675533	0.421918172429748	1	descriptive_only
ENSG00000155657.28	TTN	ENSG00000186472.20	PCLO	1	30	7	58	0.279084569680738	0.430346177993706	1	descriptive_only
ENSG00000167548.16	KMT2D	ENSG00000039139.9	DNAH5	3	14	9	70	1.65670367669078	0.440404927435928	1	descriptive_only
ENSG00000164796.18	CSMD3	ENSG00000143631.11	FLG	3	13	10	70	1.60637346652957	0.449680094208074	1	descriptive_only
ENSG00000116044.16	NFE2L2	ENSG00000148400.12	NOTCH1	1	15	13	67	0.346527881578559	0.452682521518601	1	descriptive_only
ENSG00000186472.20	PCLO	ENSG00000198626.17	RYR2	1	7	6	82	1.93528637508659	0.467385282463364	1	descriptive_only
ENSG00000186472.20	PCLO	ENSG00000151914.20	DST	1	7	6	82	1.93528637508659	0.467385282463364	1	descriptive_only
ENSG00000054654.19	SYNE2	ENSG00000151914.20	DST	1	7	6	82	1.93528637508659	0.467385282463364	1	descriptive_only
ENSG00000054654.19	SYNE2	ENSG00000196367.14	TRRAP	1	7	6	82	1.93528637508659	0.467385282463364	1	descriptive_only
ENSG00000165323.15	FAT3	ENSG00000198626.17	RYR2	1	7	6	82	1.93528637508659	0.467385282463364	1	descriptive_only
ENSG00000165323.15	FAT3	ENSG00000196367.14	TRRAP	1	7	6	82	1.93528637508659	0.467385282463364	1	descriptive_only
ENSG00000165323.15	FAT3	ENSG00000060718.22	COL11A1	1	7	6	82	1.93528637508659	0.467385282463364	1	descriptive_only
ENSG00000157423.18	HYDIN	ENSG00000205038.12	PKHD1L1	1	7	6	82	1.93528637508659	0.467385282463364	1	descriptive_only
ENSG00000157423.18	HYDIN	ENSG00000198626.17	RYR2	1	7	6	82	1.93528637508659	0.467385282463364	1	descriptive_only
ENSG00000167548.16	KMT2D	ENSG00000164796.18	CSMD3	4	13	12	67	1.70710071810582	0.473486299183133	1	descriptive_only
ENSG00000154358.22	OBSCN	ENSG00000155052.14	CNTNAP5	1	8	6	81	1.67652699250981	0.509752362267414	1	descriptive_only
ENSG00000154358.22	OBSCN	ENSG00000151914.20	DST	1	8	6	81	1.67652699250981	0.509752362267414	1	descriptive_only
ENSG00000154358.22	OBSCN	ENSG00000169876.14	MUC17	1	8	6	81	1.67652699250981	0.509752362267414	1	descriptive_only
ENSG00000182348.7	ZNF804B	ENSG00000198626.17	RYR2	1	8	6	81	1.67652699250981	0.509752362267414	1	descriptive_only
ENSG00000182348.7	ZNF804B	ENSG00000155052.14	CNTNAP5	1	8	6	81	1.67652699250981	0.509752362267414	1	descriptive_only
ENSG00000182348.7	ZNF804B	ENSG00000060718.22	COL11A1	1	8	6	81	1.67652699250981	0.509752362267414	1	descriptive_only
ENSG00000186472.20	PCLO	ENSG00000054654.19	SYNE2	1	7	7	81	1.64280194663558	0.515260762691376	1	descriptive_only
ENSG00000054654.19	SYNE2	ENSG00000165323.15	FAT3	1	7	7	81	1.64280194663558	0.515260762691376	1	descriptive_only
ENSG00000141510.18	TP53	ENSG00000205038.12	PKHD1L1	6	80	1	9	0.678162542517878	0.549197574498772	1	descriptive_only
ENSG00000141510.18	TP53	ENSG00000060718.22	COL11A1	6	80	1	9	0.678162542517878	0.549197574498772	1	descriptive_only
ENSG00000074181.9	NOTCH3	ENSG00000169876.14	MUC17	1	9	6	80	1.47457274223257	0.549197574498772	1	descriptive_only
ENSG00000074181.9	NOTCH3	ENSG00000196367.14	TRRAP	1	9	6	80	1.47457274223257	0.549197574498772	1	descriptive_only
ENSG00000074181.9	NOTCH3	ENSG00000060718.22	COL11A1	1	9	6	80	1.47457274223257	0.549197574498772	1	descriptive_only
ENSG00000154358.22	OBSCN	ENSG00000186472.20	PCLO	1	8	7	80	1.42259482742098	0.559327966083069	1	descriptive_only
ENSG00000154358.22	OBSCN	ENSG00000157423.18	HYDIN	1	8	7	80	1.42259482742098	0.559327966083069	1	descriptive_only
ENSG00000182348.7	ZNF804B	ENSG00000054654.19	SYNE2	1	8	7	80	1.42259482742098	0.559327966083069	1	descriptive_only
ENSG00000182348.7	ZNF804B	ENSG00000165323.15	FAT3	1	8	7	80	1.42259482742098	0.559327966083069	1	descriptive_only
ENSG00000182348.7	ZNF804B	ENSG00000157423.18	HYDIN	1	8	7	80	1.42259482742098	0.559327966083069	1	descriptive_only
ENSG00000141579.7	ZNF750	ENSG00000198626.17	RYR2	1	10	6	79	1.31254210591217	0.585890795179104	1	descriptive_only
ENSG00000141579.7	ZNF750	ENSG00000151914.20	DST	1	10	6	79	1.31254210591217	0.585890795179104	1	descriptive_only
ENSG00000143631.11	FLG	ENSG00000151914.20	DST	0	13	7	76	0	0.588326731678051	1	descriptive_only
ENSG00000143631.11	FLG	ENSG00000169876.14	MUC17	0	13	7	76	0	0.588326731678051	1	descriptive_only
ENSG00000148400.12	NOTCH1	ENSG00000205038.12	PKHD1L1	0	14	7	75	0	0.588708263900777	1	descriptive_only
ENSG00000039139.9	DNAH5	ENSG00000054654.19	SYNE2	0	12	8	76	0	0.590105786424472	1	descriptive_only
ENSG00000039139.9	DNAH5	ENSG00000157423.18	HYDIN	0	12	8	76	0	0.590105786424472	1	descriptive_only
ENSG00000121879.6	PIK3CA	ENSG00000186472.20	PCLO	0	12	8	76	0	0.590105786424472	1	descriptive_only
ENSG00000121879.6	PIK3CA	ENSG00000165323.15	FAT3	0	12	8	76	0	0.590105786424472	1	descriptive_only
ENSG00000121879.6	PIK3CA	ENSG00000157423.18	HYDIN	0	12	8	76	0	0.590105786424472	1	descriptive_only
ENSG00000141579.7	ZNF750	ENSG00000186472.20	PCLO	0	11	8	77	0	0.590543707592822	1	descriptive_only
ENSG00000141510.18	TP53	ENSG00000154358.22	OBSCN	9	77	0	10	Inf	0.590755203611628	1	descriptive_only
ENSG00000141510.18	TP53	ENSG00000182348.7	ZNF804B	9	77	0	10	Inf	0.590755203611628	1	descriptive_only
ENSG00000074181.9	NOTCH3	ENSG00000182348.7	ZNF804B	0	10	9	77	0	0.590755203611628	1	descriptive_only
ENSG00000121879.6	PIK3CA	ENSG00000205038.12	PKHD1L1	0	12	7	77	0	0.590762668176997	1	descriptive_only
ENSG00000121879.6	PIK3CA	ENSG00000198626.17	RYR2	0	12	7	77	0	0.590762668176997	1	descriptive_only
ENSG00000143631.11	FLG	ENSG00000054654.19	SYNE2	0	13	8	75	0	0.592952274018747	1	descriptive_only
ENSG00000141510.18	TP53	ENSG00000186472.20	PCLO	8	78	0	10	Inf	0.594784336628109	1	descriptive_only
ENSG00000141510.18	TP53	ENSG00000165323.15	FAT3	8	78	0	10	Inf	0.594784336628109	1	descriptive_only
ENSG00000141510.18	TP53	ENSG00000157423.18	HYDIN	8	78	0	10	Inf	0.594784336628109	1	descriptive_only
ENSG00000074181.9	NOTCH3	ENSG00000186472.20	PCLO	0	10	8	78	0	0.59478433662811	1	descriptive_only
ENSG00000121879.6	PIK3CA	ENSG00000154358.22	OBSCN	0	12	9	75	0	0.59651038351159	1	descriptive_only
ENSG00000116044.16	NFE2L2	ENSG00000205038.12	PKHD1L1	0	16	7	73	0	0.596616699657492	1	descriptive_only
ENSG00000116044.16	NFE2L2	ENSG00000155052.14	CNTNAP5	0	16	7	73	0	0.596616699657492	1	descriptive_only
ENSG00000116044.16	NFE2L2	ENSG00000151914.20	DST	0	16	7	73	0	0.596616699657492	1	descriptive_only
ENSG00000116044.16	NFE2L2	ENSG00000196367.14	TRRAP	0	16	7	73	0	0.596616699657492	1	descriptive_only
ENSG00000116044.16	NFE2L2	ENSG00000060718.22	COL11A1	0	16	7	73	0	0.596616699657492	1	descriptive_only
ENSG00000141510.18	TP53	ENSG00000141579.7	ZNF750	11	75	0	10	Inf	0.598485747747272	1	descriptive_only
ENSG00000148400.12	NOTCH1	ENSG00000157423.18	HYDIN	0	14	8	74	0	0.59861095417604	1	descriptive_only
ENSG00000167548.16	KMT2D	ENSG00000155052.14	CNTNAP5	2	15	5	74	1.95680893937666	0.603549850132129	1	descriptive_only
ENSG00000167548.16	KMT2D	ENSG00000060718.22	COL11A1	2	15	5	74	1.95680893937666	0.603549850132129	1	descriptive_only
ENSG00000143631.11	FLG	ENSG00000182348.7	ZNF804B	0	13	9	74	0	0.604516129870487	1	descriptive_only
ENSG00000141510.18	TP53	ENSG00000039139.9	DNAH5	10	76	2	8	0.530544343827526	0.608362568925681	1	descriptive_only
ENSG00000039139.9	DNAH5	ENSG00000074181.9	NOTCH3	2	10	8	76	1.88485658481563	0.608362568925682	1	descriptive_only
ENSG00000164796.18	CSMD3	ENSG00000165323.15	FAT3	2	14	6	74	1.74985948283138	0.616688741889624	1	descriptive_only
ENSG00000164796.18	CSMD3	ENSG00000157423.18	HYDIN	2	14	6	74	1.74985948283138	0.616688741889624	1	descriptive_only
ENSG00000143631.11	FLG	ENSG00000074181.9	NOTCH3	2	11	8	75	1.69358373125478	0.621184032442995	1	descriptive_only
ENSG00000164796.18	CSMD3	ENSG00000154358.22	OBSCN	2	14	7	73	1.48293759960995	0.642279124178242	1	descriptive_only
ENSG00000167548.16	KMT2D	ENSG00000182348.7	ZNF804B	2	15	7	72	1.36654264631087	0.657929412495444	1	descriptive_only
ENSG00000143631.11	FLG	ENSG00000039139.9	DNAH5	2	11	10	73	1.32305283304637	0.664071596704305	1	descriptive_only
ENSG00000155657.28	TTN	ENSG00000198626.17	RYR2	3	28	4	61	1.62506716233361	0.677759384585423	1	descriptive_only
ENSG00000155657.28	TTN	ENSG00000060718.22	COL11A1	3	28	4	61	1.62506716233361	0.677759384585423	1	descriptive_only
ENSG00000167548.16	KMT2D	ENSG00000141579.7	ZNF750	1	16	10	69	0.43425047108048	0.682607586989743	1	descriptive_only
ENSG00000116044.16	NFE2L2	ENSG00000121879.6	PIK3CA	1	15	11	69	0.421170220631049	0.683705830633378	1	descriptive_only
ENSG00000181143.15	MUC16	ENSG00000039139.9	DNAH5	1	14	11	70	0.457588395703606	0.684262686565361	1	descriptive_only
ENSG00000148400.12	NOTCH1	ENSG00000143631.11	FLG	1	13	12	70	0.45175932802951	0.684308247505251	1	descriptive_only
ENSG00000116044.16	NFE2L2	ENSG00000141579.7	ZNF750	1	15	10	70	0.469710115310976	0.684448305209356	1	descriptive_only
ENSG00000167548.16	KMT2D	ENSG00000074181.9	NOTCH3	1	16	9	70	0.489147730335353	0.685452333329144	1	descriptive_only
ENSG00000116044.16	NFE2L2	ENSG00000143631.11	FLG	1	15	12	68	0.380778812421227	0.688498166532872	1	descriptive_only
ENSG00000116044.16	NFE2L2	ENSG00000181143.15	MUC16	3	13	12	68	1.30381500926573	0.710917792603971	1	descriptive_only
ENSG00000155657.28	TTN	ENSG00000182348.7	ZNF804B	2	29	7	58	0.574472931791919	0.713637042481428	1	descriptive_only
ENSG00000167548.16	KMT2D	ENSG00000181143.15	MUC16	3	14	12	67	1.19413080206974	0.725612804813269	1	descriptive_only
ENSG00000155657.28	TTN	ENSG00000141579.7	ZNF750	4	27	7	58	1.22479756909425	0.742733168010032	1	descriptive_only
ENSG00000155657.28	TTN	ENSG00000121879.6	PIK3CA	3	28	9	56	0.66932628923239	0.745759836621678	1	descriptive_only
ENSG00000155657.28	TTN	ENSG00000116044.16	NFE2L2	6	25	10	55	1.3160152345288	0.770356225562481	1	descriptive_only
ENSG00000155657.28	TTN	ENSG00000148400.12	NOTCH1	4	27	10	55	0.816529114407083	1	1	descriptive_only
ENSG00000155657.28	TTN	ENSG00000074181.9	NOTCH3	3	28	7	58	0.888823653258181	1	1	descriptive_only
ENSG00000167548.16	KMT2D	ENSG00000143631.11	FLG	2	15	11	68	0.825832429104663	1	1	descriptive_only
ENSG00000167548.16	KMT2D	ENSG00000186472.20	PCLO	1	16	7	72	0.645486004497005	1	1	descriptive_only
ENSG00000167548.16	KMT2D	ENSG00000054654.19	SYNE2	1	16	7	72	0.645486004497005	1	1	descriptive_only
ENSG00000167548.16	KMT2D	ENSG00000165323.15	FAT3	1	16	7	72	0.645486004497005	1	1	descriptive_only
ENSG00000167548.16	KMT2D	ENSG00000157423.18	HYDIN	1	16	7	72	0.645486004497005	1	1	descriptive_only
ENSG00000164796.18	CSMD3	ENSG00000121879.6	PIK3CA	2	14	10	70	1	1	1	descriptive_only
ENSG00000164796.18	CSMD3	ENSG00000205038.12	PKHD1L1	1	15	6	74	0.823808520523235	1	1	descriptive_only
ENSG00000164796.18	CSMD3	ENSG00000151914.20	DST	1	15	6	74	0.823808520523235	1	1	descriptive_only
ENSG00000116044.16	NFE2L2	ENSG00000169876.14	MUC17	1	15	6	74	0.823808520523235	1	1	descriptive_only
ENSG00000181143.15	MUC16	ENSG00000074181.9	NOTCH3	1	14	9	72	0.574288829645486	1	1	descriptive_only
ENSG00000148400.12	NOTCH1	ENSG00000154358.22	OBSCN	1	13	8	74	0.713826230718137	1	1	descriptive_only
ENSG00000141579.7	ZNF750	ENSG00000154358.22	OBSCN	1	10	8	77	0.962872013367164	1	1	descriptive_only
ENSG00000141579.7	ZNF750	ENSG00000182348.7	ZNF804B	1	10	8	77	0.962872013367164	1	1	descriptive_only
ENSG00000186472.20	PCLO	ENSG00000165323.15	FAT3	0	8	8	80	0	1	1	descriptive_only
ENSG00000186472.20	PCLO	ENSG00000157423.18	HYDIN	0	8	8	80	0	1	1	descriptive_only
ENSG00000165323.15	FAT3	ENSG00000157423.18	HYDIN	0	8	8	80	0	1	1	descriptive_only
ENSG00000141510.18	TP53	ENSG00000143631.11	FLG	12	74	1	9	1.45432327016324	1	1	descriptive_only
ENSG00000155657.28	TTN	ENSG00000167548.16	KMT2D	5	26	12	53	0.850801900226248	1	1	descriptive_only
ENSG00000155657.28	TTN	ENSG00000039139.9	DNAH5	4	27	8	57	1.05495628860375	1	1	descriptive_only
ENSG00000164796.18	CSMD3	ENSG00000182348.7	ZNF804B	1	15	8	72	0.602780919785285	1	1	descriptive_only
ENSG00000116044.16	NFE2L2	ENSG00000154358.22	OBSCN	1	15	8	72	0.602780919785285	1	1	descriptive_only
ENSG00000148400.12	NOTCH1	ENSG00000121879.6	PIK3CA	1	13	11	71	0.499507693222972	1	1	descriptive_only
ENSG00000148400.12	NOTCH1	ENSG00000074181.9	NOTCH3	1	13	9	73	0.626617763070763	1	1	descriptive_only
ENSG00000143631.11	FLG	ENSG00000165323.15	FAT3	1	12	7	76	0.905690828643492	1	1	descriptive_only
ENSG00000039139.9	DNAH5	ENSG00000154358.22	OBSCN	1	11	8	76	0.864897882907376	1	1	descriptive_only
ENSG00000121879.6	PIK3CA	ENSG00000182348.7	ZNF804B	1	11	8	76	0.864897882907376	1	1	descriptive_only
ENSG00000074181.9	NOTCH3	ENSG00000054654.19	SYNE2	1	9	7	79	1.25078624109148	1	1	descriptive_only
ENSG00000074181.9	NOTCH3	ENSG00000165323.15	FAT3	1	9	7	79	1.25078624109148	1	1	descriptive_only
ENSG00000074181.9	NOTCH3	ENSG00000205038.12	PKHD1L1	0	10	7	79	0	1	1	descriptive_only
ENSG00000074181.9	NOTCH3	ENSG00000198626.17	RYR2	0	10	7	79	0	1	1	descriptive_only
ENSG00000074181.9	NOTCH3	ENSG00000155052.14	CNTNAP5	0	10	7	79	0	1	1	descriptive_only
ENSG00000074181.9	NOTCH3	ENSG00000151914.20	DST	0	10	7	79	0	1	1	descriptive_only
ENSG00000154358.22	OBSCN	ENSG00000182348.7	ZNF804B	1	8	8	79	1.23146267889864	1	1	descriptive_only
ENSG00000141510.18	TP53	ENSG00000155657.28	TTN	28	58	3	7	1.12508256990493	1	1	descriptive_only
ENSG00000141510.18	TP53	ENSG00000181143.15	MUC16	14	72	1	9	1.74128408629733	1	1	descriptive_only
ENSG00000141510.18	TP53	ENSG00000054654.19	SYNE2	7	79	1	9	0.799497122008126	1	1	descriptive_only
ENSG00000141510.18	TP53	ENSG00000198626.17	RYR2	7	79	0	10	Inf	1	1	descriptive_only
ENSG00000141510.18	TP53	ENSG00000155052.14	CNTNAP5	7	79	0	10	Inf	1	1	descriptive_only
ENSG00000141510.18	TP53	ENSG00000151914.20	DST	7	79	0	10	Inf	1	1	descriptive_only
ENSG00000141510.18	TP53	ENSG00000196367.14	TRRAP	7	79	0	10	Inf	1	1	descriptive_only
ENSG00000167548.16	KMT2D	ENSG00000198626.17	RYR2	1	16	6	73	0.762429634700818	1	1	descriptive_only
ENSG00000167548.16	KMT2D	ENSG00000196367.14	TRRAP	1	16	6	73	0.762429634700818	1	1	descriptive_only
ENSG00000164796.18	CSMD3	ENSG00000148400.12	NOTCH1	2	14	12	68	0.811224127343531	1	1	descriptive_only
ENSG00000164796.18	CSMD3	ENSG00000074181.9	NOTCH3	1	15	9	71	0.528896613023285	1	1	descriptive_only
ENSG00000164796.18	CSMD3	ENSG00000186472.20	PCLO	1	15	7	73	0.697618993889583	1	1	descriptive_only
ENSG00000164796.18	CSMD3	ENSG00000054654.19	SYNE2	1	15	7	73	0.697618993889583	1	1	descriptive_only
ENSG00000116044.16	NFE2L2	ENSG00000074181.9	NOTCH3	1	15	9	71	0.528896613023285	1	1	descriptive_only
ENSG00000116044.16	NFE2L2	ENSG00000186472.20	PCLO	1	15	7	73	0.697618993889583	1	1	descriptive_only
ENSG00000116044.16	NFE2L2	ENSG00000165323.15	FAT3	1	15	7	73	0.697618993889583	1	1	descriptive_only
ENSG00000181143.15	MUC16	ENSG00000155052.14	CNTNAP5	1	14	6	75	0.893876900035853	1	1	descriptive_only
ENSG00000181143.15	MUC16	ENSG00000151914.20	DST	1	14	6	75	0.893876900035853	1	1	descriptive_only
ENSG00000181143.15	MUC16	ENSG00000169876.14	MUC17	1	14	6	75	0.893876900035853	1	1	descriptive_only
ENSG00000148400.12	NOTCH1	ENSG00000054654.19	SYNE2	1	13	7	75	0.825744310541974	1	1	descriptive_only
ENSG00000148400.12	NOTCH1	ENSG00000165323.15	FAT3	1	13	7	75	0.825744310541974	1	1	descriptive_only
ENSG00000148400.12	NOTCH1	ENSG00000198626.17	RYR2	1	13	6	76	0.974616679526481	1	1	descriptive_only
ENSG00000148400.12	NOTCH1	ENSG00000151914.20	DST	1	13	6	76	0.974616679526481	1	1	descriptive_only
ENSG00000148400.12	NOTCH1	ENSG00000060718.22	COL11A1	1	13	6	76	0.974616679526481	1	1	descriptive_only
ENSG00000039139.9	DNAH5	ENSG00000205038.12	PKHD1L1	1	11	6	78	1.17962446655045	1	1	descriptive_only
ENSG00000039139.9	DNAH5	ENSG00000198626.17	RYR2	1	11	6	78	1.17962446655045	1	1	descriptive_only
ENSG00000039139.9	DNAH5	ENSG00000151914.20	DST	1	11	6	78	1.17962446655045	1	1	descriptive_only
ENSG00000039139.9	DNAH5	ENSG00000196367.14	TRRAP	1	11	6	78	1.17962446655045	1	1	descriptive_only
ENSG00000121879.6	PIK3CA	ENSG00000054654.19	SYNE2	1	11	7	77	1	1	1	descriptive_only
ENSG00000121879.6	PIK3CA	ENSG00000155052.14	CNTNAP5	1	11	6	78	1.17962446655045	1	1	descriptive_only
ENSG00000121879.6	PIK3CA	ENSG00000151914.20	DST	1	11	6	78	1.17962446655045	1	1	descriptive_only
ENSG00000121879.6	PIK3CA	ENSG00000169876.14	MUC17	1	11	6	78	1.17962446655045	1	1	descriptive_only
ENSG00000121879.6	PIK3CA	ENSG00000196367.14	TRRAP	1	11	6	78	1.17962446655045	1	1	descriptive_only
ENSG00000141579.7	ZNF750	ENSG00000155052.14	CNTNAP5	0	11	7	78	0	1	1	descriptive_only
ENSG00000141579.7	ZNF750	ENSG00000169876.14	MUC17	0	11	7	78	0	1	1	descriptive_only
ENSG00000141579.7	ZNF750	ENSG00000060718.22	COL11A1	0	11	7	78	0	1	1	descriptive_only
ENSG00000154358.22	OBSCN	ENSG00000054654.19	SYNE2	0	9	8	79	0	1	1	descriptive_only
ENSG00000154358.22	OBSCN	ENSG00000165323.15	FAT3	0	9	8	79	0	1	1	descriptive_only
ENSG00000154358.22	OBSCN	ENSG00000205038.12	PKHD1L1	0	9	7	80	0	1	1	descriptive_only
ENSG00000154358.22	OBSCN	ENSG00000198626.17	RYR2	0	9	7	80	0	1	1	descriptive_only
ENSG00000182348.7	ZNF804B	ENSG00000186472.20	PCLO	0	9	8	79	0	1	1	descriptive_only
ENSG00000186472.20	PCLO	ENSG00000205038.12	PKHD1L1	0	8	7	81	0	1	1	descriptive_only
ENSG00000186472.20	PCLO	ENSG00000169876.14	MUC17	0	8	7	81	0	1	1	descriptive_only
ENSG00000186472.20	PCLO	ENSG00000196367.14	TRRAP	0	8	7	81	0	1	1	descriptive_only
ENSG00000186472.20	PCLO	ENSG00000060718.22	COL11A1	0	8	7	81	0	1	1	descriptive_only
ENSG00000054654.19	SYNE2	ENSG00000155052.14	CNTNAP5	0	8	7	81	0	1	1	descriptive_only
ENSG00000054654.19	SYNE2	ENSG00000169876.14	MUC17	0	8	7	81	0	1	1	descriptive_only
ENSG00000054654.19	SYNE2	ENSG00000060718.22	COL11A1	0	8	7	81	0	1	1	descriptive_only
ENSG00000165323.15	FAT3	ENSG00000155052.14	CNTNAP5	0	8	7	81	0	1	1	descriptive_only
ENSG00000165323.15	FAT3	ENSG00000151914.20	DST	0	8	7	81	0	1	1	descriptive_only
ENSG00000165323.15	FAT3	ENSG00000169876.14	MUC17	0	8	7	81	0	1	1	descriptive_only
ENSG00000157423.18	HYDIN	ENSG00000155052.14	CNTNAP5	0	8	7	81	0	1	1	descriptive_only
ENSG00000157423.18	HYDIN	ENSG00000151914.20	DST	0	8	7	81	0	1	1	descriptive_only
ENSG00000157423.18	HYDIN	ENSG00000169876.14	MUC17	0	8	7	81	0	1	1	descriptive_only
ENSG00000157423.18	HYDIN	ENSG00000060718.22	COL11A1	0	8	7	81	0	1	1	descriptive_only
ENSG00000205038.12	PKHD1L1	ENSG00000155052.14	CNTNAP5	0	7	7	82	0	1	1	descriptive_only
ENSG00000205038.12	PKHD1L1	ENSG00000151914.20	DST	0	7	7	82	0	1	1	descriptive_only
ENSG00000205038.12	PKHD1L1	ENSG00000169876.14	MUC17	0	7	7	82	0	1	1	descriptive_only
ENSG00000198626.17	RYR2	ENSG00000169876.14	MUC17	0	7	7	82	0	1	1	descriptive_only
ENSG00000198626.17	RYR2	ENSG00000060718.22	COL11A1	0	7	7	82	0	1	1	descriptive_only
ENSG00000155052.14	CNTNAP5	ENSG00000151914.20	DST	0	7	7	82	0	1	1	descriptive_only
ENSG00000151914.20	DST	ENSG00000169876.14	MUC17	0	7	7	82	0	1	1	descriptive_only
ENSG00000151914.20	DST	ENSG00000196367.14	TRRAP	0	7	7	82	0	1	1	descriptive_only
ENSG00000151914.20	DST	ENSG00000060718.22	COL11A1	0	7	7	82	0	1	1	descriptive_only
ENSG00000155657.28	TTN	ENSG00000205038.12	PKHD1L1	2	29	5	60	0.829191558087497	1	1	descriptive_only
ENSG00000155657.28	TTN	ENSG00000151914.20	DST	2	29	5	60	0.829191558087497	1	1	descriptive_only
ENSG00000155657.28	TTN	ENSG00000169876.14	MUC17	2	29	5	60	0.829191558087497	1	1	descriptive_only
ENSG00000155657.28	TTN	ENSG00000196367.14	TRRAP	2	29	5	60	0.829191558087497	1	1	descriptive_only
ENSG00000167548.16	KMT2D	ENSG00000154358.22	OBSCN	1	16	8	71	0.557605881948573	1	1	descriptive_only
ENSG00000181143.15	MUC16	ENSG00000186472.20	PCLO	1	14	7	74	0.757141500823914	1	1	descriptive_only
ENSG00000181143.15	MUC16	ENSG00000157423.18	HYDIN	1	14	7	74	0.757141500823914	1	1	descriptive_only
ENSG00000141579.7	ZNF750	ENSG00000054654.19	SYNE2	1	10	7	78	1.11302035585922	1	1	descriptive_only
