view	factor	feature	value	abs_weight
RNA	Factor1	ENSG00000241635.8	0.728174567222595	0.728174567222595
RNA	Factor1	ENSG00000169432.18	0.717204391956329	0.717204391956329
RNA	Factor1	ENSG00000148053.17	0.711912751197815	0.711912751197815
RNA	Factor1	ENSG00000114948.13	0.703130066394806	0.703130066394806
RNA	Factor1	ENSG00000188385.12	0.700658857822418	0.700658857822418
RNA	Factor1	ENSG00000135324.6	0.693644344806671	0.693644344806671
RNA	Factor1	ENSG00000074047.22_RNA	0.681173026561737	0.681173026561737
RNA	Factor1	ENSG00000140961.14	0.679075121879578	0.679075121879578
RNA	Factor1	ENSG00000167165.19	0.677091181278229	0.677091181278229
RNA	Factor1	ENSG00000244122.2	0.657597839832306	0.657597839832306
RNA	Factor1	ENSG00000102230.14	0.655105412006378	0.655105412006378
RNA	Factor1	ENSG00000156298.13	0.651471614837647	0.651471614837647
RNA	Factor1	ENSG00000176153.12	0.65128755569458	0.65128755569458
RNA	Factor1	ENSG00000108602.18	0.649949550628662	0.649949550628662
RNA	Factor1	ENSG00000187134.14_RNA	0.648397207260132	0.648397207260132
RNA	Factor1	ENSG00000181449.4	0.647698283195496	0.647698283195496
RNA	Factor1	ENSG00000147257.15	0.641678154468536	0.641678154468536
RNA	Factor1	ENSG00000177570.15	0.63866537809372	0.63866537809372
RNA	Factor1	ENSG00000196139.14_RNA	0.637844979763031	0.637844979763031
RNA	Factor1	ENSG00000137261.14	0.632506370544434	0.632506370544434
RNA	Factor2	ENSG00000221867.9	0.45498725771904	0.45498725771904
RNA	Factor2	ENSG00000213401.10	0.425196945667267	0.425196945667267
RNA	Factor2	ENSG00000197172.10	0.415153950452805	0.415153950452805
RNA	Factor2	ENSG00000134365.13	0.39048382639885	0.39048382639885
RNA	Factor2	ENSG00000126890.13	0.3857701420784	0.3857701420784
RNA	Factor2	ENSG00000170627.11	0.368086576461792	0.368086576461792
RNA	Factor2	ENSG00000198930.13	0.36543470621109	0.36543470621109
RNA	Factor2	ENSG00000173157.17	0.357170045375824	0.357170045375824
RNA	Factor2	ENSG00000156475.18	-0.349383324384689	0.349383324384689
RNA	Factor2	ENSG00000268916.6	0.311379075050354	0.311379075050354
RNA	Factor2	ENSG00000268902.3	0.31131911277771	0.31131911277771
RNA	Factor2	ENSG00000198681.7	0.302190870046616	0.302190870046616
RNA	Factor2	ENSG00000176566.5	0.298467993736267	0.298467993736267
RNA	Factor2	ENSG00000214107.8	0.297264128923416	0.297264128923416
RNA	Factor2	ENSG00000147246.10	0.291785061359406	0.291785061359406
RNA	Factor2	ENSG00000150394.14	0.291154474020004	0.291154474020004
RNA	Factor2	ENSG00000179083.6	0.283188432455063	0.283188432455063
RNA	Factor2	ENSG00000137959.16	-0.273015677928925	0.273015677928925
RNA	Factor2	ENSG00000117215.15	-0.271969676017761	0.271969676017761
RNA	Factor2	ENSG00000116183.11_RNA	0.271604537963867	0.271604537963867
RNA	Factor3	ENSG00000058085.15	0.724729835987091	0.724729835987091
RNA	Factor3	ENSG00000189410.12	0.706338465213776	0.706338465213776
RNA	Factor3	ENSG00000041982.16	0.682189881801605	0.682189881801605
RNA	Factor3	ENSG00000122641.11	0.67641019821167	0.67641019821167
RNA	Factor3	ENSG00000186684.14	0.675893783569336	0.675893783569336
RNA	Factor3	ENSG00000138944.8	0.671226263046265	0.671226263046265
RNA	Factor3	ENSG00000196611.5	0.670157968997955	0.670157968997955
RNA	Factor3	ENSG00000183844.17	-0.661123752593994	0.661123752593994
RNA	Factor3	ENSG00000087494.16	0.654475271701813	0.654475271701813
RNA	Factor3	ENSG00000155265.11	0.651930928230286	0.651930928230286
RNA	Factor3	ENSG00000142973.14	-0.648520827293396	0.648520827293396
RNA	Factor3	ENSG00000164509.15	0.638887941837311	0.638887941837311
RNA	Factor3	ENSG00000145934.16	0.631531536579132	0.631531536579132
RNA	Factor3	ENSG00000186847.6	0.626049399375916	0.626049399375916
RNA	Factor3	ENSG00000105289.15	-0.61615401506424	0.61615401506424
RNA	Factor3	ENSG00000065618.21	0.614964008331299	0.614964008331299
RNA	Factor3	ENSG00000139865.16_RNA	-0.606830656528473	0.606830656528473
RNA	Factor3	ENSG00000240764.4	0.598522424697876	0.598522424697876
RNA	Factor3	ENSG00000164400.6	0.595331370830536	0.595331370830536
RNA	Factor3	ENSG00000153132.13	-0.594193398952484	0.594193398952484
RNA	Factor4	ENSG00000140459.18	-0.296425610780716	0.296425610780716
RNA	Factor4	ENSG00000278318.5	-0.260550975799561	0.260550975799561
RNA	Factor4	ENSG00000137960.6	-0.256558269262314	0.256558269262314
RNA	Factor4	ENSG00000184368.16	-0.239213615655899	0.239213615655899
RNA	Factor4	ENSG00000109182.12	-0.223952636122704	0.223952636122704
RNA	Factor4	ENSG00000174963.18	-0.222778543829918	0.222778543829918
RNA	Factor4	ENSG00000113211.5	-0.222105920314789	0.222105920314789
RNA	Factor4	ENSG00000180543.5	-0.221136480569839	0.221136480569839
RNA	Factor4	ENSG00000128610.12	0.214180529117584	0.214180529117584
RNA	Factor4	ENSG00000152977.10	-0.211921632289886	0.211921632289886
RNA	Factor4	ENSG00000105131.8	-0.210248962044716	0.210248962044716
RNA	Factor4	ENSG00000187714.7	-0.2064248919487	0.2064248919487
RNA	Factor4	ENSG00000124260.12	-0.205488279461861	0.205488279461861
RNA	Factor4	ENSG00000009694.13	-0.20170071721077	0.20170071721077
RNA	Factor4	ENSG00000204179.10	-0.19795735180378	0.19795735180378
RNA	Factor4	ENSG00000179542.16	-0.197856470942497	0.197856470942497
RNA	Factor4	ENSG00000137948.18	-0.19670581817627	0.19670581817627
RNA	Factor4	ENSG00000205362.11	-0.194646269083023	0.194646269083023
RNA	Factor4	ENSG00000171345.13	-0.193279474973679	0.193279474973679
RNA	Factor4	ENSG00000132854.19	-0.189892798662186	0.189892798662186
RNA	Factor5	ENSG00000163431.13	-1.27195370197296	1.27195370197296
RNA	Factor5	ENSG00000095637.22	-1.2646803855896	1.2646803855896
RNA	Factor5	ENSG00000106772.18	-1.26031887531281	1.26031887531281
RNA	Factor5	ENSG00000141052.18	-1.25663626194	1.25663626194
RNA	Factor5	ENSG00000198523.6	-1.25634396076202	1.25634396076202
RNA	Factor5	ENSG00000130176.8	-1.2439866065979	1.2439866065979
RNA	Factor5	ENSG00000173641.18	-1.23025500774384	1.23025500774384
RNA	Factor5	ENSG00000163017.14	-1.2221245765686	1.2221245765686
RNA	Factor5	ENSG00000154330.13	-1.21745014190674	1.21745014190674
RNA	Factor5	ENSG00000175084.12	-1.21401166915894	1.21401166915894
RNA	Factor5	ENSG00000118729.12_RNA	-1.19313597679138	1.19313597679138
RNA	Factor5	ENSG00000108823.16	-1.18964266777039	1.18964266777039
RNA	Factor5	ENSG00000133392.18	-1.16983997821808	1.16983997821808
RNA	Factor5	ENSG00000172987.13	-1.16171669960022	1.16171669960022
RNA	Factor5	ENSG00000182253.15	-1.15818512439728	1.15818512439728
RNA	Factor5	ENSG00000134917.10	-1.1266131401062	1.1266131401062
RNA	Factor5	ENSG00000181778.5	-1.12457144260407	1.12457144260407
RNA	Factor5	ENSG00000172403.11	-1.11907863616943	1.11907863616943
RNA	Factor5	ENSG00000164122.9	-1.11882865428925	1.11882865428925
RNA	Factor5	ENSG00000004776.13	-1.1126960515976	1.1126960515976
RNA	Factor6	ENSG00000136155.17	-0.915287256240845	0.915287256240845
RNA	Factor6	ENSG00000088002.12	-0.880277156829834	0.880277156829834
RNA	Factor6	ENSG00000092295.12	-0.875368356704712	0.875368356704712
RNA	Factor6	ENSG00000241794.2	-0.874535501003265	0.874535501003265
RNA	Factor6	ENSG00000133710.16	-0.85692423582077	0.85692423582077
RNA	Factor6	ENSG00000172382.10	-0.856524109840393	0.856524109840393
RNA	Factor6	ENSG00000140519.14	-0.851211071014404	0.851211071014404
RNA	Factor6	ENSG00000169474.4	-0.84970223903656	0.84970223903656
RNA	Factor6	ENSG00000143546.10	-0.846658706665039	0.846658706665039
RNA	Factor6	ENSG00000203785.9	-0.84574282169342	0.84574282169342
RNA	Factor6	ENSG00000163216.7	-0.844277322292328	0.844277322292328
RNA	Factor6	ENSG00000197191.6	-0.843304097652435	0.843304097652435
RNA	Factor6	ENSG00000171124.13	-0.841461420059204	0.841461420059204
RNA	Factor6	ENSG00000169469.9	-0.840555250644684	0.840555250644684
RNA	Factor6	ENSG00000136689.19	-0.836407124996185	0.836407124996185
RNA	Factor6	ENSG00000166535.20	-0.835926949977875	0.835926949977875
RNA	Factor6	ENSG00000105427.10	-0.83570408821106	0.83570408821106
RNA	Factor6	ENSG00000169509.6	-0.835251092910767	0.835251092910767
RNA	Factor6	ENSG00000163207.7	-0.834314346313477	0.834314346313477
RNA	Factor6	ENSG00000163141.20	-0.833140671253204	0.833140671253204
RNA	Factor7	ENSG00000134323.12	-0.841088771820068	0.841088771820068
RNA	Factor7	ENSG00000140873.16	-0.787060081958771	0.787060081958771
RNA	Factor7	ENSG00000186895.4_RNA	-0.740694761276245	0.740694761276245
RNA	Factor7	ENSG00000183908.7	-0.677773594856262	0.677773594856262
RNA	Factor7	ENSG00000197410.14	-0.662674725055695	0.662674725055695
RNA	Factor7	ENSG00000171102.14	-0.621760606765747	0.621760606765747
RNA	Factor7	ENSG00000144229.12	-0.616768956184387	0.616768956184387
RNA	Factor7	ENSG00000180730.5	-0.606860816478729	0.606860816478729
RNA	Factor7	ENSG00000113494.17	-0.593456149101257	0.593456149101257
RNA	Factor7	ENSG00000175928.6	-0.590787768363953	0.590787768363953
RNA	Factor7	ENSG00000142449.13	-0.577649295330048	0.577649295330048
RNA	Factor7	ENSG00000287725.1_RNA	-0.571831285953522	0.571831285953522
RNA	Factor7	ENSG00000186998.16	-0.562488675117493	0.562488675117493
RNA	Factor7	ENSG00000184486.10	-0.559529662132263	0.559529662132263
RNA	Factor7	ENSG00000092758.18	-0.558680772781372	0.558680772781372
RNA	Factor7	ENSG00000075388.4_RNA	-0.556726455688477	0.556726455688477
RNA	Factor7	ENSG00000156150.9	-0.553485810756683	0.553485810756683
RNA	Factor7	ENSG00000144057.15	-0.553406298160553	0.553406298160553
RNA	Factor7	ENSG00000109205.16	-0.550088346004486	0.550088346004486
RNA	Factor7	ENSG00000186910.4	-0.546770095825195	0.546770095825195
RNA	Factor8	ENSG00000055732.13	0.38017001748085	0.38017001748085
RNA	Factor8	ENSG00000170837.3	0.369189590215683	0.369189590215683
RNA	Factor8	ENSG00000215612.8	0.344322025775909	0.344322025775909
RNA	Factor8	ENSG00000197587.11	0.336393862962723	0.336393862962723
RNA	Factor8	ENSG00000235034.7	0.332178741693497	0.332178741693497
RNA	Factor8	ENSG00000106078.19	0.30754479765892	0.30754479765892
RNA	Factor8	ENSG00000176381.6	0.301312267780304	0.301312267780304
RNA	Factor8	ENSG00000102109.9	0.287242501974106	0.287242501974106
RNA	Factor8	ENSG00000073150.14	0.283239334821701	0.283239334821701
RNA	Factor8	ENSG00000130540.14	0.278185904026032	0.278185904026032
RNA	Factor8	ENSG00000101098.13	0.276920288801193	0.276920288801193
RNA	Factor8	ENSG00000136931.10	-0.276508301496506	0.276508301496506
RNA	Factor8	ENSG00000125878.6	0.275678902864456	0.275678902864456
RNA	Factor8	ENSG00000183770.7	0.26338118314743	0.26338118314743
RNA	Factor8	ENSG00000166897.16	0.261296331882477	0.261296331882477
RNA	Factor8	ENSG00000115361.8	0.258044570684433	0.258044570684433
RNA	Factor8	ENSG00000123496.8	0.254707902669907	0.254707902669907
RNA	Factor8	ENSG00000181374.8	0.25319966673851	0.25319966673851
RNA	Factor8	ENSG00000124749.17	-0.249745607376099	0.249745607376099
RNA	Factor8	ENSG00000133488.15	0.248951658606529	0.248951658606529
miRNA	Factor1	hsa-mir-149	0.492416173219681	0.492416173219681
miRNA	Factor1	hsa-mir-6512	0.479444622993469	0.479444622993469
miRNA	Factor1	hsa-mir-129-1	0.437222123146057	0.437222123146057
miRNA	Factor1	hsa-mir-129-2	0.434359461069107	0.434359461069107
miRNA	Factor1	hsa-mir-193a	-0.396110117435455	0.396110117435455
miRNA	Factor1	hsa-mir-142	-0.370856881141663	0.370856881141663
miRNA	Factor1	hsa-mir-570	0.366498947143555	0.366498947143555
miRNA	Factor1	hsa-mir-183	0.366185933351517	0.366185933351517
miRNA	Factor1	hsa-mir-6854	0.361912846565247	0.361912846565247
miRNA	Factor1	hsa-mir-96	0.361840277910233	0.361840277910233
miRNA	Factor1	hsa-mir-561	0.361464649438858	0.361464649438858
miRNA	Factor1	hsa-mir-9-2	0.343901365995407	0.343901365995407
miRNA	Factor1	hsa-mir-155	-0.34235817193985	0.34235817193985
miRNA	Factor1	hsa-mir-212	-0.341263681650162	0.341263681650162
miRNA	Factor1	hsa-mir-9-3	0.340159237384796	0.340159237384796
miRNA	Factor1	hsa-mir-9-1	0.338632345199585	0.338632345199585
miRNA	Factor1	hsa-mir-182	0.335266798734665	0.335266798734665
miRNA	Factor1	hsa-mir-4772	-0.33169212937355	0.33169212937355
miRNA	Factor1	hsa-mir-150	-0.308515816926956	0.308515816926956
miRNA	Factor1	hsa-mir-708	0.300511687994003	0.300511687994003
miRNA	Factor2	hsa-mir-105-1	0.482544362545013	0.482544362545013
miRNA	Factor2	hsa-mir-767	0.466527819633484	0.466527819633484
miRNA	Factor2	hsa-mir-105-2	0.461714863777161	0.461714863777161
miRNA	Factor2	hsa-mir-940	0.381379365921021	0.381379365921021
miRNA	Factor2	hsa-mir-7706	0.37082251906395	0.37082251906395
miRNA	Factor2	hsa-mir-301a	0.287908107042313	0.287908107042313
miRNA	Factor2	hsa-mir-4652	0.281144738197327	0.281144738197327
miRNA	Factor2	hsa-mir-183	0.279271334409714	0.279271334409714
miRNA	Factor2	hsa-mir-142	-0.276616126298904	0.276616126298904
miRNA	Factor2	hsa-mir-4661	0.275829315185547	0.275829315185547
miRNA	Factor2	hsa-mir-944	0.268100649118423	0.268100649118423
miRNA	Factor2	hsa-mir-301b	0.266019612550735	0.266019612550735
miRNA	Factor2	hsa-mir-338	-0.257879555225372	0.257879555225372
miRNA	Factor2	hsa-mir-1266	0.255763500928879	0.255763500928879
miRNA	Factor2	hsa-mir-1910	0.243038803339005	0.243038803339005
miRNA	Factor2	hsa-mir-150	-0.240094229578972	0.240094229578972
miRNA	Factor2	hsa-mir-760	0.226528614759445	0.226528614759445
miRNA	Factor2	hsa-mir-4772	-0.226298153400421	0.226298153400421
miRNA	Factor2	hsa-mir-146a	-0.224398300051689	0.224398300051689
miRNA	Factor2	hsa-mir-429	0.223212227225304	0.223212227225304
miRNA	Factor3	hsa-mir-455	0.580816864967346	0.580816864967346
miRNA	Factor3	hsa-mir-2355	0.570403337478638	0.570403337478638
miRNA	Factor3	hsa-mir-210	0.507454097270966	0.507454097270966
miRNA	Factor3	hsa-mir-150	-0.497984170913696	0.497984170913696
miRNA	Factor3	hsa-mir-299	0.481909155845642	0.481909155845642
miRNA	Factor3	hsa-mir-1245a	0.47834450006485	0.47834450006485
miRNA	Factor3	hsa-mir-101-2	-0.465667277574539	0.465667277574539
miRNA	Factor3	hsa-mir-101-1	-0.465280503034592	0.465280503034592
miRNA	Factor3	hsa-mir-193b	0.450805425643921	0.450805425643921
miRNA	Factor3	hsa-mir-1468	-0.44846373796463	0.44846373796463
miRNA	Factor3	hsa-mir-1266	-0.436698347330093	0.436698347330093
miRNA	Factor3	hsa-mir-6510	-0.410598605871201	0.410598605871201
miRNA	Factor3	hsa-mir-148a	-0.399380087852478	0.399380087852478
miRNA	Factor3	hsa-mir-134	0.387613385915756	0.387613385915756
miRNA	Factor3	hsa-mir-375	-0.379316002130508	0.379316002130508
miRNA	Factor3	hsa-mir-708	0.367128491401672	0.367128491401672
miRNA	Factor3	hsa-mir-363	-0.366287648677826	0.366287648677826
miRNA	Factor3	hsa-mir-598	-0.359699964523315	0.359699964523315
miRNA	Factor3	hsa-mir-450a-1	0.347586780786514	0.347586780786514
miRNA	Factor3	hsa-mir-4491	-0.340700626373291	0.340700626373291
miRNA	Factor4	hsa-mir-6720	0.13104048371315	0.13104048371315
miRNA	Factor4	hsa-mir-4449	0.129926204681396	0.129926204681396
miRNA	Factor4	hsa-mir-1180	0.126077428460121	0.126077428460121
miRNA	Factor4	hsa-mir-887	-0.125155866146088	0.125155866146088
miRNA	Factor4	hsa-mir-378a	0.123959891498089	0.123959891498089
miRNA	Factor4	hsa-mir-656	-0.121293723583221	0.121293723583221
miRNA	Factor4	hsa-mir-1245a	-0.118263863027096	0.118263863027096
miRNA	Factor4	hsa-mir-205	0.114945784211159	0.114945784211159
miRNA	Factor4	hsa-mir-592	0.112593002617359	0.112593002617359
miRNA	Factor4	hsa-mir-33b	0.111900381743908	0.111900381743908
miRNA	Factor4	hsa-mir-200b	0.10912049561739	0.10912049561739
miRNA	Factor4	hsa-mir-95	-0.107336968183517	0.107336968183517
miRNA	Factor4	hsa-mir-4652	0.106521368026733	0.106521368026733
miRNA	Factor4	hsa-mir-655	-0.105564318597317	0.105564318597317
miRNA	Factor4	hsa-mir-143	0.105525821447372	0.105525821447372
miRNA	Factor4	hsa-mir-155	-0.102270528674126	0.102270528674126
miRNA	Factor4	hsa-mir-137	-0.0996865257620811	0.0996865257620811
miRNA	Factor4	hsa-mir-3130-1	0.099409319460392	0.099409319460392
miRNA	Factor4	hsa-mir-200c	0.0987894758582115	0.0987894758582115
miRNA	Factor4	hsa-mir-200a	0.0973805338144302	0.0973805338144302
miRNA	Factor5	hsa-mir-145	-1.12125682830811	1.12125682830811
miRNA	Factor5	hsa-mir-1-2	-1.08127427101135	1.08127427101135
miRNA	Factor5	hsa-mir-1-1	-1.05377197265625	1.05377197265625
miRNA	Factor5	hsa-mir-143	-0.955234229564667	0.955234229564667
miRNA	Factor5	hsa-mir-6507	-0.9395512342453	0.9395512342453
miRNA	Factor5	hsa-mir-490	-0.934865951538086	0.934865951538086
miRNA	Factor5	hsa-mir-217	-0.817382514476776	0.817382514476776
miRNA	Factor5	hsa-mir-218-2	-0.799402117729187	0.799402117729187
miRNA	Factor5	hsa-mir-548b	-0.775468945503235	0.775468945503235
miRNA	Factor5	hsa-mir-218-1	-0.76522034406662	0.76522034406662
miRNA	Factor5	hsa-mir-504	-0.696911454200745	0.696911454200745
miRNA	Factor5	hsa-mir-216a	-0.694377183914185	0.694377183914185
miRNA	Factor5	hsa-mir-1258	-0.692911088466644	0.692911088466644
miRNA	Factor5	hsa-mir-10a	-0.680557191371918	0.680557191371918
miRNA	Factor5	hsa-mir-195	-0.649332880973816	0.649332880973816
miRNA	Factor5	hsa-mir-497	-0.646525979042053	0.646525979042053
miRNA	Factor5	hsa-mir-125b-1	-0.616619229316711	0.616619229316711
miRNA	Factor5	hsa-mir-139	-0.610644638538361	0.610644638538361
miRNA	Factor5	hsa-mir-20a	0.591946840286255	0.591946840286255
miRNA	Factor5	hsa-mir-125b-2	-0.582590341567993	0.582590341567993
miRNA	Factor6	hsa-mir-203a	-0.7036052942276	0.7036052942276
miRNA	Factor6	hsa-mir-375	-0.420984148979187	0.420984148979187
miRNA	Factor6	hsa-mir-205	-0.363419055938721	0.363419055938721
miRNA	Factor6	hsa-mir-6499	-0.358921498060226	0.358921498060226
miRNA	Factor6	hsa-mir-203b	-0.345094352960587	0.345094352960587
miRNA	Factor6	hsa-mir-200c	-0.329107224941254	0.329107224941254
miRNA	Factor6	hsa-mir-1293	-0.296752661466599	0.296752661466599
miRNA	Factor6	hsa-mir-3065	-0.287145912647247	0.287145912647247
miRNA	Factor6	hsa-mir-135b	-0.285572022199631	0.285572022199631
miRNA	Factor6	hsa-mir-139	-0.284264534711838	0.284264534711838
miRNA	Factor6	hsa-mir-141	-0.281150639057159	0.281150639057159
miRNA	Factor6	hsa-mir-452	-0.280418545007706	0.280418545007706
miRNA	Factor6	hsa-mir-200b	-0.272885918617249	0.272885918617249
miRNA	Factor6	hsa-mir-200a	-0.26257461309433	0.26257461309433
miRNA	Factor6	hsa-mir-934	-0.262431025505066	0.262431025505066
miRNA	Factor6	hsa-mir-516a-1	0.254275381565094	0.254275381565094
miRNA	Factor6	hsa-mir-429	-0.245936900377274	0.245936900377274
miRNA	Factor6	hsa-mir-519a-1	0.244178578257561	0.244178578257561
miRNA	Factor6	hsa-mir-181b-2	0.238702267408371	0.238702267408371
miRNA	Factor6	hsa-mir-6510	-0.232466012239456	0.232466012239456
miRNA	Factor7	hsa-mir-135b	-0.522308588027954	0.522308588027954
miRNA	Factor7	hsa-mir-93	-0.391658544540405	0.391658544540405
miRNA	Factor7	hsa-mir-4491	0.369066029787064	0.369066029787064
miRNA	Factor7	hsa-mir-887	-0.329773843288422	0.329773843288422
miRNA	Factor7	hsa-mir-3913-1	-0.319861710071564	0.319861710071564
miRNA	Factor7	hsa-mir-3922	-0.314691483974457	0.314691483974457
miRNA	Factor7	hsa-mir-196b	-0.309438049793243	0.309438049793243
miRNA	Factor7	hsa-mir-511	0.307837724685669	0.307837724685669
miRNA	Factor7	hsa-mir-130b	-0.304949760437012	0.304949760437012
miRNA	Factor7	hsa-mir-146a	-0.295758843421936	0.295758843421936
miRNA	Factor7	hsa-mir-576	-0.288234174251556	0.288234174251556
miRNA	Factor7	hsa-mir-378c	0.284692585468292	0.284692585468292
miRNA	Factor7	hsa-mir-1287	-0.277606248855591	0.277606248855591
miRNA	Factor7	hsa-mir-152	0.272958278656006	0.272958278656006
miRNA	Factor7	hsa-mir-3662	-0.26628988981247	0.26628988981247
miRNA	Factor7	hsa-mir-582	0.258617699146271	0.258617699146271
miRNA	Factor7	hsa-mir-181b-2	-0.256637394428253	0.256637394428253
miRNA	Factor7	hsa-mir-431	-0.254132479429245	0.254132479429245
miRNA	Factor7	hsa-mir-3614	0.253379166126251	0.253379166126251
miRNA	Factor7	hsa-mir-3677	0.250717550516129	0.250717550516129
miRNA	Factor8	hsa-mir-4728	-0.140810027718544	0.140810027718544
miRNA	Factor8	hsa-mir-3200	0.132960721850395	0.132960721850395
miRNA	Factor8	hsa-mir-99a	-0.122171960771084	0.122171960771084
miRNA	Factor8	hsa-mir-95	0.11304596811533	0.11304596811533
miRNA	Factor8	hsa-mir-5699	0.112597547471523	0.112597547471523
miRNA	Factor8	hsa-mir-34c	-0.111997924745083	0.111997924745083
miRNA	Factor8	hsa-mir-504	-0.111540637910366	0.111540637910366
miRNA	Factor8	hsa-mir-3615	-0.110480099916458	0.110480099916458
miRNA	Factor8	hsa-mir-708	-0.109966136515141	0.109966136515141
miRNA	Factor8	hsa-mir-1304	-0.109461978077888	0.109461978077888
miRNA	Factor8	hsa-mir-891a	0.108379520475864	0.108379520475864
miRNA	Factor8	hsa-mir-584	0.108368210494518	0.108368210494518
miRNA	Factor8	hsa-mir-196b	0.0939101055264473	0.0939101055264473
miRNA	Factor8	hsa-mir-541	0.0938311368227005	0.0938311368227005
miRNA	Factor8	hsa-mir-20a	-0.0914547294378281	0.0914547294378281
miRNA	Factor8	hsa-mir-6842	-0.090933658182621	0.090933658182621
miRNA	Factor8	hsa-mir-4687	0.090561218559742	0.090561218559742
miRNA	Factor8	hsa-mir-193b	0.0892475619912148	0.0892475619912148
miRNA	Factor8	hsa-mir-3150b	-0.0875899195671082	0.0875899195671082
miRNA	Factor8	hsa-mir-1247	0.0869750156998634	0.0869750156998634
HM450	Factor1	cg01346596	-0.687095642089844	0.687095642089844
HM450	Factor1	cg01243312	-0.659321427345276	0.659321427345276
HM450	Factor1	cg17939040	-0.658420860767365	0.658420860767365
HM450	Factor1	cg16681083	-0.654960691928864	0.654960691928864
HM450	Factor1	cg20513418	0.653931736946106	0.653931736946106
HM450	Factor1	cg13475583	0.646843433380127	0.646843433380127
HM450	Factor1	cg23192683	0.646078228950501	0.646078228950501
HM450	Factor1	cg17212127	-0.62257307767868	0.62257307767868
HM450	Factor1	cg15689991	0.587117612361908	0.587117612361908
HM450	Factor1	cg17951713	0.581301689147949	0.581301689147949
HM450	Factor1	cg25888386	0.564841568470001	0.564841568470001
HM450	Factor1	cg18772127	0.56233561038971	0.56233561038971
HM450	Factor1	cg00916635	0.552502691745758	0.552502691745758
HM450	Factor1	cg06287775	-0.549519240856171	0.549519240856171
HM450	Factor1	cg16988072	0.547657191753388	0.547657191753388
HM450	Factor1	cg20168479	0.546292364597321	0.546292364597321
HM450	Factor1	cg16924010	0.540201008319855	0.540201008319855
HM450	Factor1	cg22984571	0.539794921875	0.539794921875
HM450	Factor1	cg16327891	0.539618074893951	0.539618074893951
HM450	Factor1	cg08782022	0.53115302324295	0.53115302324295
HM450	Factor2	cg26864714	-0.809460163116455	0.809460163116455
HM450	Factor2	cg14715697	-0.800690531730652	0.800690531730652
HM450	Factor2	cg14255471	-0.800589919090271	0.800589919090271
HM450	Factor2	cg27097992	-0.799990594387054	0.799990594387054
HM450	Factor2	cg21449256	-0.788211464881897	0.788211464881897
HM450	Factor2	cg18496841	-0.786750912666321	0.786750912666321
HM450	Factor2	cg00895834	-0.783611536026001	0.783611536026001
HM450	Factor2	cg14602220	-0.781627357006073	0.781627357006073
HM450	Factor2	cg07810282	-0.779669582843781	0.779669582843781
HM450	Factor2	cg10969997	-0.778614938259125	0.778614938259125
HM450	Factor2	cg23061396	-0.776206851005554	0.776206851005554
HM450	Factor2	cg25267258	-0.774203240871429	0.774203240871429
HM450	Factor2	cg08219814	-0.771138727664948	0.771138727664948
HM450	Factor2	cg12985204	-0.767194747924805	0.767194747924805
HM450	Factor2	cg06351537	-0.765808999538422	0.765808999538422
HM450	Factor2	cg27416863	-0.763708591461182	0.763708591461182
HM450	Factor2	cg10576499	-0.759770393371582	0.759770393371582
HM450	Factor2	cg19961228	-0.756342053413391	0.756342053413391
HM450	Factor2	cg25412357	-0.755908250808716	0.755908250808716
HM450	Factor2	cg06850787	-0.754255890846252	0.754255890846252
HM450	Factor3	cg04646987	-0.544542014598846	0.544542014598846
HM450	Factor3	cg23590389	-0.539022982120514	0.539022982120514
HM450	Factor3	cg23752651	-0.499827921390533	0.499827921390533
HM450	Factor3	cg16565901	-0.46395942568779	0.46395942568779
HM450	Factor3	cg08527124	-0.4627505838871	0.4627505838871
HM450	Factor3	cg09043214	-0.460563987493515	0.460563987493515
HM450	Factor3	cg02583618	-0.41919282078743	0.41919282078743
HM450	Factor3	cg11444072	-0.393586993217468	0.393586993217468
HM450	Factor3	cg20223392	-0.391411006450653	0.391411006450653
HM450	Factor3	cg23068558	-0.384673625230789	0.384673625230789
HM450	Factor3	cg01630362	0.382010042667389	0.382010042667389
HM450	Factor3	cg20197694	-0.35797917842865	0.35797917842865
HM450	Factor3	cg04173586	0.35775887966156	0.35775887966156
HM450	Factor3	cg17738521	-0.348994702100754	0.348994702100754
HM450	Factor3	cg03278514	-0.34847104549408	0.34847104549408
HM450	Factor3	cg12707343	0.341820299625397	0.341820299625397
HM450	Factor3	cg10165209	-0.334654986858368	0.334654986858368
HM450	Factor3	cg23548201	-0.331907898187637	0.331907898187637
HM450	Factor3	cg06287775	0.329909235239029	0.329909235239029
HM450	Factor3	cg23256802	0.326001733541489	0.326001733541489
HM450	Factor4	cg02435495	0.696406126022339	0.696406126022339
HM450	Factor4	cg16332610	0.64105612039566	0.64105612039566
HM450	Factor4	cg04138112	0.63740086555481	0.63740086555481
HM450	Factor4	cg04319873	0.635555684566498	0.635555684566498
HM450	Factor4	cg10259748	0.625683605670929	0.625683605670929
HM450	Factor4	cg15012484	0.623314619064331	0.623314619064331
HM450	Factor4	cg13670833	0.618713080883026	0.618713080883026
HM450	Factor4	cg11083416	0.616843283176422	0.616843283176422
HM450	Factor4	cg10191387	0.6142937541008	0.6142937541008
HM450	Factor4	cg08227526	0.613567411899567	0.613567411899567
HM450	Factor4	cg08684639	0.611732006072998	0.611732006072998
HM450	Factor4	cg16168014	0.60537987947464	0.60537987947464
HM450	Factor4	cg19859323	0.603703498840332	0.603703498840332
HM450	Factor4	cg14025053	0.603481411933899	0.603481411933899
HM450	Factor4	cg10661191	0.601378560066223	0.601378560066223
HM450	Factor4	cg02653559	0.600685358047485	0.600685358047485
HM450	Factor4	cg02320454	0.598755240440369	0.598755240440369
HM450	Factor4	cg03103218	0.593788623809815	0.593788623809815
HM450	Factor4	cg21624902	0.592851758003235	0.592851758003235
HM450	Factor4	cg22855900	0.591391623020172	0.591391623020172
HM450	Factor5	cg20308663	-0.150812566280365	0.150812566280365
HM450	Factor5	cg26056277	-0.136263072490692	0.136263072490692
HM450	Factor5	cg17738521	-0.112706400454044	0.112706400454044
HM450	Factor5	cg09053680	-0.109991773962975	0.109991773962975
HM450	Factor5	cg19212767	-0.105105765163898	0.105105765163898
HM450	Factor5	cg11319389	0.104632079601288	0.104632079601288
HM450	Factor5	cg14210607	-0.1010352820158	0.1010352820158
HM450	Factor5	cg17444839	0.0939345136284828	0.0939345136284828
HM450	Factor5	cg01764252	0.0930845960974693	0.0930845960974693
HM450	Factor5	cg20386316	0.0928480848670006	0.0928480848670006
HM450	Factor5	cg02767633	0.0927896499633789	0.0927896499633789
HM450	Factor5	cg16705086	-0.0919765904545784	0.0919765904545784
HM450	Factor5	cg26818625	0.0910631492733955	0.0910631492733955
HM450	Factor5	cg10494684	0.0897383540868759	0.0897383540868759
HM450	Factor5	cg21453451	0.0892610624432564	0.0892610624432564
HM450	Factor5	cg03278514	-0.088705837726593	0.088705837726593
HM450	Factor5	cg07886472	-0.0884999185800552	0.0884999185800552
HM450	Factor5	cg11901043	0.0882796719670296	0.0882796719670296
HM450	Factor5	cg07109238	0.0879356265068054	0.0879356265068054
HM450	Factor5	cg02263377	-0.0866646692156792	0.0866646692156792
HM450	Factor6	cg16681083	0.164329946041107	0.164329946041107
HM450	Factor6	cg21189438	-0.132938519120216	0.132938519120216
HM450	Factor6	cg23076537	0.105203993618488	0.105203993618488
HM450	Factor6	cg05230834	0.101400911808014	0.101400911808014
HM450	Factor6	cg01176141	0.099217101931572	0.099217101931572
HM450	Factor6	cg26479667	-0.0988261252641678	0.0988261252641678
HM450	Factor6	cg20344326	0.0976016521453857	0.0976016521453857
HM450	Factor6	cg08231870	-0.096127986907959	0.096127986907959
HM450	Factor6	cg17939040	0.0958122164011002	0.0958122164011002
HM450	Factor6	cg19148440	-0.08627799898386	0.08627799898386
HM450	Factor6	cg09815793	0.0861132442951202	0.0861132442951202
HM450	Factor6	cg11310527	0.0841755196452141	0.0841755196452141
HM450	Factor6	cg21741284	0.0833926349878311	0.0833926349878311
HM450	Factor6	cg17945789	0.0826566591858864	0.0826566591858864
HM450	Factor6	cg16697940	-0.0820717811584473	0.0820717811584473
HM450	Factor6	cg05306745	-0.0810452923178673	0.0810452923178673
HM450	Factor6	cg08304084	-0.080521248281002	0.080521248281002
HM450	Factor6	cg01246520	0.0790383815765381	0.0790383815765381
HM450	Factor6	cg08439930	0.0790018662810326	0.0790018662810326
HM450	Factor6	cg08000684	-0.0787747129797936	0.0787747129797936
HM450	Factor7	cg18046677	0.574987351894379	0.574987351894379
HM450	Factor7	cg00660167	0.569051861763001	0.569051861763001
HM450	Factor7	cg21002542	0.560677170753479	0.560677170753479
HM450	Factor7	cg01857475	-0.554758787155151	0.554758787155151
HM450	Factor7	cg00467244	-0.545264184474945	0.545264184474945
HM450	Factor7	cg18633684	-0.533745169639587	0.533745169639587
HM450	Factor7	cg20923245	-0.533196866512299	0.533196866512299
HM450	Factor7	cg10400707	0.529310584068298	0.529310584068298
HM450	Factor7	cg06721601	0.528577387332916	0.528577387332916
HM450	Factor7	cg11452329	0.524037837982178	0.524037837982178
HM450	Factor7	cg03817911	-0.522843718528748	0.522843718528748
HM450	Factor7	cg10572274	-0.520592749118805	0.520592749118805
HM450	Factor7	cg03126946	0.519824743270874	0.519824743270874
HM450	Factor7	cg26614816	-0.513444185256958	0.513444185256958
HM450	Factor7	cg21261158	0.511616349220276	0.511616349220276
HM450	Factor7	cg17976191	0.51158332824707	0.51158332824707
HM450	Factor7	cg19081101	0.509164273738861	0.509164273738861
HM450	Factor7	cg15135047	-0.504522681236267	0.504522681236267
HM450	Factor7	cg09884423	-0.501945734024048	0.501945734024048
HM450	Factor7	cg07580591	-0.489794045686722	0.489794045686722
HM450	Factor8	cg04715503	0.765384614467621	0.765384614467621
HM450	Factor8	cg03117976	-0.718488991260529	0.718488991260529
HM450	Factor8	cg03686593	-0.715880870819092	0.715880870819092
HM450	Factor8	cg22871668	-0.679171860218048	0.679171860218048
HM450	Factor8	cg04763554	-0.67658132314682	0.67658132314682
HM450	Factor8	cg01328892	-0.665606796741486	0.665606796741486
HM450	Factor8	cg14287112	-0.659808158874512	0.659808158874512
HM450	Factor8	cg06782035	-0.654716908931732	0.654716908931732
HM450	Factor8	cg22352818	0.648508846759796	0.648508846759796
HM450	Factor8	cg11664500	-0.641638875007629	0.641638875007629
HM450	Factor8	cg20693607	0.638532876968384	0.638532876968384
HM450	Factor8	cg19074340	-0.63706773519516	0.63706773519516
HM450	Factor8	cg15123562	0.636457443237305	0.636457443237305
HM450	Factor8	cg02574502	-0.634464085102081	0.634464085102081
HM450	Factor8	cg03389653	-0.630547046661377	0.630547046661377
HM450	Factor8	cg24333469	0.627825915813446	0.627825915813446
HM450	Factor8	cg16964348	-0.619481444358826	0.619481444358826
HM450	Factor8	cg08609270	-0.618468999862671	0.618468999862671
HM450	Factor8	cg13198321	-0.616848170757294	0.616848170757294
HM450	Factor8	cg22708150	0.615911424160004	0.615911424160004
Mutation	Factor1	ENSG00000116044.16	0.0106589179486036	0.0106589179486036
Mutation	Factor1	ENSG00000127616.19	-0.00539886485785246	0.00539886485785246
Mutation	Factor1	ENSG00000141510.18	0.00502626970410347	0.00502626970410347
Mutation	Factor1	ENSG00000039139.9	-0.00426189554855227	0.00426189554855227
Mutation	Factor1	ENSG00000185920.16	0.00335252867080271	0.00335252867080271
Mutation	Factor1	ENSG00000151835.16	-0.0024536291602999	0.0024536291602999
Mutation	Factor1	ENSG00000164796.18_Mutation	-0.00238084211014211	0.00238084211014211
Mutation	Factor1	ENSG00000141579.7_Mutation	-0.00236892607063055	0.00236892607063055
Mutation	Factor1	ENSG00000168702.18_Mutation	0.00234407442621887	0.00234407442621887
Mutation	Factor1	ENSG00000116183.11_Mutation	0.00225951499305666	0.00225951499305666
Mutation	Factor1	ENSG00000196367.14	-0.00190890813246369	0.00190890813246369
Mutation	Factor1	ENSG00000164199.18	-0.00190373952500522	0.00190373952500522
Mutation	Factor1	ENSG00000150893.11_Mutation	-0.00181493128184229	0.00181493128184229
Mutation	Factor1	ENSG00000160145.15	-0.00181363068986684	0.00181363068986684
Mutation	Factor1	ENSG00000155657.28	0.00163953460287303	0.00163953460287303
Mutation	Factor1	ENSG00000167548.16	-0.00161960290279239	0.00161960290279239
Mutation	Factor1	ENSG00000205038.12	-0.00156269269064069	0.00156269269064069
Mutation	Factor1	ENSG00000169876.14_Mutation	-0.00130092678591609	0.00130092678591609
Mutation	Factor1	ENSG00000090402.8	-0.00124346325173974	0.00124346325173974
Mutation	Factor1	ENSG00000120332.16	0.00107329990714788	0.00107329990714788
Mutation	Factor2	ENSG00000141579.7_Mutation	0.0019946803804487	0.0019946803804487
Mutation	Factor2	ENSG00000148400.12	-0.00110502645839006	0.00110502645839006
Mutation	Factor2	ENSG00000143341.12	0.00108157994691283	0.00108157994691283
Mutation	Factor2	ENSG00000157423.18	0.00103469472378492	0.00103469472378492
Mutation	Factor2	ENSG00000074181.9	0.000975888862740248	0.000975888862740248
Mutation	Factor2	ENSG00000164796.18_Mutation	0.00084495812188834	0.00084495812188834
Mutation	Factor2	ENSG00000079102.16	-0.000813522201497108	0.000813522201497108
Mutation	Factor2	ENSG00000151835.16	0.000809240038506687	0.000809240038506687
Mutation	Factor2	ENSG00000127616.19	0.000791063939686865	0.000791063939686865
Mutation	Factor2	ENSG00000101191.17	-0.000785381998866797	0.000785381998866797
Mutation	Factor2	ENSG00000150893.11_Mutation	0.000699730357155204	0.000699730357155204
Mutation	Factor2	ENSG00000182348.7	-0.000673429458402097	0.000673429458402097
Mutation	Factor2	ENSG00000169876.14_Mutation	-0.000652033486403525	0.000652033486403525
Mutation	Factor2	ENSG00000117983.17_Mutation	-0.000634187657851726	0.000634187657851726
Mutation	Factor2	ENSG00000141510.18	0.000579321698751301	0.000579321698751301
Mutation	Factor2	ENSG00000131018.24	-0.000565277703572065	0.000565277703572065
Mutation	Factor2	ENSG00000090402.8	0.000494614359922707	0.000494614359922707
Mutation	Factor2	ENSG00000120332.16	0.000487445766339079	0.000487445766339079
Mutation	Factor2	ENSG00000155816.20_Mutation	-0.00047740270383656	0.00047740270383656
Mutation	Factor2	ENSG00000155657.28	-0.000473733729450032	0.000473733729450032
Mutation	Factor3	ENSG00000181143.15_Mutation	0.00272509432397783	0.00272509432397783
Mutation	Factor3	ENSG00000186472.20_Mutation	0.00187164079397917	0.00187164079397917
Mutation	Factor3	ENSG00000157423.18	-0.00142007600516081	0.00142007600516081
Mutation	Factor3	ENSG00000169876.14_Mutation	0.00131566845811903	0.00131566845811903
Mutation	Factor3	ENSG00000151835.16	0.0012483891332522	0.0012483891332522
Mutation	Factor3	ENSG00000196367.14	0.00124623125884682	0.00124623125884682
Mutation	Factor3	ENSG00000148400.12	0.00124020816292614	0.00124020816292614
Mutation	Factor3	ENSG00000205038.12	0.00117510289419442	0.00117510289419442
Mutation	Factor3	ENSG00000168702.18_Mutation	-0.00114073278382421	0.00114073278382421
Mutation	Factor3	ENSG00000182348.7	0.00100258947350085	0.00100258947350085
Mutation	Factor3	ENSG00000164199.18	0.000958845776040107	0.000958845776040107
Mutation	Factor3	ENSG00000141579.7_Mutation	-0.00092262018006295	0.00092262018006295
Mutation	Factor3	ENSG00000090402.8	0.000900756625924259	0.000900756625924259
Mutation	Factor3	ENSG00000155657.28	-0.00090032652951777	0.00090032652951777
Mutation	Factor3	ENSG00000127616.19	0.000861302600242198	0.000861302600242198
Mutation	Factor3	ENSG00000121879.6	0.000838617968838662	0.000838617968838662
Mutation	Factor3	ENSG00000167548.16	0.000837576691992581	0.000837576691992581
Mutation	Factor3	ENSG00000204963.6	0.000837404222693294	0.000837404222693294
Mutation	Factor3	ENSG00000185920.16	0.000802431837655604	0.000802431837655604
Mutation	Factor3	ENSG00000060718.22_Mutation	0.000799389032181352	0.000799389032181352
Mutation	Factor4	ENSG00000116044.16	0.00152308621909469	0.00152308621909469
Mutation	Factor4	ENSG00000090402.8	0.00149624480400234	0.00149624480400234
Mutation	Factor4	ENSG00000127616.19	0.00141159154009074	0.00141159154009074
Mutation	Factor4	ENSG00000154358.22	0.00132343044970185	0.00132343044970185
Mutation	Factor4	ENSG00000060718.22_Mutation	0.00130248256027699	0.00130248256027699
Mutation	Factor4	ENSG00000039139.9	-0.00125602318439633	0.00125602318439633
Mutation	Factor4	ENSG00000160145.15	0.00123311358038336	0.00123311358038336
Mutation	Factor4	ENSG00000084674.15	0.00119629490654916	0.00119629490654916
Mutation	Factor4	ENSG00000141579.7_Mutation	-0.00108909723348916	0.00108909723348916
Mutation	Factor4	ENSG00000167548.16	0.00107426114846021	0.00107426114846021
Mutation	Factor4	ENSG00000165323.15_Mutation	-0.00102408730890602	0.00102408730890602
Mutation	Factor4	ENSG00000148400.12	0.000999963260255754	0.000999963260255754
Mutation	Factor4	ENSG00000185920.16	0.000899784732609987	0.000899784732609987
Mutation	Factor4	ENSG00000163513.19	0.000891074829269201	0.000891074829269201
Mutation	Factor4	ENSG00000116183.11_Mutation	0.000866621674504131	0.000866621674504131
Mutation	Factor4	ENSG00000151914.20	-0.000850202341098338	0.000850202341098338
Mutation	Factor4	ENSG00000168702.18_Mutation	-0.000842258392367512	0.000842258392367512
Mutation	Factor4	ENSG00000186472.20_Mutation	0.000776939617935568	0.000776939617935568
Mutation	Factor4	ENSG00000127603.30	-0.000772342085838318	0.000772342085838318
Mutation	Factor4	ENSG00000198626.17_Mutation	-0.000756375549826771	0.000756375549826771
Mutation	Factor5	ENSG00000167548.16	0.00378138152882457	0.00378138152882457
Mutation	Factor5	ENSG00000101191.17	-0.00312986108474433	0.00312986108474433
Mutation	Factor5	ENSG00000141510.18	-0.00303445383906364	0.00303445383906364
Mutation	Factor5	ENSG00000182348.7	-0.00293303187936544	0.00293303187936544
Mutation	Factor5	ENSG00000127616.19	0.00257230410352349	0.00257230410352349
Mutation	Factor5	ENSG00000155657.28	-0.00210010493174195	0.00210010493174195
Mutation	Factor5	ENSG00000164796.18_Mutation	-0.0020031479652971	0.0020031479652971
Mutation	Factor5	ENSG00000117983.17_Mutation	-0.00175667379517108	0.00175667379517108
Mutation	Factor5	ENSG00000060718.22_Mutation	0.00170357630122453	0.00170357630122453
Mutation	Factor5	ENSG00000198626.17_Mutation	-0.00157357368152589	0.00157357368152589
Mutation	Factor5	ENSG00000168702.18_Mutation	-0.00147638912312686	0.00147638912312686
Mutation	Factor5	ENSG00000127603.30	-0.00135594513267279	0.00135594513267279
Mutation	Factor5	ENSG00000185920.16	0.00131175620481372	0.00131175620481372
Mutation	Factor5	ENSG00000181143.15_Mutation	0.00128097855485976	0.00128097855485976
Mutation	Factor5	ENSG00000121879.6	0.00127299944870174	0.00127299944870174
Mutation	Factor5	ENSG00000163625.16	0.00121092260815203	0.00121092260815203
Mutation	Factor5	ENSG00000084674.15	-0.0011995822424069	0.0011995822424069
Mutation	Factor5	ENSG00000074181.9	0.00118801579810679	0.00118801579810679
Mutation	Factor5	ENSG00000169876.14_Mutation	0.00113059848081321	0.00113059848081321
Mutation	Factor5	ENSG00000039139.9	0.00102535868063569	0.00102535868063569
Mutation	Factor6	ENSG00000167548.16	-0.00131502188742161	0.00131502188742161
Mutation	Factor6	ENSG00000141510.18	0.0012401215499267	0.0012401215499267
Mutation	Factor6	ENSG00000121879.6	-0.00102121557574719	0.00102121557574719
Mutation	Factor6	ENSG00000039139.9	0.000867115508299321	0.000867115508299321
Mutation	Factor6	ENSG00000164199.18	-0.000799566507339478	0.000799566507339478
Mutation	Factor6	ENSG00000155657.28	-0.000765460950788111	0.000765460950788111
Mutation	Factor6	ENSG00000060718.22_Mutation	-0.000714971160050482	0.000714971160050482
Mutation	Factor6	ENSG00000181143.15_Mutation	-0.000704755017068237	0.000704755017068237
Mutation	Factor6	ENSG00000084674.15	0.000637549499515444	0.000637549499515444
Mutation	Factor6	ENSG00000157423.18	0.000602164072915912	0.000602164072915912
Mutation	Factor6	ENSG00000186472.20_Mutation	0.000564686895813793	0.000564686895813793
Mutation	Factor6	ENSG00000198707.17	-0.000524246890563518	0.000524246890563518
Mutation	Factor6	ENSG00000196367.14	0.000506020500324667	0.000506020500324667
Mutation	Factor6	ENSG00000141579.7_Mutation	0.000483051408082247	0.000483051408082247
Mutation	Factor6	ENSG00000151914.20	0.000455416418844834	0.000455416418844834
Mutation	Factor6	ENSG00000169876.14_Mutation	-0.000429977517342195	0.000429977517342195
Mutation	Factor6	ENSG00000120332.16	0.000406222301535308	0.000406222301535308
Mutation	Factor6	ENSG00000163513.19	-0.000403620855649933	0.000403620855649933
Mutation	Factor6	ENSG00000127616.19	-0.000388338114134967	0.000388338114134967
Mutation	Factor6	ENSG00000160145.15	-0.000379994191462174	0.000379994191462174
Mutation	Factor7	ENSG00000116044.16	0.00614554295316339	0.00614554295316339
Mutation	Factor7	ENSG00000148400.12	-0.00324510596692562	0.00324510596692562
Mutation	Factor7	ENSG00000039139.9	-0.00295730796642602	0.00295730796642602
Mutation	Factor7	ENSG00000124721.18	-0.00290911109186709	0.00290911109186709
Mutation	Factor7	ENSG00000182348.7	-0.00247906404547393	0.00247906404547393
Mutation	Factor7	ENSG00000167548.16	0.00240191747434437	0.00240191747434437
Mutation	Factor7	ENSG00000127616.19	0.00178804935421795	0.00178804935421795
Mutation	Factor7	ENSG00000163625.16	0.00165539770387113	0.00165539770387113
Mutation	Factor7	ENSG00000079102.16	-0.0016467998502776	0.0016467998502776
Mutation	Factor7	ENSG00000151835.16	0.00161462591495365	0.00161462591495365
Mutation	Factor7	ENSG00000154358.22	-0.00159778399392962	0.00159778399392962
Mutation	Factor7	ENSG00000141579.7_Mutation	0.00151097029447556	0.00151097029447556
Mutation	Factor7	ENSG00000163513.19	0.00148123363032937	0.00148123363032937
Mutation	Factor7	ENSG00000198626.17_Mutation	0.00142508500721306	0.00142508500721306
Mutation	Factor7	ENSG00000164796.18_Mutation	0.00134576729033142	0.00134576729033142
Mutation	Factor7	ENSG00000164199.18	0.00128645787481219	0.00128645787481219
Mutation	Factor7	ENSG00000117983.17_Mutation	0.00107550621032715	0.00107550621032715
Mutation	Factor7	ENSG00000205038.12	-0.00103297713212669	0.00103297713212669
Mutation	Factor7	ENSG00000127603.30	-0.00088414316996932	0.00088414316996932
Mutation	Factor7	ENSG00000084674.15	0.000874236691743136	0.000874236691743136
Mutation	Factor8	ENSG00000127616.19	-0.00450514443218708	0.00450514443218708
Mutation	Factor8	ENSG00000116044.16	0.00422403635457158	0.00422403635457158
Mutation	Factor8	ENSG00000121879.6	-0.00413901964202523	0.00413901964202523
Mutation	Factor8	ENSG00000143631.11_Mutation	-0.00331037933938205	0.00331037933938205
Mutation	Factor8	ENSG00000141510.18	0.00297972955740988	0.00297972955740988
Mutation	Factor8	ENSG00000163513.19	-0.00250175152905285	0.00250175152905285
Mutation	Factor8	ENSG00000198707.17	0.00239200936630368	0.00239200936630368
Mutation	Factor8	ENSG00000155052.14_Mutation	-0.00214637955650687	0.00214637955650687
Mutation	Factor8	ENSG00000155657.28	-0.00205502030439675	0.00205502030439675
Mutation	Factor8	ENSG00000165323.15_Mutation	0.00196690671145916	0.00196690671145916
Mutation	Factor8	ENSG00000205038.12	0.00180676556192338	0.00180676556192338
Mutation	Factor8	ENSG00000182348.7	0.00162413902580738	0.00162413902580738
Mutation	Factor8	ENSG00000079102.16	0.00156676676124334	0.00156676676124334
Mutation	Factor8	ENSG00000164796.18_Mutation	-0.00152233068365604	0.00152233068365604
Mutation	Factor8	ENSG00000181143.15_Mutation	0.00125872378703207	0.00125872378703207
Mutation	Factor8	ENSG00000168702.18_Mutation	0.00123928906396031	0.00123928906396031
Mutation	Factor8	ENSG00000186472.20_Mutation	0.00117605645209551	0.00117605645209551
Mutation	Factor8	ENSG00000039139.9	-0.00110967503860593	0.00110967503860593
Mutation	Factor8	ENSG00000101191.17	0.00104309315793216	0.00104309315793216
Mutation	Factor8	ENSG00000117983.17_Mutation	-0.00103146862238646	0.00103146862238646
CNV	Factor1	ENSG00000177565.18	0.341690838336945	0.341690838336945
CNV	Factor1	ENSG00000058063.16	0.331262737512589	0.331262737512589
CNV	Factor1	ENSG00000043093.15	0.331262737512589	0.331262737512589
CNV	Factor1	ENSG00000173950.16	0.316554218530655	0.316554218530655
CNV	Factor1	ENSG00000121853.4	0.266740709543228	0.266740709543228
CNV	Factor1	ENSG00000075420.13	0.264836668968201	0.264836668968201
CNV	Factor1	ENSG00000121858.11	0.263280361890793	0.263280361890793
CNV	Factor1	ENSG00000144959.11	0.26149782538414	0.26149782538414
CNV	Factor1	ENSG00000285218.1	0.260538846254349	0.260538846254349
CNV	Factor1	ENSG00000075651.16	0.259924024343491	0.259924024343491
CNV	Factor1	ENSG00000163558.13	0.259419500827789	0.259419500827789
CNV	Factor1	ENSG00000136603.14	0.259419500827789	0.259419500827789
CNV	Factor1	ENSG00000013297.12	0.259419500827789	0.259419500827789
CNV	Factor1	ENSG00000013293.6	0.259419500827789	0.259419500827789
CNV	Factor1	ENSG00000173889.16	0.258238941431046	0.258238941431046
CNV	Factor1	ENSG00000163584.18	0.257872998714447	0.257872998714447
CNV	Factor1	ENSG00000163577.8	0.257872998714447	0.257872998714447
CNV	Factor1	ENSG00000163581.14	0.257872998714447	0.257872998714447
CNV	Factor1	ENSG00000154310.17	0.257855981588364	0.257855981588364
CNV	Factor1	ENSG00000132849.21	-0.223468974232674	0.223468974232674
CNV	Factor2	ENSG00000112685.14	0.290315568447113	0.290315568447113
CNV	Factor2	ENSG00000112699.11	0.277730584144592	0.277730584144592
CNV	Factor2	ENSG00000111846.19	0.275155663490295	0.275155663490295
CNV	Factor2	ENSG00000137434.11	0.275155663490295	0.275155663490295
CNV	Factor2	ENSG00000111845.5	0.275155663490295	0.275155663490295
CNV	Factor2	ENSG00000145949.11	0.266809672117233	0.266809672117233
CNV	Factor2	ENSG00000124535.16	0.266809672117233	0.266809672117233
CNV	Factor2	ENSG00000137203.15	0.266650587320328	0.266650587320328
CNV	Factor2	ENSG00000224531.6	0.253230333328247	0.253230333328247
CNV	Factor2	ENSG00000244476.3	0.253230333328247	0.253230333328247
CNV	Factor2	ENSG00000111859.17	0.253230333328247	0.253230333328247
CNV	Factor2	ENSG00000112679.14	0.242645904421806	0.242645904421806
CNV	Factor2	ENSG00000205269.6	0.234478890895844	0.234478890895844
CNV	Factor2	ENSG00000111863.13	0.234478890895844	0.234478890895844
CNV	Factor2	ENSG00000197977.4	0.230880320072174	0.230880320072174
CNV	Factor2	ENSG00000095951.17	0.223440945148468	0.223440945148468
CNV	Factor2	ENSG00000078401.7	0.223440945148468	0.223440945148468
CNV	Factor2	ENSG00000111843.14	0.217649355530739	0.217649355530739
CNV	Factor2	ENSG00000137210.14	0.208671450614929	0.208671450614929
CNV	Factor2	ENSG00000111837.12	0.208671450614929	0.208671450614929
CNV	Factor3	ENSG00000273213.3	-0.171885043382645	0.171885043382645
CNV	Factor3	ENSG00000263513.5	-0.168739452958107	0.168739452958107
CNV	Factor3	ENSG00000271567.1	-0.168739452958107	0.168739452958107
CNV	Factor3	ENSG00000266338.6	-0.168739452958107	0.168739452958107
CNV	Factor3	ENSG00000279782.2	-0.168739452958107	0.168739452958107
CNV	Factor3	ENSG00000196369.11	-0.168739452958107	0.168739452958107
CNV	Factor3	ENSG00000215784.6	-0.168739452958107	0.168739452958107
CNV	Factor3	ENSG00000256374.2	-0.168739452958107	0.168739452958107
CNV	Factor3	ENSG00000162825.16	-0.168739452958107	0.168739452958107
CNV	Factor3	ENSG00000117262.19	-0.168739452958107	0.168739452958107
CNV	Factor3	ENSG00000174827.14	-0.168739452958107	0.168739452958107
CNV	Factor3	ENSG00000117281.16	-0.168739452958107	0.168739452958107
CNV	Factor3	ENSG00000265491.5	-0.168739452958107	0.168739452958107
CNV	Factor3	ENSG00000186141.9	-0.168739452958107	0.168739452958107
CNV	Factor3	ENSG00000186364.12	-0.168739452958107	0.168739452958107
CNV	Factor3	ENSG00000111846.19	-0.157195255160332	0.157195255160332
CNV	Factor3	ENSG00000137434.11	-0.157195255160332	0.157195255160332
CNV	Factor3	ENSG00000111845.5	-0.157195255160332	0.157195255160332
CNV	Factor3	ENSG00000145949.11	-0.152105584740639	0.152105584740639
CNV	Factor3	ENSG00000124535.16	-0.152105584740639	0.152105584740639
CNV	Factor4	ENSG00000260458.3	0.0691155046224594	0.0691155046224594
CNV	Factor4	ENSG00000256618.2	0.0528029203414917	0.0528029203414917
CNV	Factor4	ENSG00000175662.18	0.0410414934158325	0.0410414934158325
CNV	Factor4	ENSG00000163739.5_CNV	0.0396791398525238	0.0396791398525238
CNV	Factor4	ENSG00000163631.17	0.0362050756812096	0.0362050756812096
CNV	Factor4	ENSG00000081051.8	0.0362050756812096	0.0362050756812096
CNV	Factor4	ENSG00000079557.5	0.0362050756812096	0.0362050756812096
CNV	Factor4	ENSG00000169435.14	0.0362050756812096	0.0362050756812096
CNV	Factor4	ENSG00000169429.11_CNV	0.0362050756812096	0.0362050756812096
CNV	Factor4	ENSG00000124875.10_CNV	0.0362050756812096	0.0362050756812096
CNV	Factor4	ENSG00000109272.4	0.0360820256173611	0.0360820256173611
CNV	Factor4	ENSG00000272414.6	0.0335557721555233	0.0335557721555233
CNV	Factor4	ENSG00000189157.14	0.0316584594547749	0.0316584594547749
CNV	Factor4	ENSG00000118804.8	0.0314122475683689	0.0314122475683689
CNV	Factor4	ENSG00000163749.17	0.0314122475683689	0.0314122475683689
CNV	Factor4	ENSG00000154978.13	-0.0307902470231056	0.0307902470231056
CNV	Factor4	ENSG00000156219.17	0.0307563450187445	0.0307563450187445
CNV	Factor4	ENSG00000138750.15	0.0307563450187445	0.0307563450187445
CNV	Factor4	ENSG00000138760.10	0.0274557322263718	0.0274557322263718
CNV	Factor4	ENSG00000107105.15_CNV	0.0266259405761957	0.0266259405761957
CNV	Factor5	ENSG00000173889.16	-0.00393987307325006	0.00393987307325006
CNV	Factor5	ENSG00000177426.22	0.00384378829039633	0.00384378829039633
CNV	Factor5	ENSG00000170579.17_CNV	0.00381194520741701	0.00381194520741701
CNV	Factor5	ENSG00000163584.18	-0.00375448702834547	0.00375448702834547
CNV	Factor5	ENSG00000163577.8	-0.00375448702834547	0.00375448702834547
CNV	Factor5	ENSG00000163581.14	-0.00375448702834547	0.00375448702834547
CNV	Factor5	ENSG00000101605.13	0.00369847426190972	0.00369847426190972
CNV	Factor5	ENSG00000101608.13	0.00369847426190972	0.00369847426190972
CNV	Factor5	ENSG00000118680.14	0.00369847426190972	0.00369847426190972
CNV	Factor5	ENSG00000154310.17	-0.00365619198419154	0.00365619198419154
CNV	Factor5	ENSG00000285218.1	-0.00365074537694454	0.00365074537694454
CNV	Factor5	ENSG00000132849.21	-0.00356405507773161	0.00356405507773161
CNV	Factor5	ENSG00000163558.13	-0.00351357273757458	0.00351357273757458
CNV	Factor5	ENSG00000136603.14	-0.00351357273757458	0.00351357273757458
CNV	Factor5	ENSG00000013297.12	-0.00351357273757458	0.00351357273757458
CNV	Factor5	ENSG00000013293.6	-0.00351357273757458	0.00351357273757458
CNV	Factor5	ENSG00000264545.2	0.00340668484568596	0.00340668484568596
CNV	Factor5	ENSG00000118922.17	0.00339909573085606	0.00339909573085606
CNV	Factor5	ENSG00000184226.15_CNV	0.00339671014808118	0.00339671014808118
CNV	Factor5	ENSG00000121858.11	-0.0033957741688937	0.0033957741688937
CNV	Factor6	ENSG00000185823.5	-0.00108858419116586	0.00108858419116586
CNV	Factor6	ENSG00000254415.3_CNV	-0.00107464112807065	0.00107464112807065
CNV	Factor6	ENSG00000114062.22	-0.00106980255804956	0.00106980255804956
CNV	Factor6	ENSG00000128739.23	-0.00104174332227558	0.00104174332227558
CNV	Factor6	ENSG00000273173.5	-0.00104174332227558	0.00104174332227558
CNV	Factor6	ENSG00000214265.11	-0.00104174332227558	0.00104174332227558
CNV	Factor6	ENSG00000175265.17	-0.000975536881014705	0.000975536881014705
CNV	Factor6	ENSG00000183668.18	-0.000948176078964025	0.000948176078964025
CNV	Factor6	ENSG00000147883.12_CNV	-0.000937379314564168	0.000937379314564168
CNV	Factor6	ENSG00000243130.8	-0.000925342144910246	0.000925342144910246
CNV	Factor6	ENSG00000243137.8_CNV	-0.000842155655846	0.000842155655846
CNV	Factor6	ENSG00000162105.19_CNV	-0.000790735532063991	0.000790735532063991
CNV	Factor6	ENSG00000205269.6	0.000733671244233847	0.000733671244233847
CNV	Factor6	ENSG00000111863.13	0.000733671244233847	0.000733671244233847
CNV	Factor6	ENSG00000111846.19	0.000693265639711171	0.000693265639711171
CNV	Factor6	ENSG00000137434.11	0.000693265639711171	0.000693265639711171
CNV	Factor6	ENSG00000111845.5	0.000693265639711171	0.000693265639711171
CNV	Factor6	ENSG00000224531.6	0.000662359641864896	0.000662359641864896
CNV	Factor6	ENSG00000244476.3	0.000662359641864896	0.000662359641864896
CNV	Factor6	ENSG00000111859.17	0.000662359641864896	0.000662359641864896
CNV	Factor7	ENSG00000172938.3	-0.544631361961365	0.544631361961365
CNV	Factor7	ENSG00000132740.10	-0.535579204559326	0.535579204559326
CNV	Factor7	ENSG00000172935.9	-0.523914039134979	0.523914039134979
CNV	Factor7	ENSG00000075388.4_CNV	-0.521278977394104	0.521278977394104
CNV	Factor7	ENSG00000110092.4	-0.515277028083801	0.515277028083801
CNV	Factor7	ENSG00000149716.13	-0.515277028083801	0.515277028083801
CNV	Factor7	ENSG00000162344.4_CNV	-0.515277028083801	0.515277028083801
CNV	Factor7	ENSG00000186895.4_CNV	-0.502828776836395	0.502828776836395
CNV	Factor7	ENSG00000162341.18	-0.475283890962601	0.475283890962601
CNV	Factor7	ENSG00000131620.17_CNV	-0.464525550603867	0.464525550603867
CNV	Factor7	ENSG00000287725.1_CNV	-0.46160688996315	0.46160688996315
CNV	Factor7	ENSG00000284713.1_CNV	-0.460976541042328	0.460976541042328
CNV	Factor7	ENSG00000168040.5	-0.457745224237442	0.457745224237442
CNV	Factor7	ENSG00000197345.13	-0.455834865570068	0.455834865570068
CNV	Factor7	ENSG00000131626.19	-0.454120427370071	0.454120427370071
CNV	Factor7	ENSG00000172927.8_CNV	-0.42605721950531	0.42605721950531
CNV	Factor7	ENSG00000085733.16	-0.328651428222656	0.328651428222656
CNV	Factor7	ENSG00000110090.13	-0.228356301784515	0.228356301784515
CNV	Factor7	ENSG00000132749.11	-0.207482516765594	0.207482516765594
CNV	Factor7	ENSG00000189056.14	-0.119412861764431	0.119412861764431
CNV	Factor8	ENSG00000215262.8	-0.13445408642292	0.13445408642292
CNV	Factor8	ENSG00000166974.13	-0.122955501079559	0.122955501079559
CNV	Factor8	ENSG00000058063.16	0.120903752744198	0.120903752744198
CNV	Factor8	ENSG00000043093.15	0.120903752744198	0.120903752744198
CNV	Factor8	ENSG00000183779.7	-0.119682624936104	0.119682624936104
CNV	Factor8	ENSG00000186812.13	-0.11392779648304	0.11392779648304
CNV	Factor8	ENSG00000186814.14	-0.11392779648304	0.11392779648304
CNV	Factor8	ENSG00000141428.17	-0.110197611153126	0.110197611153126
CNV	Factor8	ENSG00000141425.18	-0.110197611153126	0.110197611153126
CNV	Factor8	ENSG00000141424.13	-0.110197611153126	0.110197611153126
CNV	Factor8	ENSG00000134759.14	-0.103255346417427	0.103255346417427
CNV	Factor8	ENSG00000075643.6	-0.103255346417427	0.103255346417427
CNV	Factor8	ENSG00000172466.16	-0.10224774479866	0.10224774479866
CNV	Factor8	ENSG00000186496.12	-0.10224774479866	0.10224774479866
CNV	Factor8	ENSG00000148498.16	-0.099309504032135	0.099309504032135
CNV	Factor8	ENSG00000141469.18_CNV	-0.0983618870377541	0.0983618870377541
CNV	Factor8	ENSG00000267140.1	-0.0959522128105164	0.0959522128105164
CNV	Factor8	ENSG00000141429.13	-0.0959522128105164	0.0959522128105164
CNV	Factor8	ENSG00000188778.6	-0.0953395143151283	0.0953395143151283
CNV	Factor8	ENSG00000187840.5	-0.0953395143151283	0.0953395143151283
