gene_id	original_edge_id	gene_name	interpretation_role	event_type	reference_factor	original_effect	original_q_value	original_association_status	original_level_factor_soft_flag	scenario_id	scenario_class	scenario_target_gene_id	scenario_target_gene_name	prespecified_seed_count	informative_model_count	completed_converged_seed_count	reliable_factor_match_count	reliable_factor_match_rate	direction_retained_count	direction_retention_rate	magnitude_retained_count	magnitude_retention_rate	low_margin_count	median_aligned_effect	median_q_value	minimum_factor_match_abs_loading_correlation	median_factor_match_abs_loading_correlation	scenario_no_op	no_op_reason	retention_decision
ENSG00000141579.7	TCGA_DRIVER_STATE_0015	ZNF750	boundary_context_reverse	mutation	Factor2	0.463307776560789	0.129852383590817	within_tcga_conditional	FALSE	baseline	baseline_multi_seed			3	3	3	3	1	3	1	3	1	0	0.467688937568456	0.125500907747263	0.998924467226342	0.999928793988097	FALSE		direction_and_magnitude_retained_statistical_attenuation
ENSG00000141579.7	TCGA_DRIVER_STATE_0015	ZNF750	boundary_context_reverse	mutation	Factor2	0.463307776560789	0.129852383590817	within_tcga_conditional	FALSE	drop_both_event_views	global_view_drop			3	3	3	3	1	3	1	3	1	0	0.458926615553122	0.111668691524356	0.998123108885465	0.998141320627606	FALSE		direction_and_magnitude_retained_statistical_attenuation
ENSG00000141579.7	TCGA_DRIVER_STATE_0015	ZNF750	boundary_context_reverse	mutation	Factor2	0.463307776560789	0.129852383590817	within_tcga_conditional	FALSE	drop_cnv_view	global_view_drop			3	3	3	3	1	3	1	3	1	0	0.461117196056955	0.129852383590817	0.998128164107663	0.998401309625071	FALSE		direction_and_magnitude_retained_statistical_attenuation
ENSG00000141579.7	TCGA_DRIVER_STATE_0015	ZNF750	boundary_context_reverse	mutation	Factor2	0.463307776560789	0.129852383590817	within_tcga_conditional	FALSE	drop_gene_event_features_ZNF750	gene_event_feature_drop	ENSG00000141579.7	ZNF750	3	3	3	3	1	3	1	3	1	0	0.467688937568456	0.125500907747263	0.998944368501168	0.999928921534643	FALSE		direction_and_magnitude_retained_statistical_attenuation
ENSG00000141579.7	TCGA_DRIVER_STATE_0015	ZNF750	boundary_context_reverse	mutation	Factor2	0.463307776560789	0.129852383590817	within_tcga_conditional	FALSE	drop_mutation_view	global_view_drop			3	3	3	3	1	3	1	3	1	0	0.467688937568456	0.223462224596578	0.998236495543582	0.998525545261377	FALSE		direction_and_magnitude_retained_statistical_attenuation
ENSG00000087460.27	TCGA_DRIVER_STATE_0041	GNAS	exploratory_candidate	relative_cnv	Factor7	-0.225737281324169	0.275479285042975	within_tcga_conditional	FALSE	baseline	baseline_multi_seed			3	3	3	3	1	3	1	3	1	0	-0.226382492278492	0.271017729467966	0.999817313011878	0.999818522208016	FALSE		direction_and_magnitude_retained_statistical_attenuation
ENSG00000087460.27	TCGA_DRIVER_STATE_0041	GNAS	exploratory_candidate	relative_cnv	Factor7	-0.225737281324169	0.275479285042975	within_tcga_conditional	FALSE	drop_both_event_views	global_view_drop			3	3	3	3	1	3	1	3	1	0	-0.19258760143924	0.287688486789799	0.995347852193533	0.995924851590014	FALSE		direction_and_magnitude_retained_statistical_attenuation
ENSG00000087460.27	TCGA_DRIVER_STATE_0041	GNAS	exploratory_candidate	relative_cnv	Factor7	-0.225737281324169	0.275479285042975	within_tcga_conditional	FALSE	drop_cnv_view	global_view_drop			3	3	3	3	1	3	1	3	1	0	-0.192571864586696	0.3357535148037	0.995623411386344	0.995645980129931	FALSE		direction_and_magnitude_retained_statistical_attenuation
ENSG00000087460.27	TCGA_DRIVER_STATE_0041	GNAS	exploratory_candidate	relative_cnv	Factor7	-0.225737281324169	0.275479285042975	within_tcga_conditional	FALSE	drop_gene_event_features_GNAS	gene_event_feature_drop	ENSG00000087460.27	GNAS	3	0	0												TRUE	candidate Mutation and CNV features were both absent from the reference MOFA input; baseline reuse is not sensitivity evidence	not_applicable_no_op
ENSG00000087460.27	TCGA_DRIVER_STATE_0041	GNAS	exploratory_candidate	relative_cnv	Factor7	-0.225737281324169	0.275479285042975	within_tcga_conditional	FALSE	drop_mutation_view	global_view_drop			3	3	3	3	1	3	1	3	1	0	-0.251600798481008	0.19798870630845	0.977033416772979	0.992314148022101	FALSE		direction_and_magnitude_retained_statistical_attenuation
ENSG00000116044.16	TCGA_DRIVER_STATE_0055	NFE2L2	known_positive_anchor	amplification	Factor2	-0.419607843137255	0.254622778770024	within_tcga_conditional	FALSE	baseline	baseline_multi_seed			3	3	3	3	1	3	1	3	1	0	-0.422222222222222	0.254622778770024	0.998924467226342	0.999928793988097	FALSE		direction_and_magnitude_retained_statistical_attenuation
ENSG00000116044.16	TCGA_DRIVER_STATE_0055	NFE2L2	known_positive_anchor	amplification	Factor2	-0.419607843137255	0.254622778770024	within_tcga_conditional	FALSE	drop_both_event_views	global_view_drop			3	3	3	3	1	3	1	3	1	0	-0.422222222222222	0.218879632253449	0.998123108885465	0.998141320627606	FALSE		direction_and_magnitude_retained_statistical_attenuation
ENSG00000116044.16	TCGA_DRIVER_STATE_0055	NFE2L2	known_positive_anchor	amplification	Factor2	-0.419607843137255	0.254622778770024	within_tcga_conditional	FALSE	drop_cnv_view	global_view_drop			3	3	3	3	1	3	1	3	1	0	-0.42483660130719	0.298976656552962	0.998128164107663	0.998401309625071	FALSE		direction_and_magnitude_retained_statistical_attenuation
ENSG00000116044.16	TCGA_DRIVER_STATE_0055	NFE2L2	known_positive_anchor	amplification	Factor2	-0.419607843137255	0.254622778770024	within_tcga_conditional	FALSE	drop_gene_event_features_NFE2L2	gene_event_feature_drop	ENSG00000116044.16	NFE2L2	3	3	3	3	1	3	1	3	1	0	-0.422222222222222	0.246799435146972	0.999621954788678	0.999783115653114	FALSE		direction_and_magnitude_retained_statistical_attenuation
ENSG00000116044.16	TCGA_DRIVER_STATE_0055	NFE2L2	known_positive_anchor	amplification	Factor2	-0.419607843137255	0.254622778770024	within_tcga_conditional	FALSE	drop_mutation_view	global_view_drop			3	3	3	3	1	3	1	3	1	0	-0.416993464052288	0.433482515822744	0.998236495543582	0.998525545261377	FALSE		direction_and_magnitude_retained_statistical_attenuation
ENSG00000116044.16	TCGA_DRIVER_STATE_0053	NFE2L2	known_positive_anchor	mutation	Factor1	0.753205128205128	0.000166971067788069	within_tcga_supported	FALSE	baseline	baseline_multi_seed			3	3	3	3	1	3	1	3	1	0	0.748397435897436	0.000193612203645444	0.996667925361895	0.999831609903007	FALSE		retained_across_seeds_no_low_margin
ENSG00000116044.16	TCGA_DRIVER_STATE_0053	NFE2L2	known_positive_anchor	mutation	Factor1	0.753205128205128	0.000166971067788069	within_tcga_supported	FALSE	drop_both_event_views	global_view_drop			3	3	3	3	1	3	1	3	1	0	0.756410256410256	0.000151205760264617	0.997105913287103	0.99788062376189	FALSE		retained_across_seeds_no_low_margin
ENSG00000116044.16	TCGA_DRIVER_STATE_0053	NFE2L2	known_positive_anchor	mutation	Factor1	0.753205128205128	0.000166971067788069	within_tcga_supported	FALSE	drop_cnv_view	global_view_drop			3	3	3	3	1	3	1	3	1	0	0.754807692307692	0.000158900759334557	0.996600719700229	0.996616587876539	FALSE		retained_across_seeds_no_low_margin
ENSG00000116044.16	TCGA_DRIVER_STATE_0053	NFE2L2	known_positive_anchor	mutation	Factor1	0.753205128205128	0.000166971067788069	within_tcga_supported	FALSE	drop_gene_event_features_NFE2L2	gene_event_feature_drop	ENSG00000116044.16	NFE2L2	3	3	3	3	1	3	1	3	1	0	0.751602564102564	0.000175434134003893	0.999811248644167	0.999891639181392	FALSE		retained_across_seeds_no_low_margin
ENSG00000116044.16	TCGA_DRIVER_STATE_0053	NFE2L2	known_positive_anchor	mutation	Factor1	0.753205128205128	0.000166971067788069	within_tcga_supported	FALSE	drop_mutation_view	global_view_drop			3	3	3	1	0.333333333333333	1	0.333333333333333	1	0.333333333333333	2	0.748397435897436	0.000193612203645444	0.626100009716627	0.638615370148529	FALSE		factor_alignment_unstable
ENSG00000116044.16	TCGA_DRIVER_STATE_0056	NFE2L2	known_positive_anchor	mutation	Factor7	0.642628205128205	0.00134293091253213	within_tcga_supported	FALSE	baseline	baseline_multi_seed			3	3	3	3	1	3	1	3	1	0	0.642628205128205	0.00134293091253213	0.999817313011878	0.999818522208016	FALSE		retained_across_seeds_no_low_margin
ENSG00000116044.16	TCGA_DRIVER_STATE_0056	NFE2L2	known_positive_anchor	mutation	Factor7	0.642628205128205	0.00134293091253213	within_tcga_supported	FALSE	drop_both_event_views	global_view_drop			3	3	3	3	1	3	1	3	1	0	0.567307692307692	0.00902321916262494	0.995347852193533	0.995924851590014	FALSE		retained_across_seeds_no_low_margin
ENSG00000116044.16	TCGA_DRIVER_STATE_0056	NFE2L2	known_positive_anchor	mutation	Factor7	0.642628205128205	0.00134293091253213	within_tcga_supported	FALSE	drop_cnv_view	global_view_drop			3	3	3	3	1	3	1	3	1	0	0.600961538461539	0.00395461214313464	0.995623411386344	0.995645980129931	FALSE		retained_across_seeds_no_low_margin
ENSG00000116044.16	TCGA_DRIVER_STATE_0056	NFE2L2	known_positive_anchor	mutation	Factor7	0.642628205128205	0.00134293091253213	within_tcga_supported	FALSE	drop_gene_event_features_NFE2L2	gene_event_feature_drop	ENSG00000116044.16	NFE2L2	3	3	3	3	1	3	1	3	1	0	0.641025641025641	0.00140157795962814	0.999810492317191	0.999851055877069	FALSE		retained_across_seeds_no_low_margin
ENSG00000116044.16	TCGA_DRIVER_STATE_0056	NFE2L2	known_positive_anchor	mutation	Factor7	0.642628205128205	0.00134293091253213	within_tcga_supported	FALSE	drop_mutation_view	global_view_drop			3	3	3	3	1	3	1	3	1	0	0.663461538461539	0.00146765832133866	0.977033416772979	0.992314148022101	FALSE		retained_across_seeds_no_low_margin
ENSG00000116044.16	TCGA_DRIVER_STATE_0057	NFE2L2	known_positive_anchor	mutation	Factor8	0.346153846153846	0.173841101375178	within_tcga_conditional	FALSE	baseline	baseline_multi_seed			3	3	3	3	1	3	1	3	1	0	0.346153846153846	0.173841101375178	0.991009230860003	0.99798752661386	FALSE		direction_and_magnitude_retained_statistical_attenuation
ENSG00000116044.16	TCGA_DRIVER_STATE_0057	NFE2L2	known_positive_anchor	mutation	Factor8	0.346153846153846	0.173841101375178	within_tcga_conditional	FALSE	drop_both_event_views	global_view_drop			3	3	3	3	1	3	1	3	1	0	0.395833333333333	0.111668691524356	0.873642525676316	0.905448312409044	FALSE		direction_and_magnitude_retained_statistical_attenuation
ENSG00000116044.16	TCGA_DRIVER_STATE_0057	NFE2L2	known_positive_anchor	mutation	Factor8	0.346153846153846	0.173841101375178	within_tcga_conditional	FALSE	drop_cnv_view	global_view_drop			3	3	3	3	1	3	1	1	0.333333333333333	0	0.0625	0.96716932395447	0.79820305758115	0.799998610829623	FALSE		direction_retained_effect_attenuation
ENSG00000116044.16	TCGA_DRIVER_STATE_0057	NFE2L2	known_positive_anchor	mutation	Factor8	0.346153846153846	0.173841101375178	within_tcga_conditional	FALSE	drop_gene_event_features_NFE2L2	gene_event_feature_drop	ENSG00000116044.16	NFE2L2	3	3	3	3	1	3	1	3	1	0	0.330128205128205	0.203405017902548	0.990934414596133	0.99388265773955	FALSE		direction_and_magnitude_retained_statistical_attenuation
ENSG00000116044.16	TCGA_DRIVER_STATE_0057	NFE2L2	known_positive_anchor	mutation	Factor8	0.346153846153846	0.173841101375178	within_tcga_conditional	FALSE	drop_mutation_view	global_view_drop			3	3	3	1	0.333333333333333	1	0.333333333333333	1	0.333333333333333	2	0.330128205128205	0.203405017902548	0.691002087714637	0.707054180616254	FALSE		factor_alignment_unstable
ENSG00000116044.16	TCGA_DRIVER_STATE_0054	NFE2L2	known_positive_anchor	relative_cnv	Factor2	-0.205135051839573	0.283940830828338	within_tcga_conditional	FALSE	baseline	baseline_multi_seed			3	3	3	3	1	3	1	3	1	0	-0.206135291321325	0.301771863672184	0.998924467226342	0.999928793988097	FALSE		direction_and_magnitude_retained_statistical_attenuation
ENSG00000116044.16	TCGA_DRIVER_STATE_0054	NFE2L2	known_positive_anchor	relative_cnv	Factor2	-0.205135051839573	0.283940830828338	within_tcga_conditional	FALSE	drop_both_event_views	global_view_drop			3	3	3	3	1	3	1	3	1	0	-0.197812986258312	0.287688486789799	0.998123108885465	0.998141320627606	FALSE		direction_and_magnitude_retained_statistical_attenuation
ENSG00000116044.16	TCGA_DRIVER_STATE_0054	NFE2L2	known_positive_anchor	relative_cnv	Factor2	-0.205135051839573	0.283940830828338	within_tcga_conditional	FALSE	drop_cnv_view	global_view_drop			3	3	3	3	1	3	1	3	1	0	-0.197727028177849	0.3357535148037	0.998128164107663	0.998401309625071	FALSE		direction_and_magnitude_retained_statistical_attenuation
ENSG00000116044.16	TCGA_DRIVER_STATE_0054	NFE2L2	known_positive_anchor	relative_cnv	Factor2	-0.205135051839573	0.283940830828338	within_tcga_conditional	FALSE	drop_gene_event_features_NFE2L2	gene_event_feature_drop	ENSG00000116044.16	NFE2L2	3	3	3	3	1	3	1	3	1	0	-0.206135291321325	0.296667419424554	0.999621954788678	0.999783115653114	FALSE		direction_and_magnitude_retained_statistical_attenuation
ENSG00000116044.16	TCGA_DRIVER_STATE_0054	NFE2L2	known_positive_anchor	relative_cnv	Factor2	-0.205135051839573	0.283940830828338	within_tcga_conditional	FALSE	drop_mutation_view	global_view_drop			3	3	3	3	1	3	1	3	1	0	-0.209229782217994	0.405361823018992	0.998236495543582	0.998525545261377	FALSE		direction_and_magnitude_retained_statistical_attenuation
ENSG00000121879.6	TCGA_DRIVER_STATE_0047	PIK3CA	known_positive_anchor	amplification	Factor1	0.557369614512472	0.000107662142667664	within_tcga_supported	FALSE	baseline	baseline_multi_seed			3	3	3	3	1	3	1	3	1	0	0.557369614512472	0.000107662142667664	0.996667925361895	0.999831609903007	FALSE		retained_across_seeds_no_low_margin
ENSG00000121879.6	TCGA_DRIVER_STATE_0047	PIK3CA	known_positive_anchor	amplification	Factor1	0.557369614512472	0.000107662142667664	within_tcga_supported	FALSE	drop_both_event_views	global_view_drop			3	3	3	3	1	3	1	3	1	0	0.553741496598639	0.000124619922146962	0.997105913287103	0.99788062376189	FALSE		retained_across_seeds_no_low_margin
ENSG00000121879.6	TCGA_DRIVER_STATE_0047	PIK3CA	known_positive_anchor	amplification	Factor1	0.557369614512472	0.000107662142667664	within_tcga_supported	FALSE	drop_cnv_view	global_view_drop			3	3	3	3	1	3	1	3	1	0	0.551927437641723	0.000134031222891906	0.996600719700229	0.996616587876539	FALSE		retained_across_seeds_no_low_margin
ENSG00000121879.6	TCGA_DRIVER_STATE_0047	PIK3CA	known_positive_anchor	amplification	Factor1	0.557369614512472	0.000107662142667664	within_tcga_supported	FALSE	drop_gene_event_features_PIK3CA	gene_event_feature_drop	ENSG00000121879.6	PIK3CA	3	3	3	3	1	3	1	3	1	0	0.557369614512472	0.000107662142667664	0.996366812690369	0.999832814686329	FALSE		retained_across_seeds_no_low_margin
ENSG00000121879.6	TCGA_DRIVER_STATE_0047	PIK3CA	known_positive_anchor	amplification	Factor1	0.557369614512472	0.000107662142667664	within_tcga_supported	FALSE	drop_mutation_view	global_view_drop			3	3	3	1	0.333333333333333	1	0.333333333333333	1	0.333333333333333	2	0.561904761904762	8.95608657316416e-05	0.626100009716627	0.638615370148529	FALSE		factor_alignment_unstable
ENSG00000121879.6	TCGA_DRIVER_STATE_0048	PIK3CA	known_positive_anchor	mutation	Factor6	-0.325301204819277	0.367714061397188	directional_exploratory	FALSE	baseline	baseline_multi_seed			3	3	3	3	1	3	1	3	1	0	-0.325301204819277	0.367714061397188	0.999813940956675	0.999985511186886	FALSE		direction_and_magnitude_retained_statistical_attenuation
ENSG00000121879.6	TCGA_DRIVER_STATE_0048	PIK3CA	known_positive_anchor	mutation	Factor6	-0.325301204819277	0.367714061397188	directional_exploratory	FALSE	drop_both_event_views	global_view_drop			3	3	3	3	1	3	1	3	1	0	-0.336254107338445	0.304593917251148	0.997750228728005	0.997950801414186	FALSE		direction_and_magnitude_retained_statistical_attenuation
ENSG00000121879.6	TCGA_DRIVER_STATE_0048	PIK3CA	known_positive_anchor	mutation	Factor6	-0.325301204819277	0.367714061397188	directional_exploratory	FALSE	drop_cnv_view	global_view_drop			3	3	3	3	1	3	1	3	1	0	-0.331872946330778	0.418618363198375	0.998031950839543	0.998215590521335	FALSE		direction_and_magnitude_retained_statistical_attenuation
ENSG00000121879.6	TCGA_DRIVER_STATE_0048	PIK3CA	known_positive_anchor	mutation	Factor6	-0.325301204819277	0.367714061397188	directional_exploratory	FALSE	drop_gene_event_features_PIK3CA	gene_event_feature_drop	ENSG00000121879.6	PIK3CA	3	3	3	3	1	3	1	3	1	0	-0.325301204819277	0.367714061397188	0.999803292432964	0.99998560773141	FALSE		direction_and_magnitude_retained_statistical_attenuation
ENSG00000121879.6	TCGA_DRIVER_STATE_0048	PIK3CA	known_positive_anchor	mutation	Factor6	-0.325301204819277	0.367714061397188	directional_exploratory	FALSE	drop_mutation_view	global_view_drop			3	3	3	3	1	3	1	3	1	0	-0.32092004381161	0.515545723317852	0.99718962324442	0.997437168009455	FALSE		direction_and_magnitude_retained_statistical_attenuation
ENSG00000121879.6	TCGA_DRIVER_STATE_0049	PIK3CA	known_positive_anchor	mutation	Factor8	-0.391018619934283	0.186619633118392	within_tcga_conditional	FALSE	baseline	baseline_multi_seed			3	3	3	3	1	3	1	3	1	0	-0.386637458926616	0.198990079740947	0.991009230860003	0.99798752661386	FALSE		direction_and_magnitude_retained_statistical_attenuation
ENSG00000121879.6	TCGA_DRIVER_STATE_0049	PIK3CA	known_positive_anchor	mutation	Factor8	-0.391018619934283	0.186619633118392	within_tcga_conditional	FALSE	drop_both_event_views	global_view_drop			3	3	3	3	1	3	1	3	1	0	-0.338444687842278	0.287672032959417	0.873642525676316	0.905448312409044	FALSE		direction_and_magnitude_retained_statistical_attenuation
ENSG00000121879.6	TCGA_DRIVER_STATE_0049	PIK3CA	known_positive_anchor	mutation	Factor8	-0.391018619934283	0.186619633118392	within_tcga_conditional	FALSE	drop_cnv_view	global_view_drop			3	3	3	3	1	3	1	3	1	0	-0.281489594742607	0.551875847386777	0.79820305758115	0.799998610829623	FALSE		direction_and_magnitude_retained_statistical_attenuation
ENSG00000121879.6	TCGA_DRIVER_STATE_0049	PIK3CA	known_positive_anchor	mutation	Factor8	-0.391018619934283	0.186619633118392	within_tcga_conditional	FALSE	drop_gene_event_features_PIK3CA	gene_event_feature_drop	ENSG00000121879.6	PIK3CA	3	3	3	3	1	3	1	3	1	0	-0.388828039430449	0.20391191404116	0.991048764701251	0.99799342907814	FALSE		direction_and_magnitude_retained_statistical_attenuation
ENSG00000121879.6	TCGA_DRIVER_STATE_0049	PIK3CA	known_positive_anchor	mutation	Factor8	-0.391018619934283	0.186619633118392	within_tcga_conditional	FALSE	drop_mutation_view	global_view_drop			3	3	3	1	0.333333333333333	1	0.333333333333333	1	0.333333333333333	2	-0.384446878422782	0.203405017902548	0.691002087714637	0.707054180616254	FALSE		factor_alignment_unstable
ENSG00000121879.6	TCGA_DRIVER_STATE_0046	PIK3CA	known_positive_anchor	relative_cnv	Factor1	0.578587085765964	9.70359868940868e-08	within_tcga_supported	FALSE	baseline	baseline_multi_seed			3	3	3	3	1	3	1	3	1	0	0.581171262846179	7.8506005451006e-08	0.996667925361895	0.999831609903007	FALSE		retained_across_seeds_no_low_margin
ENSG00000121879.6	TCGA_DRIVER_STATE_0046	PIK3CA	known_positive_anchor	relative_cnv	Factor1	0.578587085765964	9.70359868940868e-08	within_tcga_supported	FALSE	drop_both_event_views	global_view_drop			3	3	3	3	1	3	1	3	1	0	0.573317106664178	1.48644918837262e-07	0.997105913287103	0.99788062376189	FALSE		retained_across_seeds_no_low_margin
ENSG00000121879.6	TCGA_DRIVER_STATE_0046	PIK3CA	known_positive_anchor	relative_cnv	Factor1	0.578587085765964	9.70359868940868e-08	within_tcga_supported	FALSE	drop_cnv_view	global_view_drop			3	3	3	3	1	3	1	3	1	0	0.574660007674964	1.33433082001709e-07	0.996600719700229	0.996616587876539	FALSE		retained_across_seeds_no_low_margin
ENSG00000121879.6	TCGA_DRIVER_STATE_0046	PIK3CA	known_positive_anchor	relative_cnv	Factor1	0.578587085765964	9.70359868940868e-08	within_tcga_supported	FALSE	drop_gene_event_features_PIK3CA	gene_event_feature_drop	ENSG00000121879.6	PIK3CA	3	3	3	3	1	3	1	3	1	0	0.580459888256682	8.32371189390724e-08	0.996366812690369	0.999832814686329	FALSE		retained_across_seeds_no_low_margin
ENSG00000121879.6	TCGA_DRIVER_STATE_0046	PIK3CA	known_positive_anchor	relative_cnv	Factor1	0.578587085765964	9.70359868940868e-08	within_tcga_supported	FALSE	drop_mutation_view	global_view_drop			3	3	3	1	0.333333333333333	1	0.333333333333333	1	0.333333333333333	2	0.582042333772094	7.30634590881022e-08	0.626100009716627	0.638615370148529	FALSE		factor_alignment_unstable
ENSG00000100393.14	TCGA_DRIVER_STATE_0037	EP300	other_strong_driver	relative_cnv	Factor1	0.253771203331802	0.16303172875576	within_tcga_conditional	FALSE	baseline	baseline_multi_seed			3	3	3	3	1	3	1	3	1	0	0.255160869297438	0.16303172875576	0.996667925361895	0.999831609903007	FALSE		direction_and_magnitude_retained_statistical_attenuation
ENSG00000100393.14	TCGA_DRIVER_STATE_0037	EP300	other_strong_driver	relative_cnv	Factor1	0.253771203331802	0.16303172875576	within_tcga_conditional	FALSE	drop_both_event_views	global_view_drop			3	3	3	3	1	3	1	3	1	0	0.25251388650575	0.169937424912664	0.997105913287103	0.99788062376189	FALSE		direction_and_magnitude_retained_statistical_attenuation
ENSG00000100393.14	TCGA_DRIVER_STATE_0037	EP300	other_strong_driver	relative_cnv	Factor1	0.253771203331802	0.16303172875576	within_tcga_conditional	FALSE	drop_cnv_view	global_view_drop			3	3	3	3	1	3	1	3	1	0	0.257840939374021	0.145292209839881	0.996600719700229	0.996616587876539	FALSE		direction_and_magnitude_retained_statistical_attenuation
ENSG00000100393.14	TCGA_DRIVER_STATE_0037	EP300	other_strong_driver	relative_cnv	Factor1	0.253771203331802	0.16303172875576	within_tcga_conditional	FALSE	drop_mutation_view	global_view_drop			3	3	3	1	0.333333333333333	1	0.333333333333333	1	0.333333333333333	2	0.256542263441849	0.160189631828942	0.626100009716627	0.638615370148529	FALSE		factor_alignment_unstable
ENSG00000100393.14	TCGA_DRIVER_STATE_0038	EP300	other_strong_driver	relative_cnv	Factor7	-0.208400263918035	0.283940830828338	within_tcga_conditional	FALSE	baseline	baseline_multi_seed			3	3	3	3	1	3	1	3	1	0	-0.200500674649094	0.301771863672184	0.999817313011878	0.999818522208016	FALSE		direction_and_magnitude_retained_statistical_attenuation
ENSG00000100393.14	TCGA_DRIVER_STATE_0038	EP300	other_strong_driver	relative_cnv	Factor7	-0.208400263918035	0.283940830828338	within_tcga_conditional	FALSE	drop_both_event_views	global_view_drop			3	3	3	3	1	3	1	3	1	0	-0.219211534257834	0.27017172063135	0.995347852193533	0.995924851590014	FALSE		direction_and_magnitude_retained_statistical_attenuation
ENSG00000100393.14	TCGA_DRIVER_STATE_0038	EP300	other_strong_driver	relative_cnv	Factor7	-0.208400263918035	0.283940830828338	within_tcga_conditional	FALSE	drop_cnv_view	global_view_drop			3	3	3	3	1	3	1	3	1	0	-0.210170433659976	0.3357535148037	0.995623411386344	0.995645980129931	FALSE		direction_and_magnitude_retained_statistical_attenuation
ENSG00000100393.14	TCGA_DRIVER_STATE_0038	EP300	other_strong_driver	relative_cnv	Factor7	-0.208400263918035	0.283940830828338	within_tcga_conditional	FALSE	drop_mutation_view	global_view_drop			3	3	3	3	1	3	1	2	0.666666666666667	0	-0.155824568218145	0.611118471105209	0.977033416772979	0.992314148022101	FALSE		direction_and_magnitude_retained_statistical_attenuation
ENSG00000109670.16	TCGA_DRIVER_STATE_0045	FBXW7	other_strong_driver	relative_cnv	Factor7	-0.243303789235754	0.193371519297011	within_tcga_conditional	FALSE	baseline	baseline_multi_seed			3	3	3	3	1	3	1	3	1	0	-0.243303789235754	0.193371519297011	0.999817313011878	0.999818522208016	FALSE		direction_and_magnitude_retained_statistical_attenuation
ENSG00000109670.16	TCGA_DRIVER_STATE_0045	FBXW7	other_strong_driver	relative_cnv	Factor7	-0.243303789235754	0.193371519297011	within_tcga_conditional	FALSE	drop_both_event_views	global_view_drop			3	3	3	3	1	3	1	3	1	0	-0.209389822618058	0.287688486789799	0.995347852193533	0.995924851590014	FALSE		direction_and_magnitude_retained_statistical_attenuation
ENSG00000109670.16	TCGA_DRIVER_STATE_0045	FBXW7	other_strong_driver	relative_cnv	Factor7	-0.243303789235754	0.193371519297011	within_tcga_conditional	FALSE	drop_cnv_view	global_view_drop			3	3	3	3	1	3	1	3	1	0	-0.223013251757572	0.270439920701961	0.995623411386344	0.995645980129931	FALSE		direction_and_magnitude_retained_statistical_attenuation
ENSG00000109670.16	TCGA_DRIVER_STATE_0045	FBXW7	other_strong_driver	relative_cnv	Factor7	-0.243303789235754	0.193371519297011	within_tcga_conditional	FALSE	drop_mutation_view	global_view_drop			3	3	3	3	1	3	1	3	1	0	-0.240312723508475	0.24358981415538	0.977033416772979	0.992314148022101	FALSE		direction_and_magnitude_retained_statistical_attenuation
ENSG00000167548.16	TCGA_DRIVER_STATE_0003	KMT2D	other_strong_driver	mutation	Factor5	0.362179487179487	0.167683937944865	within_tcga_conditional	FALSE	baseline	baseline_multi_seed			3	3	3	3	1	3	1	3	1	0	0.362179487179487	0.167683937944865	0.999457598772549	0.99997128435452	FALSE		direction_and_magnitude_retained_statistical_attenuation
ENSG00000167548.16	TCGA_DRIVER_STATE_0003	KMT2D	other_strong_driver	mutation	Factor5	0.362179487179487	0.167683937944865	within_tcga_conditional	FALSE	drop_both_event_views	global_view_drop			3	3	3	3	1	3	1	3	1	0	0.365384615384615	0.159065867212484	0.999252549838101	0.999355263440041	FALSE		direction_and_magnitude_retained_statistical_attenuation
ENSG00000167548.16	TCGA_DRIVER_STATE_0003	KMT2D	other_strong_driver	mutation	Factor5	0.362179487179487	0.167683937944865	within_tcga_conditional	FALSE	drop_cnv_view	global_view_drop			3	3	3	3	1	3	1	3	1	0	0.362179487179487	0.186315486605405	0.999360937970359	0.999419669571916	FALSE		direction_and_magnitude_retained_statistical_attenuation
ENSG00000167548.16	TCGA_DRIVER_STATE_0003	KMT2D	other_strong_driver	mutation	Factor5	0.362179487179487	0.167683937944865	within_tcga_conditional	FALSE	drop_mutation_view	global_view_drop			3	3	3	3	1	3	1	3	1	0	0.360576923076923	0.223462224596578	0.997816103677328	0.998913020425008	FALSE		direction_and_magnitude_retained_statistical_attenuation
ENSG00000167548.16	TCGA_DRIVER_STATE_0001	KMT2D	other_strong_driver	relative_cnv	Factor2	0.275430665835518	0.138488466026886	within_tcga_conditional	FALSE	baseline	baseline_multi_seed			3	3	3	3	1	3	1	3	1	0	0.278314939618583	0.126809912696737	0.998924467226342	0.999928793988097	FALSE		direction_and_magnitude_retained_statistical_attenuation
ENSG00000167548.16	TCGA_DRIVER_STATE_0001	KMT2D	other_strong_driver	relative_cnv	Factor2	0.275430665835518	0.138488466026886	within_tcga_conditional	FALSE	drop_both_event_views	global_view_drop			3	3	3	3	1	3	1	3	1	0	0.265335707594792	0.155983281245717	0.998123108885465	0.998141320627606	FALSE		direction_and_magnitude_retained_statistical_attenuation
ENSG00000167548.16	TCGA_DRIVER_STATE_0001	KMT2D	other_strong_driver	relative_cnv	Factor2	0.275430665835518	0.138488466026886	within_tcga_conditional	FALSE	drop_cnv_view	global_view_drop			3	3	3	3	1	3	1	3	1	0	0.265895081904235	0.145292209839881	0.998128164107663	0.998401309625071	FALSE		direction_and_magnitude_retained_statistical_attenuation
ENSG00000167548.16	TCGA_DRIVER_STATE_0001	KMT2D	other_strong_driver	relative_cnv	Factor2	0.275430665835518	0.138488466026886	within_tcga_conditional	FALSE	drop_mutation_view	global_view_drop			3	3	3	3	1	3	1	3	1	0	0.279389987119544	0.126809912696737	0.998236495543582	0.998525545261377	FALSE		direction_and_magnitude_retained_statistical_attenuation
ENSG00000167548.16	TCGA_DRIVER_STATE_0002	KMT2D	other_strong_driver	relative_cnv	Factor3	-0.312270708246483	0.0524022138510443	within_tcga_supported	FALSE	baseline	baseline_multi_seed			3	3	3	3	1	3	1	3	1	0	-0.312270708246483	0.0524022138510443	0.997678508614193	0.999958010079992	FALSE		retained_across_seeds_no_low_margin
ENSG00000167548.16	TCGA_DRIVER_STATE_0002	KMT2D	other_strong_driver	relative_cnv	Factor3	-0.312270708246483	0.0524022138510443	within_tcga_supported	FALSE	drop_both_event_views	global_view_drop			3	3	3	3	1	3	1	3	1	0	-0.304640493056738	0.078370990976072	0.997116738410294	0.997538222217793	FALSE		retained_across_seeds_no_low_margin
ENSG00000167548.16	TCGA_DRIVER_STATE_0002	KMT2D	other_strong_driver	relative_cnv	Factor3	-0.312270708246483	0.0524022138510443	within_tcga_supported	FALSE	drop_cnv_view	global_view_drop			3	3	3	3	1	3	1	3	1	0	-0.308407529421893	0.0616216526032258	0.997599715580116	0.997955929137155	FALSE		retained_across_seeds_no_low_margin
ENSG00000167548.16	TCGA_DRIVER_STATE_0002	KMT2D	other_strong_driver	relative_cnv	Factor3	-0.312270708246483	0.0524022138510443	within_tcga_supported	FALSE	drop_mutation_view	global_view_drop			3	3	3	2	0.666666666666667	2	0.666666666666667	2	0.666666666666667	1	-0.252330254900245	0.232210470070643	0.675872769692935	0.8255558582601	FALSE		direction_and_magnitude_retained_statistical_attenuation
ENSG00000148400.12	TCGA_DRIVER_STATE_0010	NOTCH1	other_strong_driver	mutation	Factor7	-0.289648622981956	0.383822420524153	directional_exploratory	FALSE	baseline	baseline_multi_seed			3	3	3	3	1	3	1	3	1	0	-0.289648622981956	0.383822420524153	0.999817313011878	0.999818522208016	FALSE		direction_and_magnitude_retained_statistical_attenuation
ENSG00000148400.12	TCGA_DRIVER_STATE_0010	NOTCH1	other_strong_driver	mutation	Factor7	-0.289648622981956	0.383822420524153	directional_exploratory	FALSE	drop_both_event_views	global_view_drop			3	3	3	3	1	3	1	3	1	0	-0.339031339031339	0.263466715186754	0.995347852193533	0.995924851590014	FALSE		direction_and_magnitude_retained_statistical_attenuation
ENSG00000148400.12	TCGA_DRIVER_STATE_0010	NOTCH1	other_strong_driver	mutation	Factor7	-0.289648622981956	0.383822420524153	directional_exploratory	FALSE	drop_cnv_view	global_view_drop			3	3	3	3	1	3	1	3	1	0	-0.327635327635328	0.357523010388754	0.995623411386344	0.995645980129931	FALSE		direction_and_magnitude_retained_statistical_attenuation
ENSG00000148400.12	TCGA_DRIVER_STATE_0010	NOTCH1	other_strong_driver	mutation	Factor7	-0.289648622981956	0.383822420524153	directional_exploratory	FALSE	drop_mutation_view	global_view_drop			3	3	3	3	1	3	1	3	1	0	-0.289648622981956	0.462999636074371	0.977033416772979	0.992314148022101	FALSE		direction_and_magnitude_retained_statistical_attenuation
ENSG00000148400.12	TCGA_DRIVER_STATE_0008	NOTCH1	other_strong_driver	relative_cnv	Factor1	0.215133292356625	0.283940830828338	within_tcga_conditional	FALSE	baseline	baseline_multi_seed			3	3	3	3	1	3	1	3	1	0	0.213248803110334	0.301771863672184	0.996667925361895	0.999831609903007	FALSE		direction_and_magnitude_retained_statistical_attenuation
ENSG00000148400.12	TCGA_DRIVER_STATE_0008	NOTCH1	other_strong_driver	relative_cnv	Factor1	0.215133292356625	0.283940830828338	within_tcga_conditional	FALSE	drop_both_event_views	global_view_drop			3	3	3	3	1	3	1	3	1	0	0.23082731879974	0.246233962580636	0.997105913287103	0.99788062376189	FALSE		direction_and_magnitude_retained_statistical_attenuation
ENSG00000148400.12	TCGA_DRIVER_STATE_0008	NOTCH1	other_strong_driver	relative_cnv	Factor1	0.215133292356625	0.283940830828338	within_tcga_conditional	FALSE	drop_cnv_view	global_view_drop			3	3	3	3	1	3	1	3	1	0	0.222678787298776	0.270439920701961	0.996600719700229	0.996616587876539	FALSE		direction_and_magnitude_retained_statistical_attenuation
ENSG00000148400.12	TCGA_DRIVER_STATE_0008	NOTCH1	other_strong_driver	relative_cnv	Factor1	0.215133292356625	0.283940830828338	within_tcga_conditional	FALSE	drop_mutation_view	global_view_drop			3	3	3	1	0.333333333333333	1	0.333333333333333	1	0.333333333333333	2	0.213120657841586	0.304691343933186	0.626100009716627	0.638615370148529	FALSE		factor_alignment_unstable
ENSG00000148400.12	TCGA_DRIVER_STATE_0009	NOTCH1	other_strong_driver	relative_cnv	Factor3	0.221306879127476	0.279841925407987	within_tcga_conditional	FALSE	baseline	baseline_multi_seed			3	3	3	3	1	3	1	3	1	0	0.221713928804675	0.27702399629752	0.997678508614193	0.999958010079992	FALSE		direction_and_magnitude_retained_statistical_attenuation
ENSG00000148400.12	TCGA_DRIVER_STATE_0009	NOTCH1	other_strong_driver	relative_cnv	Factor3	0.221306879127476	0.279841925407987	within_tcga_conditional	FALSE	drop_both_event_views	global_view_drop			3	3	3	3	1	3	1	3	1	0	0.226907581167454	0.246233962580636	0.997116738410294	0.997538222217793	FALSE		direction_and_magnitude_retained_statistical_attenuation
ENSG00000148400.12	TCGA_DRIVER_STATE_0009	NOTCH1	other_strong_driver	relative_cnv	Factor3	0.221306879127476	0.279841925407987	within_tcga_conditional	FALSE	drop_cnv_view	global_view_drop			3	3	3	3	1	3	1	3	1	0	0.227781984177733	0.270439920701961	0.997599715580116	0.997955929137155	FALSE		direction_and_magnitude_retained_statistical_attenuation
ENSG00000148400.12	TCGA_DRIVER_STATE_0009	NOTCH1	other_strong_driver	relative_cnv	Factor3	0.221306879127476	0.279841925407987	within_tcga_conditional	FALSE	drop_mutation_view	global_view_drop			3	3	3	2	0.666666666666667	2	0.666666666666667	1	0.333333333333333	1	0.158387552172299	0.633120779225769	0.675872769692935	0.8255558582601	FALSE		direction_retained_effect_attenuation
ENSG00000148400.12	TCGA_DRIVER_STATE_0011	NOTCH1	other_strong_driver	relative_cnv	Factor7	0.358889670020717	0.012228683187433	within_tcga_supported	FALSE	baseline	baseline_multi_seed			3	3	3	3	1	3	1	3	1	0	0.358889670020717	0.012228683187433	0.999817313011878	0.999818522208016	FALSE		retained_across_seeds_no_low_margin
ENSG00000148400.12	TCGA_DRIVER_STATE_0011	NOTCH1	other_strong_driver	relative_cnv	Factor7	0.358889670020717	0.012228683187433	within_tcga_supported	FALSE	drop_both_event_views	global_view_drop			3	3	3	3	1	3	1	3	1	0	0.300380047901862	0.078370990976072	0.995347852193533	0.995924851590014	FALSE		retained_across_seeds_no_low_margin
ENSG00000148400.12	TCGA_DRIVER_STATE_0011	NOTCH1	other_strong_driver	relative_cnv	Factor7	0.358889670020717	0.012228683187433	within_tcga_supported	FALSE	drop_cnv_view	global_view_drop			3	3	3	3	1	3	1	3	1	0	0.307541107037769	0.0616216526032258	0.995623411386344	0.995645980129931	FALSE		retained_across_seeds_no_low_margin
ENSG00000148400.12	TCGA_DRIVER_STATE_0011	NOTCH1	other_strong_driver	relative_cnv	Factor7	0.358889670020717	0.012228683187433	within_tcga_supported	FALSE	drop_mutation_view	global_view_drop			3	3	3	3	1	3	1	3	1	0	0.357540375720373	0.0149649028263324	0.977033416772979	0.992314148022101	FALSE		retained_across_seeds_no_low_margin
ENSG00000074181.9	TCGA_DRIVER_STATE_0016	NOTCH3	other_strong_driver	relative_cnv	Factor1	0.254109213092543	0.16303172875576	within_tcga_conditional	FALSE	baseline	baseline_multi_seed			3	3	3	3	1	3	1	3	1	0	0.254109213092543	0.16303172875576	0.996667925361895	0.999831609903007	FALSE		direction_and_magnitude_retained_statistical_attenuation
ENSG00000074181.9	TCGA_DRIVER_STATE_0016	NOTCH3	other_strong_driver	relative_cnv	Factor1	0.254109213092543	0.16303172875576	within_tcga_conditional	FALSE	drop_both_event_views	global_view_drop			3	3	3	3	1	3	1	3	1	0	0.252476046622711	0.169937424912664	0.997105913287103	0.99788062376189	FALSE		direction_and_magnitude_retained_statistical_attenuation
ENSG00000074181.9	TCGA_DRIVER_STATE_0016	NOTCH3	other_strong_driver	relative_cnv	Factor1	0.254109213092543	0.16303172875576	within_tcga_conditional	FALSE	drop_cnv_view	global_view_drop			3	3	3	3	1	3	1	3	1	0	0.259845812903663	0.145292209839881	0.996600719700229	0.996616587876539	FALSE		direction_and_magnitude_retained_statistical_attenuation
ENSG00000074181.9	TCGA_DRIVER_STATE_0016	NOTCH3	other_strong_driver	relative_cnv	Factor1	0.254109213092543	0.16303172875576	within_tcga_conditional	FALSE	drop_mutation_view	global_view_drop			3	3	3	1	0.333333333333333	1	0.333333333333333	1	0.333333333333333	2	0.254396453426434	0.160189631828942	0.626100009716627	0.638615370148529	FALSE		factor_alignment_unstable
ENSG00000185920.16	TCGA_DRIVER_STATE_0020	PTCH1	other_strong_driver	amplification	Factor5	0.439393939393939	0.394797036461881	directional_exploratory	FALSE	baseline	baseline_multi_seed			3	3	3	3	1	3	1	3	1	0	0.435606060606061	0.394797036461881	0.999457598772549	0.99997128435452	FALSE		direction_and_magnitude_retained_statistical_attenuation
ENSG00000185920.16	TCGA_DRIVER_STATE_0020	PTCH1	other_strong_driver	amplification	Factor5	0.439393939393939	0.394797036461881	directional_exploratory	FALSE	drop_both_event_views	global_view_drop			3	3	3	3	1	3	1	3	1	0	0.450757575757576	0.30547574169048	0.999252549838101	0.999355263440041	FALSE		direction_and_magnitude_retained_statistical_attenuation
ENSG00000185920.16	TCGA_DRIVER_STATE_0020	PTCH1	other_strong_driver	amplification	Factor5	0.439393939393939	0.394797036461881	directional_exploratory	FALSE	drop_cnv_view	global_view_drop			3	3	3	3	1	3	1	3	1	0	0.431818181818182	0.492325998188562	0.999360937970359	0.999419669571916	FALSE		direction_and_magnitude_retained_statistical_attenuation
ENSG00000185920.16	TCGA_DRIVER_STATE_0020	PTCH1	other_strong_driver	amplification	Factor5	0.439393939393939	0.394797036461881	directional_exploratory	FALSE	drop_mutation_view	global_view_drop			3	3	3	3	1	3	1	3	1	0	0.443181818181818	0.433482515822744	0.997816103677328	0.998913020425008	FALSE		direction_and_magnitude_retained_statistical_attenuation
ENSG00000185920.16	TCGA_DRIVER_STATE_0021	PTCH1	other_strong_driver	amplification	Factor6	0.53030303030303	0.254622778770024	within_tcga_conditional	FALSE	baseline	baseline_multi_seed			3	3	3	3	1	3	1	3	1	0	0.526515151515152	0.254622778770024	0.999813940956675	0.999985511186886	FALSE		direction_and_magnitude_retained_statistical_attenuation
ENSG00000185920.16	TCGA_DRIVER_STATE_0021	PTCH1	other_strong_driver	amplification	Factor6	0.53030303030303	0.254622778770024	within_tcga_conditional	FALSE	drop_both_event_views	global_view_drop			3	3	3	3	1	3	1	3	1	0	0.515151515151515	0.218879632253449	0.997750228728005	0.997950801414186	FALSE		direction_and_magnitude_retained_statistical_attenuation
ENSG00000185920.16	TCGA_DRIVER_STATE_0021	PTCH1	other_strong_driver	amplification	Factor6	0.53030303030303	0.254622778770024	within_tcga_conditional	FALSE	drop_cnv_view	global_view_drop			3	3	3	3	1	3	1	3	1	0	0.518939393939394	0.298976656552962	0.998031950839543	0.998215590521335	FALSE		direction_and_magnitude_retained_statistical_attenuation
ENSG00000185920.16	TCGA_DRIVER_STATE_0021	PTCH1	other_strong_driver	amplification	Factor6	0.53030303030303	0.254622778770024	within_tcga_conditional	FALSE	drop_mutation_view	global_view_drop			3	3	3	3	1	3	1	3	1	0	0.5	0.433482515822744	0.99718962324442	0.997437168009455	FALSE		direction_and_magnitude_retained_statistical_attenuation
ENSG00000185920.16	TCGA_DRIVER_STATE_0023	PTCH1	other_strong_driver	amplification	Factor7	0.59469696969697	0.247906613381428	within_tcga_conditional	FALSE	baseline	baseline_multi_seed			3	3	3	3	1	3	1	3	1	0	0.59469696969697	0.246799435146972	0.999817313011878	0.999818522208016	FALSE		direction_and_magnitude_retained_statistical_attenuation
ENSG00000185920.16	TCGA_DRIVER_STATE_0023	PTCH1	other_strong_driver	amplification	Factor7	0.59469696969697	0.247906613381428	within_tcga_conditional	FALSE	drop_both_event_views	global_view_drop			3	3	3	3	1	3	1	3	1	0	0.564393939393939	0.218879632253449	0.995347852193533	0.995924851590014	FALSE		direction_and_magnitude_retained_statistical_attenuation
ENSG00000185920.16	TCGA_DRIVER_STATE_0023	PTCH1	other_strong_driver	amplification	Factor7	0.59469696969697	0.247906613381428	within_tcga_conditional	FALSE	drop_cnv_view	global_view_drop			3	3	3	3	1	3	1	3	1	0	0.587121212121212	0.269806532126882	0.995623411386344	0.995645980129931	FALSE		direction_and_magnitude_retained_statistical_attenuation
ENSG00000185920.16	TCGA_DRIVER_STATE_0023	PTCH1	other_strong_driver	amplification	Factor7	0.59469696969697	0.247906613381428	within_tcga_conditional	FALSE	drop_mutation_view	global_view_drop			3	3	3	3	1	3	1	3	1	0	0.446969696969697	0.433482515822744	0.977033416772979	0.992314148022101	FALSE		direction_and_magnitude_retained_statistical_attenuation
ENSG00000185920.16	TCGA_DRIVER_STATE_0024	PTCH1	other_strong_driver	amplification	Factor8	0.507575757575758	0.254622778770024	within_tcga_conditional	FALSE	baseline	baseline_multi_seed			3	3	3	3	1	3	1	3	1	0	0.507575757575758	0.254622778770024	0.991009230860003	0.99798752661386	FALSE		direction_and_magnitude_retained_statistical_attenuation
ENSG00000185920.16	TCGA_DRIVER_STATE_0024	PTCH1	other_strong_driver	amplification	Factor8	0.507575757575758	0.254622778770024	within_tcga_conditional	FALSE	drop_both_event_views	global_view_drop			3	3	3	3	1	3	1	3	1	0	0.522727272727273	0.218879632253449	0.873642525676316	0.905448312409044	FALSE		direction_and_magnitude_retained_statistical_attenuation
ENSG00000185920.16	TCGA_DRIVER_STATE_0024	PTCH1	other_strong_driver	amplification	Factor8	0.507575757575758	0.254622778770024	within_tcga_conditional	FALSE	drop_cnv_view	global_view_drop			3	3	3	3	1	3	1	1	0.333333333333333	0	0.0643939393939395	1	0.79820305758115	0.799998610829623	FALSE		direction_retained_effect_attenuation
ENSG00000185920.16	TCGA_DRIVER_STATE_0024	PTCH1	other_strong_driver	amplification	Factor8	0.507575757575758	0.254622778770024	within_tcga_conditional	FALSE	drop_mutation_view	global_view_drop			3	3	3	1	0.333333333333333	1	0.333333333333333	1	0.333333333333333	2	0.515151515151515	0.246799435146972	0.691002087714637	0.707054180616254	FALSE		factor_alignment_unstable
ENSG00000185920.16	TCGA_DRIVER_STATE_0017	PTCH1	other_strong_driver	mutation	Factor1	0.500821018062397	0.173841101375178	within_tcga_conditional	FALSE	baseline	baseline_multi_seed			3	3	3	3	1	3	1	3	1	0	0.500821018062397	0.173860512851902	0.996667925361895	0.999831609903007	FALSE		direction_and_magnitude_retained_statistical_attenuation
ENSG00000185920.16	TCGA_DRIVER_STATE_0017	PTCH1	other_strong_driver	mutation	Factor1	0.500821018062397	0.173841101375178	within_tcga_conditional	FALSE	drop_both_event_views	global_view_drop			3	3	3	3	1	3	1	3	1	0	0.507389162561576	0.171621408410859	0.997105913287103	0.99788062376189	FALSE		direction_and_magnitude_retained_statistical_attenuation
ENSG00000185920.16	TCGA_DRIVER_STATE_0017	PTCH1	other_strong_driver	mutation	Factor1	0.500821018062397	0.173841101375178	within_tcga_conditional	FALSE	drop_cnv_view	global_view_drop			3	3	3	3	1	3	1	3	1	0	0.497536945812808	0.199211263919436	0.996600719700229	0.996616587876539	FALSE		direction_and_magnitude_retained_statistical_attenuation
ENSG00000185920.16	TCGA_DRIVER_STATE_0017	PTCH1	other_strong_driver	mutation	Factor1	0.500821018062397	0.173841101375178	within_tcga_conditional	FALSE	drop_mutation_view	global_view_drop			3	3	3	1	0.333333333333333	1	0.333333333333333	1	0.333333333333333	2	0.513957307060755	0.173860512851902	0.626100009716627	0.638615370148529	FALSE		factor_alignment_unstable
ENSG00000185920.16	TCGA_DRIVER_STATE_0018	PTCH1	other_strong_driver	relative_cnv	Factor2	-0.261558945241627	0.16303172875576	within_tcga_conditional	FALSE	baseline	baseline_multi_seed			3	3	3	3	1	3	1	3	1	0	-0.261558945241627	0.16303172875576	0.998924467226342	0.999928793988097	FALSE		direction_and_magnitude_retained_statistical_attenuation
ENSG00000185920.16	TCGA_DRIVER_STATE_0018	PTCH1	other_strong_driver	relative_cnv	Factor2	-0.261558945241627	0.16303172875576	within_tcga_conditional	FALSE	drop_both_event_views	global_view_drop			3	3	3	3	1	3	1	3	1	0	-0.271558380385356	0.150438195071433	0.998123108885465	0.998141320627606	FALSE		direction_and_magnitude_retained_statistical_attenuation
ENSG00000185920.16	TCGA_DRIVER_STATE_0018	PTCH1	other_strong_driver	relative_cnv	Factor2	-0.261558945241627	0.16303172875576	within_tcga_conditional	FALSE	drop_cnv_view	global_view_drop			3	3	3	3	1	3	1	3	1	0	-0.271161153015246	0.145292209839881	0.998128164107663	0.998401309625071	FALSE		direction_and_magnitude_retained_statistical_attenuation
ENSG00000185920.16	TCGA_DRIVER_STATE_0018	PTCH1	other_strong_driver	relative_cnv	Factor2	-0.261558945241627	0.16303172875576	within_tcga_conditional	FALSE	drop_mutation_view	global_view_drop			3	3	3	3	1	3	1	3	1	0	-0.258235985510899	0.195599757023085	0.998236495543582	0.998525545261377	FALSE		direction_and_magnitude_retained_statistical_attenuation
ENSG00000185920.16	TCGA_DRIVER_STATE_0019	PTCH1	other_strong_driver	relative_cnv	Factor3	0.201646363246005	0.289705020235148	directional_exploratory	FALSE	baseline	baseline_multi_seed			3	3	3	3	1	3	1	3	1	0	0.201646363246005	0.289705020235148	0.997678508614193	0.999958010079992	FALSE		direction_and_magnitude_retained_statistical_attenuation
ENSG00000185920.16	TCGA_DRIVER_STATE_0019	PTCH1	other_strong_driver	relative_cnv	Factor3	0.201646363246005	0.289705020235148	directional_exploratory	FALSE	drop_both_event_views	global_view_drop			3	3	3	3	1	3	1	3	1	0	0.198896327606783	0.287688486789799	0.997116738410294	0.997538222217793	FALSE		direction_and_magnitude_retained_statistical_attenuation
ENSG00000185920.16	TCGA_DRIVER_STATE_0019	PTCH1	other_strong_driver	relative_cnv	Factor3	0.201646363246005	0.289705020235148	directional_exploratory	FALSE	drop_cnv_view	global_view_drop			3	3	3	3	1	3	1	3	1	0	0.19981300615319	0.3357535148037	0.997599715580116	0.997955929137155	FALSE		direction_and_magnitude_retained_statistical_attenuation
ENSG00000185920.16	TCGA_DRIVER_STATE_0019	PTCH1	other_strong_driver	relative_cnv	Factor3	0.201646363246005	0.289705020235148	directional_exploratory	FALSE	drop_mutation_view	global_view_drop			3	3	3	2	0.666666666666667	2	0.666666666666667	1	0.333333333333333	1	0.141496972625895	0.652345671966593	0.675872769692935	0.8255558582601	FALSE		direction_retained_effect_attenuation
ENSG00000185920.16	TCGA_DRIVER_STATE_0022	PTCH1	other_strong_driver	relative_cnv	Factor7	0.391559241097994	0.00456908290421296	within_tcga_supported	FALSE	baseline	baseline_multi_seed			3	3	3	3	1	3	1	3	1	0	0.39266689434157	0.00434740949732637	0.999817313011878	0.999818522208016	FALSE		retained_across_seeds_no_low_margin
ENSG00000185920.16	TCGA_DRIVER_STATE_0022	PTCH1	other_strong_driver	relative_cnv	Factor7	0.391559241097994	0.00456908290421296	within_tcga_supported	FALSE	drop_both_event_views	global_view_drop			3	3	3	3	1	3	1	3	1	0	0.339782181201739	0.0387191768334141	0.995347852193533	0.995924851590014	FALSE		retained_across_seeds_no_low_margin
ENSG00000185920.16	TCGA_DRIVER_STATE_0022	PTCH1	other_strong_driver	relative_cnv	Factor7	0.391559241097994	0.00456908290421296	within_tcga_supported	FALSE	drop_cnv_view	global_view_drop			3	3	3	3	1	3	1	3	1	0	0.353066381136763	0.0231481810140558	0.995623411386344	0.995645980129931	FALSE		retained_across_seeds_no_low_margin
ENSG00000185920.16	TCGA_DRIVER_STATE_0022	PTCH1	other_strong_driver	relative_cnv	Factor7	0.391559241097994	0.00456908290421296	within_tcga_supported	FALSE	drop_mutation_view	global_view_drop			3	3	3	3	1	3	1	3	1	0	0.387350158772406	0.00805182279675931	0.977033416772979	0.992314148022101	FALSE		retained_across_seeds_no_low_margin
ENSG00000127616.19	TCGA_DRIVER_STATE_0068	SMARCA4	other_strong_driver	mutation	Factor1	-0.947454844006568	0.0012087269522841	within_tcga_supported	FALSE	baseline	baseline_multi_seed			3	3	3	3	1	3	1	3	1	0	-0.947454844006568	0.0012087269522841	0.996667925361895	0.999831609903007	FALSE		retained_across_seeds_no_low_margin
ENSG00000127616.19	TCGA_DRIVER_STATE_0068	SMARCA4	other_strong_driver	mutation	Factor1	-0.947454844006568	0.0012087269522841	within_tcga_supported	FALSE	drop_both_event_views	global_view_drop			3	3	3	3	1	3	1	3	1	0	-0.924466338259442	0.00186811546764785	0.997105913287103	0.99788062376189	FALSE		retained_across_seeds_no_low_margin
ENSG00000127616.19	TCGA_DRIVER_STATE_0068	SMARCA4	other_strong_driver	mutation	Factor1	-0.947454844006568	0.0012087269522841	within_tcga_supported	FALSE	drop_cnv_view	global_view_drop			3	3	3	3	1	3	1	3	1	0	-0.888341543513957	0.00363091838726781	0.996600719700229	0.996616587876539	FALSE		retained_across_seeds_no_low_margin
ENSG00000127616.19	TCGA_DRIVER_STATE_0068	SMARCA4	other_strong_driver	mutation	Factor1	-0.947454844006568	0.0012087269522841	within_tcga_supported	FALSE	drop_mutation_view	global_view_drop			3	3	3	1	0.333333333333333	1	0.333333333333333	1	0.333333333333333	2	-0.954022988505747	0.00106544742915805	0.626100009716627	0.638615370148529	FALSE		factor_alignment_unstable
ENSG00000127616.19	TCGA_DRIVER_STATE_0069	SMARCA4	other_strong_driver	mutation	Factor2	0.382594417077176	0.383822420524153	directional_exploratory	FALSE	baseline	baseline_multi_seed			3	3	3	3	1	3	1	3	1	0	0.369458128078818	0.40449379410336	0.998924467226342	0.999928793988097	FALSE		direction_and_magnitude_retained_statistical_attenuation
ENSG00000127616.19	TCGA_DRIVER_STATE_0069	SMARCA4	other_strong_driver	mutation	Factor2	0.382594417077176	0.383822420524153	directional_exploratory	FALSE	drop_both_event_views	global_view_drop			3	3	3	3	1	3	1	3	1	0	0.385878489326765	0.346241563155278	0.998123108885465	0.998141320627606	FALSE		direction_and_magnitude_retained_statistical_attenuation
ENSG00000127616.19	TCGA_DRIVER_STATE_0069	SMARCA4	other_strong_driver	mutation	Factor2	0.382594417077176	0.383822420524153	directional_exploratory	FALSE	drop_cnv_view	global_view_drop			3	3	3	3	1	3	1	3	1	0	0.399014778325123	0.418618363198375	0.998128164107663	0.998401309625071	FALSE		direction_and_magnitude_retained_statistical_attenuation
ENSG00000127616.19	TCGA_DRIVER_STATE_0069	SMARCA4	other_strong_driver	mutation	Factor2	0.382594417077176	0.383822420524153	directional_exploratory	FALSE	drop_mutation_view	global_view_drop			3	3	3	3	1	3	1	3	1	0	0.313628899835796	0.68502082495885	0.998236495543582	0.998525545261377	FALSE		direction_and_magnitude_retained_statistical_attenuation
ENSG00000127616.19	TCGA_DRIVER_STATE_0070	SMARCA4	other_strong_driver	mutation	Factor4	0.520525451559934	0.167683937944865	directional_exploratory_level_factor_qc	TRUE	baseline	baseline_multi_seed			3	3	3	3	1	3	1	3	1	0	0.507389162561576	0.173860512851902	0.991874075737422	0.998204408578741	FALSE		level_factor_qc_not_primary
ENSG00000127616.19	TCGA_DRIVER_STATE_0070	SMARCA4	other_strong_driver	mutation	Factor4	0.520525451559934	0.167683937944865	directional_exploratory_level_factor_qc	TRUE	drop_both_event_views	global_view_drop			3	3	3	3	1	3	1	3	1	0	0.642036124794745	0.0717012305539097	0.881283744038965	0.907724413079301	FALSE		level_factor_qc_not_primary
ENSG00000127616.19	TCGA_DRIVER_STATE_0070	SMARCA4	other_strong_driver	mutation	Factor4	0.520525451559934	0.167683937944865	directional_exploratory_level_factor_qc	TRUE	drop_cnv_view	global_view_drop			3	3	3	1	0.333333333333333	1	0.333333333333333	1	0.333333333333333	2	0.638752052545156	0.0749737975892778	0.593152065372342	0.594785506573292	FALSE		level_factor_qc_not_primary
ENSG00000127616.19	TCGA_DRIVER_STATE_0070	SMARCA4	other_strong_driver	mutation	Factor4	0.520525451559934	0.167683937944865	directional_exploratory_level_factor_qc	TRUE	drop_mutation_view	global_view_drop			3	3	3	3	1	3	1	3	1	0	0.54679802955665	0.223462224596578	0.985440590290708	0.986520865413592	FALSE		level_factor_qc_not_primary
ENSG00000127616.19	TCGA_DRIVER_STATE_0071	SMARCA4	other_strong_driver	mutation	Factor5	0.586206896551724	0.124332748577683	within_tcga_conditional	FALSE	baseline	baseline_multi_seed			3	3	3	3	1	3	1	3	1	0	0.586206896551724	0.124332748577683	0.999457598772549	0.99997128435452	FALSE		direction_and_magnitude_retained_statistical_attenuation
ENSG00000127616.19	TCGA_DRIVER_STATE_0071	SMARCA4	other_strong_driver	mutation	Factor5	0.586206896551724	0.124332748577683	within_tcga_conditional	FALSE	drop_both_event_views	global_view_drop			3	3	3	3	1	3	1	3	1	0	0.586206896551724	0.111668691524356	0.999252549838101	0.999355263440041	FALSE		direction_and_magnitude_retained_statistical_attenuation
ENSG00000127616.19	TCGA_DRIVER_STATE_0071	SMARCA4	other_strong_driver	mutation	Factor5	0.586206896551724	0.124332748577683	within_tcga_conditional	FALSE	drop_cnv_view	global_view_drop			3	3	3	3	1	3	1	3	1	0	0.602627257799672	0.100801251618238	0.999360937970359	0.999419669571916	FALSE		direction_and_magnitude_retained_statistical_attenuation
ENSG00000127616.19	TCGA_DRIVER_STATE_0071	SMARCA4	other_strong_driver	mutation	Factor5	0.586206896551724	0.124332748577683	within_tcga_conditional	FALSE	drop_mutation_view	global_view_drop			3	3	3	3	1	3	1	3	1	0	0.569786535303777	0.223462224596578	0.997816103677328	0.998913020425008	FALSE		direction_and_magnitude_retained_statistical_attenuation
ENSG00000127616.19	TCGA_DRIVER_STATE_0072	SMARCA4	other_strong_driver	mutation	Factor7	0.428571428571429	0.293626613478419	directional_exploratory	FALSE	baseline	baseline_multi_seed			3	3	3	3	1	3	1	3	1	0	0.428571428571429	0.293626613478419	0.999817313011878	0.999818522208016	FALSE		direction_and_magnitude_retained_statistical_attenuation
ENSG00000127616.19	TCGA_DRIVER_STATE_0072	SMARCA4	other_strong_driver	mutation	Factor7	0.428571428571429	0.293626613478419	directional_exploratory	FALSE	drop_both_event_views	global_view_drop			3	3	3	3	1	3	1	3	1	0	0.438423645320197	0.266085986735767	0.995347852193533	0.995924851590014	FALSE		direction_and_magnitude_retained_statistical_attenuation
ENSG00000127616.19	TCGA_DRIVER_STATE_0072	SMARCA4	other_strong_driver	mutation	Factor7	0.428571428571429	0.293626613478419	directional_exploratory	FALSE	drop_cnv_view	global_view_drop			3	3	3	3	1	3	1	3	1	0	0.385878489326765	0.441523115741517	0.995623411386344	0.995645980129931	FALSE		direction_and_magnitude_retained_statistical_attenuation
ENSG00000127616.19	TCGA_DRIVER_STATE_0072	SMARCA4	other_strong_driver	mutation	Factor7	0.428571428571429	0.293626613478419	directional_exploratory	FALSE	drop_mutation_view	global_view_drop			3	3	3	3	1	3	1	3	1	0	0.42200328407225	0.462999636074371	0.977033416772979	0.992314148022101	FALSE		direction_and_magnitude_retained_statistical_attenuation
ENSG00000127616.19	TCGA_DRIVER_STATE_0073	SMARCA4	other_strong_driver	mutation	Factor8	-0.635467980295567	0.0783807307999041	within_tcga_supported	FALSE	baseline	baseline_multi_seed			3	3	3	3	1	3	1	3	1	0	-0.635467980295567	0.0783807307999041	0.991009230860003	0.99798752661386	FALSE		retained_across_seeds_no_low_margin
ENSG00000127616.19	TCGA_DRIVER_STATE_0073	SMARCA4	other_strong_driver	mutation	Factor8	-0.635467980295567	0.0783807307999041	within_tcga_supported	FALSE	drop_both_event_views	global_view_drop			3	3	3	3	1	3	1	3	1	0	-0.448275862068966	0.263466715186754	0.873642525676316	0.905448312409044	FALSE		direction_and_magnitude_retained_statistical_attenuation
ENSG00000127616.19	TCGA_DRIVER_STATE_0073	SMARCA4	other_strong_driver	mutation	Factor8	-0.635467980295567	0.0783807307999041	within_tcga_supported	FALSE	drop_cnv_view	global_view_drop			3	3	3	3	1	3	1	3	1	0	-0.671592775041051	0.0475700364646971	0.79820305758115	0.799998610829623	FALSE		retained_across_seeds_no_low_margin
ENSG00000127616.19	TCGA_DRIVER_STATE_0073	SMARCA4	other_strong_driver	mutation	Factor8	-0.635467980295567	0.0783807307999041	within_tcga_supported	FALSE	drop_mutation_view	global_view_drop			3	3	3	1	0.333333333333333	1	0.333333333333333	1	0.333333333333333	2	-0.635467980295567	0.0783807307999041	0.691002087714637	0.707054180616254	FALSE		factor_alignment_unstable
ENSG00000141510.18	TCGA_DRIVER_STATE_0058	TP53	other_strong_driver	mutation	Factor1	0.619047619047619	0.026309573152747	within_tcga_supported	FALSE	baseline	baseline_multi_seed			3	3	3	3	1	3	1	3	1	0	0.619047619047619	0.026309573152747	0.996667925361895	0.999831609903007	FALSE		retained_across_seeds_no_low_margin
ENSG00000141510.18	TCGA_DRIVER_STATE_0058	TP53	other_strong_driver	mutation	Factor1	0.619047619047619	0.026309573152747	within_tcga_supported	FALSE	drop_both_event_views	global_view_drop			3	3	3	3	1	3	1	3	1	0	0.635714285714286	0.0194936148433165	0.997105913287103	0.99788062376189	FALSE		retained_across_seeds_no_low_margin
ENSG00000141510.18	TCGA_DRIVER_STATE_0058	TP53	other_strong_driver	mutation	Factor1	0.619047619047619	0.026309573152747	within_tcga_supported	FALSE	drop_cnv_view	global_view_drop			3	3	3	3	1	3	1	3	1	0	0.619047619047619	0.026309573152747	0.996600719700229	0.996616587876539	FALSE		retained_across_seeds_no_low_margin
ENSG00000141510.18	TCGA_DRIVER_STATE_0058	TP53	other_strong_driver	mutation	Factor1	0.619047619047619	0.026309573152747	within_tcga_supported	FALSE	drop_mutation_view	global_view_drop			3	3	3	1	0.333333333333333	1	0.333333333333333	1	0.333333333333333	2	0.623809523809524	0.0241664738912335	0.626100009716627	0.638615370148529	FALSE		factor_alignment_unstable
ENSG00000141510.18	TCGA_DRIVER_STATE_0060	TP53	other_strong_driver	mutation	Factor5	-0.476190476190476	0.129852383590817	within_tcga_conditional	FALSE	baseline	baseline_multi_seed			3	3	3	3	1	3	1	3	1	0	-0.476190476190476	0.129852383590817	0.999457598772549	0.99997128435452	FALSE		direction_and_magnitude_retained_statistical_attenuation
ENSG00000141510.18	TCGA_DRIVER_STATE_0060	TP53	other_strong_driver	mutation	Factor5	-0.476190476190476	0.129852383590817	within_tcga_conditional	FALSE	drop_both_event_views	global_view_drop			3	3	3	3	1	3	1	3	1	0	-0.478571428571429	0.111668691524356	0.999252549838101	0.999355263440041	FALSE		direction_and_magnitude_retained_statistical_attenuation
ENSG00000141510.18	TCGA_DRIVER_STATE_0060	TP53	other_strong_driver	mutation	Factor5	-0.476190476190476	0.129852383590817	within_tcga_conditional	FALSE	drop_cnv_view	global_view_drop			3	3	3	3	1	3	1	3	1	0	-0.476190476190476	0.129852383590817	0.999360937970359	0.999419669571916	FALSE		direction_and_magnitude_retained_statistical_attenuation
ENSG00000141510.18	TCGA_DRIVER_STATE_0060	TP53	other_strong_driver	mutation	Factor5	-0.476190476190476	0.129852383590817	within_tcga_conditional	FALSE	drop_mutation_view	global_view_drop			3	3	3	3	1	3	1	3	1	0	-0.464285714285714	0.223462224596578	0.997816103677328	0.998913020425008	FALSE		direction_and_magnitude_retained_statistical_attenuation
ENSG00000141510.18	TCGA_DRIVER_STATE_0061	TP53	other_strong_driver	mutation	Factor6	0.419047619047619	0.173841101375178	within_tcga_conditional	FALSE	baseline	baseline_multi_seed			3	3	3	3	1	3	1	3	1	0	0.419047619047619	0.193137320518489	0.999813940956675	0.999985511186886	FALSE		direction_and_magnitude_retained_statistical_attenuation
ENSG00000141510.18	TCGA_DRIVER_STATE_0061	TP53	other_strong_driver	mutation	Factor6	0.419047619047619	0.173841101375178	within_tcga_conditional	FALSE	drop_both_event_views	global_view_drop			3	3	3	3	1	3	1	3	1	0	0.426190476190476	0.171621408410859	0.997750228728005	0.997950801414186	FALSE		direction_and_magnitude_retained_statistical_attenuation
ENSG00000141510.18	TCGA_DRIVER_STATE_0061	TP53	other_strong_driver	mutation	Factor6	0.419047619047619	0.173841101375178	within_tcga_conditional	FALSE	drop_cnv_view	global_view_drop			3	3	3	3	1	3	1	3	1	0	0.421428571428572	0.199211263919436	0.998031950839543	0.998215590521335	FALSE		direction_and_magnitude_retained_statistical_attenuation
ENSG00000141510.18	TCGA_DRIVER_STATE_0061	TP53	other_strong_driver	mutation	Factor6	0.419047619047619	0.173841101375178	within_tcga_conditional	FALSE	drop_mutation_view	global_view_drop			3	3	3	3	1	3	1	3	1	0	0.428571428571429	0.223462224596578	0.99718962324442	0.997437168009455	FALSE		direction_and_magnitude_retained_statistical_attenuation
ENSG00000141510.18	TCGA_DRIVER_STATE_0059	TP53	other_strong_driver	relative_cnv	Factor4	0.208790276539727	0.283940830828338	directional_exploratory_level_factor_qc	TRUE	baseline	baseline_multi_seed			3	3	3	3	1	3	1	3	1	0	0.208703791638313	0.301771863672184	0.991874075737422	0.998204408578741	FALSE		level_factor_qc_not_primary
ENSG00000141510.18	TCGA_DRIVER_STATE_0059	TP53	other_strong_driver	relative_cnv	Factor4	0.208790276539727	0.283940830828338	directional_exploratory_level_factor_qc	TRUE	drop_both_event_views	global_view_drop			3	3	3	3	1	3	1	3	1	0	0.192979264108586	0.287688486789799	0.881283744038965	0.907724413079301	FALSE		level_factor_qc_not_primary
ENSG00000141510.18	TCGA_DRIVER_STATE_0059	TP53	other_strong_driver	relative_cnv	Factor4	0.208790276539727	0.283940830828338	directional_exploratory_level_factor_qc	TRUE	drop_cnv_view	global_view_drop			3	3	3	1	0.333333333333333	1	0.333333333333333	1	0.333333333333333	2	0.188238319058373	0.298417429849807	0.593152065372342	0.594785506573292	FALSE		level_factor_qc_not_primary
ENSG00000141510.18	TCGA_DRIVER_STATE_0059	TP53	other_strong_driver	relative_cnv	Factor4	0.208790276539727	0.283940830828338	directional_exploratory_level_factor_qc	TRUE	drop_mutation_view	global_view_drop			3	3	3	3	1	3	1	3	1	0	0.207603074711233	0.405361823018992	0.985440590290708	0.986520865413592	FALSE		level_factor_qc_not_primary
ENSG00000141510.18	TCGA_DRIVER_STATE_0062	TP53	other_strong_driver	relative_cnv	Factor6	0.206282214398735	0.283940830828338	within_tcga_conditional	FALSE	baseline	baseline_multi_seed			3	3	3	3	1	3	1	3	1	0	0.206282214398735	0.301771863672184	0.999813940956675	0.999985511186886	FALSE		direction_and_magnitude_retained_statistical_attenuation
ENSG00000141510.18	TCGA_DRIVER_STATE_0062	TP53	other_strong_driver	relative_cnv	Factor6	0.206282214398735	0.283940830828338	within_tcga_conditional	FALSE	drop_both_event_views	global_view_drop			3	3	3	3	1	3	1	3	1	0	0.201863622162882	0.287688486789799	0.997750228728005	0.997950801414186	FALSE		direction_and_magnitude_retained_statistical_attenuation
ENSG00000141510.18	TCGA_DRIVER_STATE_0062	TP53	other_strong_driver	relative_cnv	Factor6	0.206282214398735	0.283940830828338	within_tcga_conditional	FALSE	drop_cnv_view	global_view_drop			3	3	3	3	1	3	1	3	1	0	0.203766289993979	0.3357535148037	0.998031950839543	0.998215590521335	FALSE		direction_and_magnitude_retained_statistical_attenuation
ENSG00000141510.18	TCGA_DRIVER_STATE_0062	TP53	other_strong_driver	relative_cnv	Factor6	0.206282214398735	0.283940830828338	within_tcga_conditional	FALSE	drop_mutation_view	global_view_drop			3	3	3	3	1	3	1	3	1	0	0.203954984324336	0.405361823018992	0.99718962324442	0.997437168009455	FALSE		direction_and_magnitude_retained_statistical_attenuation
