edge_id	source_node	source_gene_id	source_gene_name	event_type	target_node	target_type	effect_measure	effect	effect_ci95_low	effect_ci95_high	p_value	q_value	bootstrap_direction_consistency	association_status	level_factor_soft_flag	target_model_overlap_class	predictor_feature_selected_in_target_model	independence_group	eligible_as_independent_validation
TCGA_DRIVER_STATE_0019	PTCH1:relative_cnv	ENSG00000185920.16	PTCH1	relative_cnv	Factor3	MOFA_factor	Spearman rho	0.201646363246005	-0.0203236789651007	0.404131782065139	0.0513019306666409	0.289705020235148	0.964	directional_exploratory	FALSE	predictor_layer_in_mofa_input	FALSE	TCGA_ESCC_DR45_driver_state_shared_patients	FALSE
TCGA_DRIVER_STATE_0072	SMARCA4:mutation	ENSG00000127616.19	SMARCA4	mutation	Factor7	MOFA_factor	rank-biserial correlation: event minus reference	0.428571428571429	0.0336617405582924	0.704597701149425	0.0611722111413373	0.293626613478419	0.984	directional_exploratory	FALSE	predictor_feature_in_mofa_input	TRUE	TCGA_ESCC_DR45_driver_state_shared_patients	FALSE
TCGA_DRIVER_STATE_0048	PIK3CA:mutation	ENSG00000121879.6	PIK3CA	mutation	Factor6	MOFA_factor	rank-biserial correlation: event minus reference	-0.325301204819277	-0.558762322015334	-0.0699342825848851	0.0817142358660419	0.367714061397188	0.992	directional_exploratory	FALSE	predictor_feature_in_mofa_input	TRUE	TCGA_ESCC_DR45_driver_state_shared_patients	FALSE
TCGA_DRIVER_STATE_0069	SMARCA4:mutation	ENSG00000127616.19	SMARCA4	mutation	Factor2	MOFA_factor	rank-biserial correlation: event minus reference	0.382594417077176	-0.0182266009852216	0.719293924466338	0.0947963892595824	0.383822420524153	0.966	directional_exploratory	FALSE	predictor_feature_in_mofa_input	TRUE	TCGA_ESCC_DR45_driver_state_shared_patients	FALSE
TCGA_DRIVER_STATE_0010	NOTCH1:mutation	ENSG00000148400.12	NOTCH1	mutation	Factor7	MOFA_factor	rank-biserial correlation: event minus reference	-0.289648622981956	-0.588841405508072	0.0561253561253561	0.0959556051310382	0.383822420524153	0.946	directional_exploratory	FALSE	predictor_feature_in_mofa_input	TRUE	TCGA_ESCC_DR45_driver_state_shared_patients	FALSE
TCGA_DRIVER_STATE_0020	PTCH1:amplification	ENSG00000185920.16	PTCH1	amplification	Factor5	MOFA_factor	rank-biserial correlation: event minus reference	0.439393939393939	0.119223484848485	0.716098484848485	0.0740244443366027	0.394797036461881	1	directional_exploratory	FALSE	predictor_layer_in_mofa_input	FALSE	TCGA_ESCC_DR45_driver_state_shared_patients	FALSE
TCGA_DRIVER_STATE_0070	SMARCA4:mutation	ENSG00000127616.19	SMARCA4	mutation	Factor4	MOFA_factor	rank-biserial correlation: event minus reference	0.520525451559934	-0.00353037766830863	0.885057471264368	0.0228758204504946	0.167683937944865	0.974	directional_exploratory_level_factor_qc	TRUE	predictor_feature_in_mofa_input	TRUE	TCGA_ESCC_DR45_driver_state_shared_patients	FALSE
TCGA_DRIVER_STATE_0059	TP53:relative_cnv	ENSG00000141510.18	TP53	relative_cnv	Factor4	MOFA_factor	Spearman rho	0.208790276539727	0.0171048560175124	0.401122886603031	0.0434323854449104	0.283940830828338	0.982	directional_exploratory_level_factor_qc	TRUE	predictor_layer_in_mofa_input	FALSE	TCGA_ESCC_DR45_driver_state_shared_patients	FALSE
TCGA_DRIVER_STATE_0071	SMARCA4:mutation	ENSG00000127616.19	SMARCA4	mutation	Factor5	MOFA_factor	rank-biserial correlation: event minus reference	0.586206896551724	0.221510673234811	0.883497536945813	0.0103610623814736	0.124332748577683	1	within_tcga_conditional	FALSE	predictor_feature_in_mofa_input	TRUE	TCGA_ESCC_DR45_driver_state_shared_patients	FALSE
TCGA_DRIVER_STATE_0015	ZNF750:mutation	ENSG00000141579.7	ZNF750	mutation	Factor2	MOFA_factor	rank-biserial correlation: event minus reference	0.463307776560789	0.146604600219058	0.752573932092004	0.0130701533283653	0.129852383590817	1	within_tcga_conditional	FALSE	predictor_feature_in_mofa_input	TRUE	TCGA_ESCC_DR45_driver_state_shared_patients	FALSE
TCGA_DRIVER_STATE_0060	TP53:mutation	ENSG00000141510.18	TP53	mutation	Factor5	MOFA_factor	rank-biserial correlation: event minus reference	-0.476190476190476	-0.783571428571429	-0.171428571428571	0.0144280426212019	0.129852383590817	1	within_tcga_conditional	FALSE	predictor_feature_in_mofa_input	TRUE	TCGA_ESCC_DR45_driver_state_shared_patients	FALSE
TCGA_DRIVER_STATE_0001	KMT2D:relative_cnv	ENSG00000167548.16	KMT2D	relative_cnv	Factor2	MOFA_factor	Spearman rho	0.275430665835518	0.107988698570191	0.439386143002934	0.00721294093890031	0.138488466026886	0.996	within_tcga_conditional	FALSE	predictor_layer_in_mofa_input	FALSE	TCGA_ESCC_DR45_driver_state_shared_patients	FALSE
TCGA_DRIVER_STATE_0018	PTCH1:relative_cnv	ENSG00000185920.16	PTCH1	relative_cnv	Factor2	MOFA_factor	Spearman rho	-0.261558945241627	-0.428344661462597	-0.0863161975990669	0.0108817600723787	0.16303172875576	1	within_tcga_conditional	FALSE	predictor_layer_in_mofa_input	FALSE	TCGA_ESCC_DR45_driver_state_shared_patients	FALSE
TCGA_DRIVER_STATE_0016	NOTCH3:relative_cnv	ENSG00000074181.9	NOTCH3	relative_cnv	Factor1	MOFA_factor	Spearman rho	0.254109213092543	0.0561209719885997	0.418745871894018	0.0134574916525378	0.16303172875576	0.998	within_tcga_conditional	FALSE	predictor_layer_in_mofa_input	FALSE	TCGA_ESCC_DR45_driver_state_shared_patients	FALSE
TCGA_DRIVER_STATE_0037	EP300:relative_cnv	ENSG00000100393.14	EP300	relative_cnv	Factor1	MOFA_factor	Spearman rho	0.253771203331802	0.0595595613174008	0.435746377036173	0.0135859773963133	0.16303172875576	0.994	within_tcga_conditional	FALSE	predictor_layer_in_mofa_input	FALSE	TCGA_ESCC_DR45_driver_state_shared_patients	FALSE
TCGA_DRIVER_STATE_0003	KMT2D:mutation	ENSG00000167548.16	KMT2D	mutation	Factor5	MOFA_factor	rank-biserial correlation: event minus reference	0.362179487179487	0.11698717948718	0.597075320512821	0.0232894358256757	0.167683937944865	1	within_tcga_conditional	FALSE	predictor_feature_in_mofa_input	TRUE	TCGA_ESCC_DR45_driver_state_shared_patients	FALSE
TCGA_DRIVER_STATE_0017	PTCH1:mutation	ENSG00000185920.16	PTCH1	mutation	Factor1	MOFA_factor	rank-biserial correlation: event minus reference	0.500821018062397	0.121100164203612	0.839244663382594	0.0285902461314485	0.173841101375178	0.99	within_tcga_conditional	FALSE	predictor_feature_in_mofa_input	TRUE	TCGA_ESCC_DR45_driver_state_shared_patients	FALSE
TCGA_DRIVER_STATE_0057	NFE2L2:mutation	ENSG00000116044.16	NFE2L2	mutation	Factor8	MOFA_factor	rank-biserial correlation: event minus reference	0.346153846153846	0.0341746794871795	0.672315705128205	0.0301550691802388	0.173841101375178	0.986	within_tcga_conditional	FALSE	predictor_feature_in_mofa_input	TRUE	TCGA_ESCC_DR45_driver_state_shared_patients	FALSE
TCGA_DRIVER_STATE_0061	TP53:mutation	ENSG00000141510.18	TP53	mutation	Factor6	MOFA_factor	rank-biserial correlation: event minus reference	0.419047619047619	-0.00523809523809519	0.770297619047619	0.031387976637185	0.173841101375178	0.974	within_tcga_conditional	FALSE	predictor_feature_in_mofa_input	TRUE	TCGA_ESCC_DR45_driver_state_shared_patients	FALSE
TCGA_DRIVER_STATE_0049	PIK3CA:mutation	ENSG00000121879.6	PIK3CA	mutation	Factor8	MOFA_factor	rank-biserial correlation: event minus reference	-0.391018619934283	-0.738280394304491	0.0133077765607885	0.0362871508841317	0.186619633118392	0.966	within_tcga_conditional	FALSE	predictor_feature_in_mofa_input	TRUE	TCGA_ESCC_DR45_driver_state_shared_patients	FALSE
TCGA_DRIVER_STATE_0045	FBXW7:relative_cnv	ENSG00000109670.16	FBXW7	relative_cnv	Factor7	MOFA_factor	Spearman rho	-0.243303789235754	-0.428032403108772	-0.0484426382990103	0.0181285799340948	0.193371519297011	0.992	within_tcga_conditional	FALSE	predictor_layer_in_mofa_input	FALSE	TCGA_ESCC_DR45_driver_state_shared_patients	FALSE
TCGA_DRIVER_STATE_0023	PTCH1:amplification	ENSG00000185920.16	PTCH1	amplification	Factor7	MOFA_factor	rank-biserial correlation: event minus reference	0.59469696969697	0.395738636363636	0.763352272727273	0.0154941633363392	0.247906613381428	1	within_tcga_conditional	FALSE	predictor_layer_in_mofa_input	FALSE	TCGA_ESCC_DR45_driver_state_shared_patients	FALSE
TCGA_DRIVER_STATE_0021	PTCH1:amplification	ENSG00000185920.16	PTCH1	amplification	Factor6	MOFA_factor	rank-biserial correlation: event minus reference	0.53030303030303	0.149526515151515	0.810606060606061	0.0309530946513674	0.254622778770024	0.992	within_tcga_conditional	FALSE	predictor_layer_in_mofa_input	FALSE	TCGA_ESCC_DR45_driver_state_shared_patients	FALSE
TCGA_DRIVER_STATE_0024	PTCH1:amplification	ENSG00000185920.16	PTCH1	amplification	Factor8	MOFA_factor	rank-biserial correlation: event minus reference	0.507575757575758	0.0757575757575757	0.829734848484848	0.0389351177220323	0.254622778770024	0.99	within_tcga_conditional	FALSE	predictor_layer_in_mofa_input	FALSE	TCGA_ESCC_DR45_driver_state_shared_patients	FALSE
TCGA_DRIVER_STATE_0055	NFE2L2:amplification	ENSG00000116044.16	NFE2L2	amplification	Factor2	MOFA_factor	rank-biserial correlation: event minus reference	-0.419607843137255	-0.759607843137255	-0.0349019607843141	0.0397848091828163	0.254622778770024	0.976	within_tcga_conditional	FALSE	predictor_layer_in_mofa_input	FALSE	TCGA_ESCC_DR45_driver_state_shared_patients	FALSE
TCGA_DRIVER_STATE_0041	GNAS:relative_cnv	ENSG00000087460.27	GNAS	relative_cnv	Factor7	MOFA_factor	Spearman rho	-0.225737281324169	-0.414632156734928	-0.0472948093845851	0.0286957588586433	0.275479285042975	0.996	within_tcga_conditional	FALSE	predictor_layer_in_mofa_input	FALSE	TCGA_ESCC_DR45_driver_state_shared_patients	FALSE
TCGA_DRIVER_STATE_0009	NOTCH1:relative_cnv	ENSG00000148400.12	NOTCH1	relative_cnv	Factor3	MOFA_factor	Spearman rho	0.221306879127476	0.0173507722587712	0.423029905982294	0.0320652206196652	0.279841925407987	0.982	within_tcga_conditional	FALSE	predictor_layer_in_mofa_input	FALSE	TCGA_ESCC_DR45_driver_state_shared_patients	FALSE
TCGA_DRIVER_STATE_0008	NOTCH1:relative_cnv	ENSG00000148400.12	NOTCH1	relative_cnv	Factor1	MOFA_factor	Spearman rho	0.215133292356625	0.0388436259743144	0.378856971187249	0.0373117827081742	0.283940830828338	0.986	within_tcga_conditional	FALSE	predictor_layer_in_mofa_input	FALSE	TCGA_ESCC_DR45_driver_state_shared_patients	FALSE
TCGA_DRIVER_STATE_0038	EP300:relative_cnv	ENSG00000100393.14	EP300	relative_cnv	Factor7	MOFA_factor	Spearman rho	-0.208400263918035	-0.392089344556892	0.0099200358242417	0.0438344652131573	0.283940830828338	0.964	within_tcga_conditional	FALSE	predictor_layer_in_mofa_input	FALSE	TCGA_ESCC_DR45_driver_state_shared_patients	FALSE
TCGA_DRIVER_STATE_0062	TP53:relative_cnv	ENSG00000141510.18	TP53	relative_cnv	Factor6	MOFA_factor	Spearman rho	0.206282214398735	0.0374066373662753	0.379816806161962	0.0460723924581816	0.283940830828338	0.99	within_tcga_conditional	FALSE	predictor_layer_in_mofa_input	FALSE	TCGA_ESCC_DR45_driver_state_shared_patients	FALSE
TCGA_DRIVER_STATE_0054	NFE2L2:relative_cnv	ENSG00000116044.16	NFE2L2	relative_cnv	Factor2	MOFA_factor	Spearman rho	-0.205135051839573	-0.399751799758131	0.00556593174156077	0.047323471804723	0.283940830828338	0.97	within_tcga_conditional	FALSE	predictor_layer_in_mofa_input	FALSE	TCGA_ESCC_DR45_driver_state_shared_patients	FALSE
TCGA_DRIVER_STATE_0046	PIK3CA:relative_cnv	ENSG00000121879.6	PIK3CA	relative_cnv	Factor1	MOFA_factor	Spearman rho	0.578587085765964	0.436423543973877	0.6986495306864	1.01079153014674e-09	9.70359868940868e-08	1	within_tcga_supported	FALSE	predictor_layer_in_mofa_input	FALSE	TCGA_ESCC_DR45_driver_state_shared_patients	FALSE
TCGA_DRIVER_STATE_0047	PIK3CA:amplification	ENSG00000121879.6	PIK3CA	amplification	Factor1	MOFA_factor	rank-biserial correlation: event minus reference	0.557369614512472	0.368095238095238	0.740816326530612	3.36444195836449e-06	0.000107662142667664	1	within_tcga_supported	FALSE	predictor_layer_in_mofa_input	FALSE	TCGA_ESCC_DR45_driver_state_shared_patients	FALSE
TCGA_DRIVER_STATE_0053	NFE2L2:mutation	ENSG00000116044.16	NFE2L2	mutation	Factor1	MOFA_factor	rank-biserial correlation: event minus reference	0.753205128205128	0.587900641025641	0.918269230769231	2.31904260816762e-06	0.000166971067788069	1	within_tcga_supported	FALSE	predictor_feature_in_mofa_input	TRUE	TCGA_ESCC_DR45_driver_state_shared_patients	FALSE
TCGA_DRIVER_STATE_0068	SMARCA4:mutation	ENSG00000127616.19	SMARCA4	mutation	Factor1	MOFA_factor	rank-biserial correlation: event minus reference	-0.947454844006568	-1	-0.881773399014778	3.35757486745582e-05	0.0012087269522841	1	within_tcga_supported	FALSE	predictor_feature_in_mofa_input	TRUE	TCGA_ESCC_DR45_driver_state_shared_patients	FALSE
TCGA_DRIVER_STATE_0056	NFE2L2:mutation	ENSG00000116044.16	NFE2L2	mutation	Factor7	MOFA_factor	rank-biserial correlation: event minus reference	0.642628205128205	0.406209935897436	0.837459935897436	5.59554546888386e-05	0.00134293091253213	1	within_tcga_supported	FALSE	predictor_feature_in_mofa_input	TRUE	TCGA_ESCC_DR45_driver_state_shared_patients	FALSE
TCGA_DRIVER_STATE_0022	PTCH1:relative_cnv	ENSG00000185920.16	PTCH1	relative_cnv	Factor7	MOFA_factor	Spearman rho	0.391559241097994	0.222416197943881	0.537485359938024	9.51892271711032e-05	0.00456908290421296	1	within_tcga_supported	FALSE	predictor_layer_in_mofa_input	FALSE	TCGA_ESCC_DR45_driver_state_shared_patients	FALSE
TCGA_DRIVER_STATE_0011	NOTCH1:relative_cnv	ENSG00000148400.12	NOTCH1	relative_cnv	Factor7	MOFA_factor	Spearman rho	0.358889670020717	0.194853964725771	0.498037153898827	0.000382146349607281	0.012228683187433	1	within_tcga_supported	FALSE	predictor_layer_in_mofa_input	FALSE	TCGA_ESCC_DR45_driver_state_shared_patients	FALSE
TCGA_DRIVER_STATE_0058	TP53:mutation	ENSG00000141510.18	TP53	mutation	Factor1	MOFA_factor	rank-biserial correlation: event minus reference	0.619047619047619	0.235476190476191	0.894107142857143	0.00146164295293039	0.026309573152747	1	within_tcga_supported	FALSE	predictor_feature_in_mofa_input	TRUE	TCGA_ESCC_DR45_driver_state_shared_patients	FALSE
TCGA_DRIVER_STATE_0002	KMT2D:relative_cnv	ENSG00000167548.16	KMT2D	relative_cnv	Factor3	MOFA_factor	Spearman rho	-0.312270708246483	-0.478209178933505	-0.12865848105553	0.00218342557712684	0.0524022138510443	1	within_tcga_supported	FALSE	predictor_layer_in_mofa_input	FALSE	TCGA_ESCC_DR45_driver_state_shared_patients	FALSE
TCGA_DRIVER_STATE_0073	SMARCA4:mutation	ENSG00000127616.19	SMARCA4	mutation	Factor8	MOFA_factor	rank-biserial correlation: event minus reference	-0.635467980295567	-0.916338259441708	-0.280788177339901	0.0054431063055489	0.0783807307999041	1	within_tcga_supported	FALSE	predictor_feature_in_mofa_input	TRUE	TCGA_ESCC_DR45_driver_state_shared_patients	FALSE
TCGA_DRIVER_STATE_0031	PTCH1:amplification	ENSG00000185920.16	PTCH1	amplification	NFkB	PROGENy_pathway	rank-biserial correlation: event minus reference	0.473484848484848	0.0508522727272727	0.837121212121212	0.054145954434953	0.322729860638368	0.98	directional_exploratory	FALSE	same_patient_rna_derived_target	FALSE	TCGA_ESCC_DR45_driver_state_shared_patients	FALSE
TCGA_DRIVER_STATE_0030	PTCH1:amplification	ENSG00000185920.16	PTCH1	amplification	MAPK	PROGENy_pathway	rank-biserial correlation: event minus reference	0.462121212121212	-0.0360795454545454	0.886363636363637	0.0602082522639389	0.322729860638368	0.964	directional_exploratory	FALSE	same_patient_rna_derived_target	FALSE	TCGA_ESCC_DR45_driver_state_shared_patients	FALSE
TCGA_DRIVER_STATE_0025	PTCH1:amplification	ENSG00000185920.16	PTCH1	amplification	EGFR	PROGENy_pathway	rank-biserial correlation: event minus reference	0.454545454545455	-0.165056818181818	0.880776515151515	0.0645544633944768	0.322729860638368	0.928	directional_exploratory	FALSE	same_patient_rna_derived_target	FALSE	TCGA_ESCC_DR45_driver_state_shared_patients	FALSE
TCGA_DRIVER_STATE_0027	PTCH1:amplification	ENSG00000185920.16	PTCH1	amplification	Estrogen	PROGENy_pathway	rank-biserial correlation: event minus reference	0.446969696969697	0.0568181818181819	0.748200757575757	0.0691563987082218	0.322729860638368	0.982	directional_exploratory	FALSE	same_patient_rna_derived_target	FALSE	TCGA_ESCC_DR45_driver_state_shared_patients	FALSE
TCGA_DRIVER_STATE_0033	PTCH1:amplification	ENSG00000185920.16	PTCH1	amplification	TNFa	PROGENy_pathway	rank-biserial correlation: event minus reference	0.420454545454545	-0.0476325757575757	0.808806818181818	0.0874275714497337	0.371623922690854	0.952	directional_exploratory	FALSE	same_patient_rna_derived_target	FALSE	TCGA_ESCC_DR45_driver_state_shared_patients	FALSE
TCGA_DRIVER_STATE_0051	PIK3CA:amplification	ENSG00000121879.6	PIK3CA	amplification	EGFR	PROGENy_pathway	rank-biserial correlation: event minus reference	-0.201814058956916	-0.429092970521542	0.00589569160997727	0.0929059806727134	0.371623922690854	0.968	directional_exploratory	FALSE	same_patient_rna_derived_target	FALSE	TCGA_ESCC_DR45_driver_state_shared_patients	FALSE
TCGA_DRIVER_STATE_0077	SMARCA4:mutation	ENSG00000127616.19	SMARCA4	mutation	PI3K	PROGENy_pathway	rank-biserial correlation: event minus reference	0.448275862068966	0.0621510673234812	0.801395730706076	0.0501526029134356	0.68017875724909	0.988	directional_exploratory	FALSE	same_patient_rna_derived_target	FALSE	TCGA_ESCC_DR45_driver_state_shared_patients	FALSE
TCGA_DRIVER_STATE_0076	SMARCA4:mutation	ENSG00000127616.19	SMARCA4	mutation	MAPK	PROGENy_pathway	rank-biserial correlation: event minus reference	0.425287356321839	-0.095320197044335	0.870361247947455	0.0631907817438302	0.68017875724909	0.932	directional_exploratory	FALSE	same_patient_rna_derived_target	FALSE	TCGA_ESCC_DR45_driver_state_shared_patients	FALSE
TCGA_DRIVER_STATE_0007	KMT2D:mutation	ENSG00000167548.16	KMT2D	mutation	VEGF	PROGENy_pathway	rank-biserial correlation: event minus reference	0.290064102564103	0.0446314102564103	0.53525641025641	0.0693813476972767	0.68017875724909	0.986	directional_exploratory	FALSE	same_patient_rna_derived_target	FALSE	TCGA_ESCC_DR45_driver_state_shared_patients	FALSE
TCGA_DRIVER_STATE_0005	KMT2D:mutation	ENSG00000167548.16	KMT2D	mutation	TGFb	PROGENy_pathway	rank-biserial correlation: event minus reference	-0.290064102564103	-0.577764423076923	0.0306089743589742	0.0693813476972767	0.68017875724909	0.96	directional_exploratory	FALSE	same_patient_rna_derived_target	FALSE	TCGA_ESCC_DR45_driver_state_shared_patients	FALSE
TCGA_DRIVER_STATE_0066	TP53:mutation	ENSG00000141510.18	TP53	mutation	VEGF	PROGENy_pathway	rank-biserial correlation: event minus reference	-0.345238095238095	-0.672797619047619	0.0358333333333333	0.0763990905368145	0.68017875724909	0.956	directional_exploratory	FALSE	same_patient_rna_derived_target	FALSE	TCGA_ESCC_DR45_driver_state_shared_patients	FALSE
TCGA_DRIVER_STATE_0004	KMT2D:mutation	ENSG00000167548.16	KMT2D	mutation	Estrogen	PROGENy_pathway	rank-biserial correlation: event minus reference	-0.278846153846154	-0.582732371794872	0.00168269230769223	0.0808970660316116	0.68017875724909	0.972	directional_exploratory	FALSE	same_patient_rna_derived_target	FALSE	TCGA_ESCC_DR45_driver_state_shared_patients	FALSE
TCGA_DRIVER_STATE_0075	SMARCA4:mutation	ENSG00000127616.19	SMARCA4	mutation	Estrogen	PROGENy_pathway	rank-biserial correlation: event minus reference	-0.389162561576355	-0.755582922824302	-0.0376026272577998	0.0892390032723827	0.68017875724909	0.982	directional_exploratory	FALSE	same_patient_rna_derived_target	FALSE	TCGA_ESCC_DR45_driver_state_shared_patients	FALSE
TCGA_DRIVER_STATE_0013	NOTCH1:mutation	ENSG00000148400.12	NOTCH1	mutation	TGFb	PROGENy_pathway	rank-biserial correlation: event minus reference	0.295346628679962	-0.0666191832858499	0.62022792022792	0.0895751870315973	0.68017875724909	0.942	directional_exploratory	FALSE	same_patient_rna_derived_target	FALSE	TCGA_ESCC_DR45_driver_state_shared_patients	FALSE
TCGA_DRIVER_STATE_0067	TP53:mutation	ENSG00000141510.18	TP53	mutation	WNT	PROGENy_pathway	rank-biserial correlation: event minus reference	0.328571428571429	0.0141666666666666	0.647738095238095	0.0917701497875756	0.68017875724909	0.982	directional_exploratory	FALSE	same_patient_rna_derived_target	FALSE	TCGA_ESCC_DR45_driver_state_shared_patients	FALSE
TCGA_DRIVER_STATE_0036	PTCH1:amplification	ENSG00000185920.16	PTCH1	amplification	WNT	PROGENy_pathway	rank-biserial correlation: event minus reference	0.734848484848485	0.465719696969697	0.946969696969697	0.00276336396228416	0.133312066650575	1	within_tcga_conditional	FALSE	same_patient_rna_derived_target	FALSE	TCGA_ESCC_DR45_driver_state_shared_patients	FALSE
TCGA_DRIVER_STATE_0043	GNAS:amplification	ENSG00000087460.27	GNAS	amplification	p53	PROGENy_pathway	rank-biserial correlation: event minus reference	-0.693181818181818	-0.882765151515152	-0.431628787878788	0.00476114523752053	0.133312066650575	1	within_tcga_conditional	FALSE	same_patient_rna_derived_target	FALSE	TCGA_ESCC_DR45_driver_state_shared_patients	FALSE
TCGA_DRIVER_STATE_0032	PTCH1:amplification	ENSG00000185920.16	PTCH1	amplification	p53	PROGENy_pathway	rank-biserial correlation: event minus reference	-0.632575757575758	-0.893939393939394	-0.287878787878788	0.010015614860969	0.160194293954007	1	within_tcga_conditional	FALSE	same_patient_rna_derived_target	FALSE	TCGA_ESCC_DR45_driver_state_shared_patients	FALSE
TCGA_DRIVER_STATE_0029	PTCH1:amplification	ENSG00000185920.16	PTCH1	amplification	JAK-STAT	PROGENy_pathway	rank-biserial correlation: event minus reference	0.621212121212121	0.125284090909091	0.96969696969697	0.0114424495681433	0.160194293954007	0.994	within_tcga_conditional	FALSE	same_patient_rna_derived_target	FALSE	TCGA_ESCC_DR45_driver_state_shared_patients	FALSE
TCGA_DRIVER_STATE_0035	PTCH1:amplification	ENSG00000185920.16	PTCH1	amplification	VEGF	PROGENy_pathway	rank-biserial correlation: event minus reference	0.598484848484848	0.196969696969697	0.933806818181818	0.0148471999014417	0.164138391672148	0.996	within_tcga_conditional	FALSE	same_patient_rna_derived_target	FALSE	TCGA_ESCC_DR45_driver_state_shared_patients	FALSE
TCGA_DRIVER_STATE_0042	GNAS:amplification	ENSG00000087460.27	GNAS	amplification	Estrogen	PROGENy_pathway	rank-biserial correlation: event minus reference	0.583333333333333	0.21969696969697	0.903503787878788	0.0175862562505873	0.164138391672148	0.998	within_tcga_conditional	FALSE	same_patient_rna_derived_target	FALSE	TCGA_ESCC_DR45_driver_state_shared_patients	FALSE
TCGA_DRIVER_STATE_0079	SMARCA4:mutation	ENSG00000127616.19	SMARCA4	mutation	VEGF	PROGENy_pathway	rank-biserial correlation: event minus reference	0.733990147783251	0.413711001642036	0.959031198686371	0.00131985833274229	0.166302149925528	1	within_tcga_conditional	FALSE	same_patient_rna_derived_target	FALSE	TCGA_ESCC_DR45_driver_state_shared_patients	FALSE
TCGA_DRIVER_STATE_0006	KMT2D:mutation	ENSG00000167548.16	KMT2D	mutation	Trail	PROGENy_pathway	rank-biserial correlation: event minus reference	-0.455128205128205	-0.702764423076923	-0.174679487179487	0.00434226043201555	0.27356240721698	1	within_tcga_conditional	FALSE	same_patient_rna_derived_target	FALSE	TCGA_ESCC_DR45_driver_state_shared_patients	FALSE
TCGA_DRIVER_STATE_0074	SMARCA4:mutation	ENSG00000127616.19	SMARCA4	mutation	EGFR	PROGENy_pathway	rank-biserial correlation: event minus reference	0.61247947454844	0.183661740558292	0.914614121510673	0.00738962729241943	0.287932317758199	0.998	within_tcga_conditional	FALSE	same_patient_rna_derived_target	FALSE	TCGA_ESCC_DR45_driver_state_shared_patients	FALSE
TCGA_DRIVER_STATE_0078	SMARCA4:mutation	ENSG00000127616.19	SMARCA4	mutation	Trail	PROGENy_pathway	rank-biserial correlation: event minus reference	-0.596059113300493	-0.986863711001642	-0.144417077175698	0.00914070850026029	0.287932317758199	0.998	within_tcga_conditional	FALSE	same_patient_rna_derived_target	FALSE	TCGA_ESCC_DR45_driver_state_shared_patients	FALSE
TCGA_DRIVER_STATE_0044	GNAS:amplification	ENSG00000087460.27	GNAS	amplification	WNT	PROGENy_pathway	rank-biserial correlation: event minus reference	0.515151515151515	0.205965909090909	0.820359848484848	0.0360993717876303	0.288794974301043	0.998	within_tcga_conditional	FALSE	same_patient_rna_derived_target	FALSE	TCGA_ESCC_DR45_driver_state_shared_patients	FALSE
TCGA_DRIVER_STATE_0034	PTCH1:amplification	ENSG00000185920.16	PTCH1	amplification	Trail	PROGENy_pathway	rank-biserial correlation: event minus reference	-0.488636363636364	-0.782481060606061	-0.153314393939394	0.0468630391850597	0.322729860638368	0.992	within_tcga_conditional	FALSE	same_patient_rna_derived_target	FALSE	TCGA_ESCC_DR45_driver_state_shared_patients	FALSE
TCGA_DRIVER_STATE_0052	PIK3CA:mutation	ENSG00000121879.6	PIK3CA	mutation	Estrogen	PROGENy_pathway	rank-biserial correlation: event minus reference	-0.415115005476451	-0.67382256297919	-0.132311062431545	0.0262103562251042	0.660500976872627	0.998	within_tcga_conditional	FALSE	same_patient_rna_derived_target	FALSE	TCGA_ESCC_DR45_driver_state_shared_patients	FALSE
TCGA_DRIVER_STATE_0064	TP53:mutation	ENSG00000141510.18	TP53	mutation	p53	PROGENy_pathway	rank-biserial correlation: event minus reference	-0.407142857142857	-0.775178571428572	-0.0190476190476191	0.0365455344844182	0.68017875724909	0.976	within_tcga_conditional	FALSE	same_patient_rna_derived_target	FALSE	TCGA_ESCC_DR45_driver_state_shared_patients	FALSE
TCGA_DRIVER_STATE_0063	TP53:mutation	ENSG00000141510.18	TP53	mutation	Estrogen	PROGENy_pathway	rank-biserial correlation: event minus reference	0.397619047619048	0.0402380952380953	0.706011904761905	0.0411759392430882	0.68017875724909	0.982	within_tcga_conditional	FALSE	same_patient_rna_derived_target	FALSE	TCGA_ESCC_DR45_driver_state_shared_patients	FALSE
TCGA_DRIVER_STATE_0065	TP53:mutation	ENSG00000141510.18	TP53	mutation	TGFb	PROGENy_pathway	rank-biserial correlation: event minus reference	0.388095238095238	0.0460119047619048	0.684821428571428	0.0462939947637027	0.68017875724909	0.982	within_tcga_conditional	FALSE	same_patient_rna_derived_target	FALSE	TCGA_ESCC_DR45_driver_state_shared_patients	FALSE
TCGA_DRIVER_STATE_0050	PIK3CA:relative_cnv	ENSG00000121879.6	PIK3CA	relative_cnv	EGFR	PROGENy_pathway	Spearman rho	-0.254672103040048	-0.445333031689375	-0.0481239419157259	0.0132458666481809	0.835048779262326	0.996	within_tcga_conditional	FALSE	same_patient_rna_derived_target	FALSE	TCGA_ESCC_DR45_driver_state_shared_patients	FALSE
TCGA_DRIVER_STATE_0040	EP300:relative_cnv	ENSG00000100393.14	EP300	relative_cnv	TGFb	PROGENy_pathway	Spearman rho	0.239551942647706	0.0565948792814786	0.414820260233357	0.0200487248923372	0.835048779262326	0.99	within_tcga_conditional	FALSE	same_patient_rna_derived_target	FALSE	TCGA_ESCC_DR45_driver_state_shared_patients	FALSE
TCGA_DRIVER_STATE_0028	PTCH1:relative_cnv	ENSG00000185920.16	PTCH1	relative_cnv	JAK-STAT	PROGENy_pathway	Spearman rho	0.223127197183489	0.017465516989737	0.412675828677755	0.0306424805937	0.835048779262326	0.982	within_tcga_conditional	FALSE	same_patient_rna_derived_target	FALSE	TCGA_ESCC_DR45_driver_state_shared_patients	FALSE
TCGA_DRIVER_STATE_0014	NOTCH1:relative_cnv	ENSG00000148400.12	NOTCH1	relative_cnv	WNT	PROGENy_pathway	Spearman rho	0.218857043107297	0.00531149516940492	0.422117374379493	0.0340675490807947	0.835048779262326	0.978	within_tcga_conditional	FALSE	same_patient_rna_derived_target	FALSE	TCGA_ESCC_DR45_driver_state_shared_patients	FALSE
TCGA_DRIVER_STATE_0026	PTCH1:relative_cnv	ENSG00000185920.16	PTCH1	relative_cnv	Estrogen	PROGENy_pathway	Spearman rho	0.218016714287267	0.0394156556552617	0.382838337554364	0.0347781511356244	0.835048779262326	0.996	within_tcga_conditional	FALSE	same_patient_rna_derived_target	FALSE	TCGA_ESCC_DR45_driver_state_shared_patients	FALSE
TCGA_DRIVER_STATE_0012	NOTCH1:relative_cnv	ENSG00000148400.12	NOTCH1	relative_cnv	Estrogen	PROGENy_pathway	Spearman rho	0.208786332575116	0.0226781484801801	0.377517551610743	0.043436436046267	0.835048779262326	0.986	within_tcga_conditional	FALSE	same_patient_rna_derived_target	FALSE	TCGA_ESCC_DR45_driver_state_shared_patients	FALSE
TCGA_DRIVER_STATE_0039	EP300:relative_cnv	ENSG00000100393.14	EP300	relative_cnv	Androgen	PROGENy_pathway	Spearman rho	0.204620041618657	0.0399917791703702	0.366663008416082	0.04789420453942	0.835048779262326	0.994	within_tcga_conditional	FALSE	same_patient_rna_derived_target	FALSE	TCGA_ESCC_DR45_driver_state_shared_patients	FALSE
