tcga_gene_id	tcga_gene_name	gencode19_gene_name	paper_patient_id	region_type	n_common_cpg	median_normal_beta	median_tumor_beta	median_delta_beta	mean_delta_beta	delta_beta_iqr	fraction_cpg_higher_in_tumor	fraction_cpg_lower_in_tumor
ENSG00000167548.16	KMT2D	KMT2D	P1	gene_body	504	0.909091	0.923077	0	0.013489371031746	0.14669475	0.440476190476191	0.353174603174603
ENSG00000167548.16	KMT2D	KMT2D	P11	gene_body	504	0.923077	0.846154	-0.05	-0.0872321785714286	0.189973	0.259920634920635	0.563492063492063
ENSG00000167548.16	KMT2D	KMT2D	P12	gene_body	504	0.904762	0.923077	0	0.014573248015873	0.132479	0.484126984126984	0.369047619047619
ENSG00000167548.16	KMT2D	KMT2D	P13	gene_body	504	0.916667	0.9	0	-0.024132630952381	0.158824	0.357142857142857	0.458333333333333
ENSG00000167548.16	KMT2D	KMT2D	P2	gene_body	504	0.894737	0.933333	0.00391300000000001	0.0379925376984127	0.145148	0.501984126984127	0.305555555555556
ENSG00000167548.16	KMT2D	KMT2D	P6	gene_body	504	0.909091	0.909091	0	-0.00537845436507936	0.14626775	0.412698412698413	0.400793650793651
ENSG00000167548.16	KMT2D	KMT2D	P7	gene_body	504	0.9	0.885621	0	-0.0360620416666667	0.1645835	0.341269841269841	0.476190476190476
ENSG00000167548.16	KMT2D	KMT2D	P8	gene_body	504	0.909091	0.916667	0	-0.00372515277777777	0.138096	0.365079365079365	0.43452380952381
ENSG00000167548.16	KMT2D	KMT2D	P9	gene_body	504	0.923077	0.916667	0	0.00440468253968254	0.1520375	0.375	0.369047619047619
ENSG00000167548.16	KMT2D	KMT2D	P1	promoter	44	0	0	0	-0.00505079545454546	0	0.113636363636364	0.113636363636364
ENSG00000167548.16	KMT2D	KMT2D	P11	promoter	44	0	0	0	-0.0106613409090909	0	0.113636363636364	0.181818181818182
ENSG00000167548.16	KMT2D	KMT2D	P12	promoter	44	0	0	0	-0.000878545454545453	0	0.113636363636364	0.159090909090909
ENSG00000167548.16	KMT2D	KMT2D	P13	promoter	44	0	0	0	-0.00137611363636363	0	0.113636363636364	0.159090909090909
ENSG00000167548.16	KMT2D	KMT2D	P2	promoter	44	0	0	0	-0.00812561363636363	0	0.0909090909090909	0.136363636363636
ENSG00000167548.16	KMT2D	KMT2D	P6	promoter	44	0	0	0	0.00613081818181818	0	0.136363636363636	0.0681818181818182
ENSG00000167548.16	KMT2D	KMT2D	P7	promoter	44	0	0	0	0.000487863636363632	0	0.0909090909090909	0.0681818181818182
ENSG00000167548.16	KMT2D	KMT2D	P8	promoter	44	0	0	0	-0.00772777272727273	0	0.0681818181818182	0.136363636363636
ENSG00000167548.16	KMT2D	KMT2D	P9	promoter	44	0	0	0	0.0241822272727273	0.076923	0.340909090909091	0.136363636363636
ENSG00000148400.12	NOTCH1	NOTCH1	P1	gene_body	1231	0.857143	0.909091	0.00476199999999992	0.0418358911454102	0.1856425	0.500406173842405	0.354995938261576
ENSG00000148400.12	NOTCH1	NOTCH1	P11	gene_body	1231	0.875	0.833333	-0.0333329999999999	-0.0708759691307879	0.202381	0.296506904955321	0.544272948822096
ENSG00000148400.12	NOTCH1	NOTCH1	P12	gene_body	1231	0.866667	0.9	0	0.00969716003249393	0.1814075	0.46872461413485	0.40536149471974
ENSG00000148400.12	NOTCH1	NOTCH1	P13	gene_body	1231	0.875	0.857143	0	-0.0110166669374493	0.198179	0.397238017871649	0.442729488220959
ENSG00000148400.12	NOTCH1	NOTCH1	P2	gene_body	1231	0.866667	0.9	0	0.0278338887083672	0.1738615	0.471161657189277	0.353371242891958
ENSG00000148400.12	NOTCH1	NOTCH1	P6	gene_body	1231	0.857143	0.894737	0.00584799999999987	0.0355818115353371	0.178788	0.50446791226645	0.341186027619821
ENSG00000148400.12	NOTCH1	NOTCH1	P7	gene_body	1231	0.857143	0.846154	0	-0.0211793996750609	0.2004905	0.391551584077985	0.467912266450041
ENSG00000148400.12	NOTCH1	NOTCH1	P8	gene_body	1231	0.875	0.9	0	0.0482146718115352	0.1901905	0.49553208773355	0.317627944760357
ENSG00000148400.12	NOTCH1	NOTCH1	P9	gene_body	1231	0.875	0.928571	0.02	0.0590865783915516	0.16369	0.525588952071487	0.267262388302193
ENSG00000148400.12	NOTCH1	NOTCH1	P1	promoter	46	0	0	0	0.0736667608695652	0.06991175	0.347826086956522	0.0869565217391304
ENSG00000148400.12	NOTCH1	NOTCH1	P11	promoter	46	0	0	0	-0.0475709130434783	0.076923	0.130434782608696	0.304347826086957
ENSG00000148400.12	NOTCH1	NOTCH1	P12	promoter	46	0	0	0	0.0496090434782609	0.06470625	0.326086956521739	0.108695652173913
ENSG00000148400.12	NOTCH1	NOTCH1	P13	promoter	46	0	0	0	-0.0283951956521739	0.0755495	0.152173913043478	0.282608695652174
ENSG00000148400.12	NOTCH1	NOTCH1	P2	promoter	46	0	0	0	0.0700776956521739	0.125	0.326086956521739	0.0869565217391304
ENSG00000148400.12	NOTCH1	NOTCH1	P6	promoter	46	0	0	0	0.0471575	0	0.239130434782609	0.152173913043478
ENSG00000148400.12	NOTCH1	NOTCH1	P7	promoter	46	0	0	0	0.0275424565217391	0	0.239130434782609	0.173913043478261
ENSG00000148400.12	NOTCH1	NOTCH1	P8	promoter	46	0	0	0	-0.0200902391304348	0	0.195652173913043	0.217391304347826
ENSG00000148400.12	NOTCH1	NOTCH1	P9	promoter	46	0	0	0	0.031551652173913	0.09577925	0.282608695652174	0.173913043478261
ENSG00000141579.7	ZNF750	ZNF750	P1	gene_body	253	0.8	0.833333	0.00980399999999989	0.0241998932806324	0.157638	0.521739130434783	0.363636363636364
ENSG00000141579.7	ZNF750	ZNF750	P11	gene_body	253	0.857143	0.75	-0.145833	-0.196877181818182	0.380392	0.173913043478261	0.727272727272727
ENSG00000141579.7	ZNF750	ZNF750	P12	gene_body	253	0.833333	0.818182	-0.00271700000000003	0.0106535494071146	0.211111	0.41501976284585	0.50197628458498
ENSG00000141579.7	ZNF750	ZNF750	P13	gene_body	253	0.833333	0.722222	-0.0833329999999999	-0.119719577075099	0.25564	0.24901185770751	0.644268774703557
ENSG00000141579.7	ZNF750	ZNF750	P2	gene_body	253	0.833333	0.769231	-0.05	-0.0668445691699605	0.241346	0.320158102766798	0.592885375494071
ENSG00000141579.7	ZNF750	ZNF750	P6	gene_body	253	0.8	0.8	-0.055556	-0.0651217509881423	0.271429	0.363636363636364	0.553359683794466
ENSG00000141579.7	ZNF750	ZNF750	P7	gene_body	253	0.8	0.4	-0.3	-0.28793662055336	0.37942	0.0948616600790514	0.853754940711463
ENSG00000141579.7	ZNF750	ZNF750	P8	gene_body	253	0.846154	0.666667	-0.1	-0.120377320158103	0.236842	0.217391304347826	0.66798418972332
ENSG00000141579.7	ZNF750	ZNF750	P9	gene_body	253	0.777778	0.733333	-0.103175	-0.152993920948617	0.354167	0.241106719367589	0.648221343873518
ENSG00000141579.7	ZNF750	ZNF750	P1	promoter	44	0.8585525	0.8708335	0.0312025	0.0392908863636364	0.12592575	0.613636363636364	0.295454545454545
ENSG00000141579.7	ZNF750	ZNF750	P11	promoter	44	0.87451	0.732143	-0.1404155	-0.194203863636364	0.4108895	0.227272727272727	0.681818181818182
ENSG00000141579.7	ZNF750	ZNF750	P12	promoter	44	0.8973685	0.8564105	0	0.0290965454545455	0.164417	0.431818181818182	0.431818181818182
ENSG00000141579.7	ZNF750	ZNF750	P13	promoter	44	0.8786765	0.6666665	-0.136184	-0.163704363636364	0.2987185	0.204545454545455	0.704545454545455
ENSG00000141579.7	ZNF750	ZNF750	P2	promoter	44	0.848077	0.8257575	0	-0.0590426363636364	0.181274	0.363636363636364	0.477272727272727
ENSG00000141579.7	ZNF750	ZNF750	P6	promoter	44	0.8583335	0.8210525	-0.1281105	-0.151059613636364	0.320536	0.159090909090909	0.681818181818182
ENSG00000141579.7	ZNF750	ZNF750	P7	promoter	44	0.8535715	0.6333335	-0.185065	-0.211563204545455	0.40890425	0.136363636363636	0.727272727272727
ENSG00000141579.7	ZNF750	ZNF750	P8	promoter	44	0.875	0.767857	-0.0272725	-0.138390363636364	0.37132825	0.340909090909091	0.5
ENSG00000141579.7	ZNF750	ZNF750	P9	promoter	44	0.8460525	0.807353	-0.0878849999999999	-0.175864045454545	0.438745	0.204545454545455	0.636363636363636
ENSG00000074181.9	NOTCH3	NOTCH3	P1	gene_body	452	0.902381	0.8708335	0	-0.00825191371681416	0.152962	0.384955752212389	0.471238938053097
ENSG00000074181.9	NOTCH3	NOTCH3	P11	gene_body	452	0.875	0.833333	-0.00349649999999997	-0.0529487876106195	0.198413	0.31858407079646	0.5
ENSG00000074181.9	NOTCH3	NOTCH3	P12	gene_body	452	0.888889	0.866667	0	-0.00540824778761061	0.15663325	0.422566371681416	0.466814159292035
ENSG00000074181.9	NOTCH3	NOTCH3	P13	gene_body	452	0.888889	0.8535715	-0.0408935	-0.0563244004424779	0.17869225	0.29424778761062	0.555309734513274
ENSG00000074181.9	NOTCH3	NOTCH3	P2	gene_body	452	0.857143	0.9	0	0.0243485	0.169147	0.473451327433628	0.367256637168142
ENSG00000074181.9	NOTCH3	NOTCH3	P6	gene_body	452	0.888889	0.875	0	0.00200632743362831	0.18357725	0.398230088495575	0.396017699115044
ENSG00000074181.9	NOTCH3	NOTCH3	P7	gene_body	452	0.888889	0.833333	-0.0345235	-0.0800056150442478	0.22199625	0.316371681415929	0.553097345132743
ENSG00000074181.9	NOTCH3	NOTCH3	P8	gene_body	452	0.857143	0.904762	0.00338500000000003	0.0362172411504425	0.18121075	0.502212389380531	0.345132743362832
ENSG00000074181.9	NOTCH3	NOTCH3	P9	gene_body	452	0.888889	0.916667	0	0.0252869845132743	0.1678575	0.45353982300885	0.356194690265487
ENSG00000074181.9	NOTCH3	NOTCH3	P1	promoter	48	0.8516485	0.7735045	-0.060662	-0.0520728541666667	0.11458325	0.208333333333333	0.604166666666667
ENSG00000074181.9	NOTCH3	NOTCH3	P11	promoter	48	0.8786765	0.777778	-0.0634925000000001	-0.070211375	0.15705125	0.229166666666667	0.604166666666667
ENSG00000074181.9	NOTCH3	NOTCH3	P12	promoter	48	0.840336	0.833333	0	-0.0268474375	0.1244085	0.3125	0.4375
ENSG00000074181.9	NOTCH3	NOTCH3	P13	promoter	48	0.8708335	0.7738095	-0.00416649999999997	-0.0438968958333333	0.1209795	0.291666666666667	0.5
ENSG00000074181.9	NOTCH3	NOTCH3	P2	promoter	48	0.8660715	0.6794875	-0.055728	-0.0963598541666667	0.2532895	0.1875	0.5625
ENSG00000074181.9	NOTCH3	NOTCH3	P6	promoter	48	0.8257575	0.857143	0.012597	0.04478	0.1882355	0.520833333333333	0.3125
ENSG00000074181.9	NOTCH3	NOTCH3	P7	promoter	48	0.8273025	0.7309525	-0.01631	-0.0621444583333333	0.18597225	0.208333333333333	0.520833333333333
ENSG00000074181.9	NOTCH3	NOTCH3	P8	promoter	48	0.803828	0.8583335	0	0.00859385416666668	0.0791760000000001	0.458333333333333	0.270833333333333
ENSG00000074181.9	NOTCH3	NOTCH3	P9	promoter	48	0.8395835	0.882353	0	0.027904375	0.13699475	0.395833333333333	0.3125
ENSG00000185920.16	PTCH1	PTCH1	P1	gene_body	913	0.884615	0.894737	0	0.0151182070098576	0.145781	0.486308871851041	0.407447973713034
ENSG00000185920.16	PTCH1	PTCH1	P11	gene_body	913	0.857143	0.8	-0.0416670000000001	-0.096682830230011	0.323178	0.371303395399781	0.547645125958379
ENSG00000185920.16	PTCH1	PTCH1	P12	gene_body	913	0.9	0.866667	-0.0113639999999999	-0.0245051894852136	0.148611	0.368017524644031	0.524644030668127
ENSG00000185920.16	PTCH1	PTCH1	P13	gene_body	913	0.894737	0.809524	-0.0625	-0.0790079529025192	0.208626	0.272727272727273	0.616648411829135
ENSG00000185920.16	PTCH1	PTCH1	P2	gene_body	913	0.869565	0.904762	0.0242910000000001	0.0406985202628697	0.149831	0.546549835706462	0.331872946330778
ENSG00000185920.16	PTCH1	PTCH1	P6	gene_body	913	0.84	0.888889	0.0389609999999999	0.053322169769989	0.170905	0.559693318729463	0.323110624315444
ENSG00000185920.16	PTCH1	PTCH1	P7	gene_body	913	0.894737	0.866667	-0.0202019999999999	-0.0459125947426068	0.168077	0.349397590361446	0.533406352683461
ENSG00000185920.16	PTCH1	PTCH1	P8	gene_body	913	0.857143	0.9	0.0343140000000001	0.0539285815991238	0.158334	0.569550930996714	0.331872946330778
ENSG00000185920.16	PTCH1	PTCH1	P9	gene_body	913	0.888889	0.9	0	0.0212219058050383	0.157576	0.472070098576123	0.39539978094195
ENSG00000185920.16	PTCH1	PTCH1	P1	promoter	20	0.6541355	0.8603895	0.015121	0.07304295	0.23075825	0.5	0.35
ENSG00000185920.16	PTCH1	PTCH1	P11	promoter	20	0.4842105	0.4142855	0	-0.00186475	0.19024625	0.4	0.4
ENSG00000185920.16	PTCH1	PTCH1	P12	promoter	20	0.709895	0.4330355	-0.069048	-0.11181705	0.272948	0.25	0.65
ENSG00000185920.16	PTCH1	PTCH1	P13	promoter	20	0.75	0.66875	-0.087619	-0.05657815	0.1497755	0.3	0.6
ENSG00000185920.16	PTCH1	PTCH1	P2	promoter	20	0.53125	0.7083335	0.1020835	0.1251854	0.33162775	0.65	0.25
ENSG00000185920.16	PTCH1	PTCH1	P6	promoter	20	0.703297	0.7416665	0	0.01296095	0.1100485	0.4	0.3
ENSG00000185920.16	PTCH1	PTCH1	P7	promoter	20	0.857143	0.845238	0	0.0633956	0.139596	0.45	0.25
ENSG00000185920.16	PTCH1	PTCH1	P8	promoter	20	0.5992065	0.641026	0	0.0145583	0.20952375	0.4	0.4
ENSG00000185920.16	PTCH1	PTCH1	P9	promoter	20	0.527778	0.916667	0.2261905	0.2273698	0.50252575	0.65	0.25
ENSG00000100393.14	EP300	EP300	P1	gene_body	746	0.9375	0.941176	0	0.0245241474530831	0.1248855	0.446380697050938	0.324396782841823
ENSG00000100393.14	EP300	EP300	P11	gene_body	746	0.939338	0.869565	-0.0625	-0.0966380254691689	0.161146	0.197050938337802	0.684986595174263
ENSG00000100393.14	EP300	EP300	P12	gene_body	746	0.9375	0.933333	0	0.00534732439678285	0.129167	0.392761394101877	0.353887399463807
ENSG00000100393.14	EP300	EP300	P13	gene_body	746	1	0.916667	-0.0180195000000001	-0.0536281554959786	0.1203865	0.234584450402145	0.524128686327078
ENSG00000100393.14	EP300	EP300	P2	gene_body	746	0.923077	0.941176	0	0.0162544410187668	0.121367	0.446380697050938	0.319034852546917
ENSG00000100393.14	EP300	EP300	P6	gene_body	746	0.928571	0.928571	0	-0.00201783378016086	0.122223	0.369973190348526	0.415549597855228
ENSG00000100393.14	EP300	EP300	P7	gene_body	746	0.9375	0.911067	0	-0.0329758056300268	0.134075	0.319034852546917	0.470509383378016
ENSG00000100393.14	EP300	EP300	P8	gene_body	746	0.928571	0.923077	0	-0.000298821715817693	0.12911925	0.371313672922252	0.39142091152815
ENSG00000100393.14	EP300	EP300	P9	gene_body	746	0.941176	0.944444	0	0.00340527345844503	0.12457975	0.376675603217158	0.341823056300268
ENSG00000100393.14	EP300	EP300	P1	promoter	38	0.901914	0.746032	0	-0.0321247368421053	0.0791665	0.184210526315789	0.421052631578947
ENSG00000100393.14	EP300	EP300	P11	promoter	38	0.8944445	0.815341	0	-0.0366585789473684	0.0625	0.210526315789474	0.394736842105263
ENSG00000100393.14	EP300	EP300	P12	promoter	38	0.8997495	0.895722	0	0.00462515789473684	0.078205	0.289473684210526	0.315789473684211
ENSG00000100393.14	EP300	EP300	P13	promoter	38	0.8516485	0.832817	0	-0.0128828684210526	0.064286	0.210526315789474	0.473684210526316
ENSG00000100393.14	EP300	EP300	P2	promoter	38	0.857143	0.916084	0	0.00748305263157894	0.0641565	0.315789473684211	0.236842105263158
ENSG00000100393.14	EP300	EP300	P6	promoter	38	0.833333	0.9	0	0.0244265789473684	0.021678	0.289473684210526	0.184210526315789
ENSG00000100393.14	EP300	EP300	P7	promoter	38	0.888889	0.7846155	0	-0.0298673684210526	0.11481475	0.289473684210526	0.394736842105263
ENSG00000100393.14	EP300	EP300	P8	promoter	38	0.8165265	0.907843	0	0.0292959210526316	0.0656252500000001	0.394736842105263	0.184210526315789
ENSG00000100393.14	EP300	EP300	P9	promoter	38	0.921212	0.8990385	0	-0.00688734210526315	0.061581	0.236842105263158	0.342105263157895
ENSG00000087460.27	GNAS	GNAS	P1	gene_body	1042	0.6306045	0.6396105	0	-0.00257526967370446	0.258333	0.439539347408829	0.465451055662188
ENSG00000087460.27	GNAS	GNAS	P11	gene_body	1042	0.627315	0.6830145	0	0.00890710460652591	0.307011	0.486564299424184	0.46257197696737
ENSG00000087460.27	GNAS	GNAS	P12	gene_body	1042	0.625	0.642857	0	-0.00073220057581572	0.195238	0.466410748560461	0.442418426103647
ENSG00000087460.27	GNAS	GNAS	P13	gene_body	1042	0.6	0.571429	-0.0446575	-0.0511550470249519	0.33410075	0.369481765834933	0.549904030710173
ENSG00000087460.27	GNAS	GNAS	P2	gene_body	1042	0.631579	0.681818	0	-0.0246286967370442	0.22734825	0.428023032629559	0.488483685220729
ENSG00000087460.27	GNAS	GNAS	P6	gene_body	1042	0.6	0.625	-0.014286	-0.0199240307101728	0.2807895	0.416506717850288	0.521113243761996
ENSG00000087460.27	GNAS	GNAS	P7	gene_body	1042	0.642857	0.444444	-0.112711	-0.154563400191939	0.39698175	0.286948176583493	0.648752399232246
ENSG00000087460.27	GNAS	GNAS	P8	gene_body	1042	0.625	0.6	-0.022565	-0.035791368522073	0.26602525	0.407869481765835	0.530710172744722
ENSG00000087460.27	GNAS	GNAS	P9	gene_body	1042	0.625	0.733333	0.05	0.060844736084453	0.2625	0.569097888675624	0.354126679462572
ENSG00000087460.27	GNAS	GNAS	P1	promoter	57	0.6	0.533333	-0.0833329999999999	-0.0886775964912281	0.305042	0.385964912280702	0.56140350877193
ENSG00000087460.27	GNAS	GNAS	P11	promoter	57	0.538462	0.115385	-0.266666	-0.261432315789474	0.366884	0.157894736842105	0.807017543859649
ENSG00000087460.27	GNAS	GNAS	P12	promoter	57	0.6	0.615385	-0.055556	-0.0669231578947369	0.241667	0.403508771929825	0.578947368421053
ENSG00000087460.27	GNAS	GNAS	P13	promoter	57	0.5	0.571429	0.0666670000000001	0.0135871754385964	0.33762	0.578947368421053	0.421052631578947
ENSG00000087460.27	GNAS	GNAS	P2	promoter	57	0.6	0.714286	0.133333	0.097563701754386	0.296506	0.649122807017544	0.298245614035088
ENSG00000087460.27	GNAS	GNAS	P6	promoter	57	0.416667	0.555556	0.128788	0.100798280701754	0.222727	0.701754385964912	0.245614035087719
ENSG00000087460.27	GNAS	GNAS	P7	promoter	57	0.571429	0.5	-0.138889	-0.112653631578947	0.2674	0.280701754385965	0.701754385964912
ENSG00000087460.27	GNAS	GNAS	P8	promoter	57	0.636364	0.461538	-0.139038	-0.129302561403509	0.194728	0.175438596491228	0.789473684210526
ENSG00000087460.27	GNAS	GNAS	P9	promoter	57	0.625	0.55	-0.0427630000000001	-0.0177994035087719	0.191667	0.333333333333333	0.578947368421053
ENSG00000109670.16	FBXW7	FBXW7	P1	gene_body	623	0.923077	0.923077	0	0.00928730337078651	0.1323625	0.451043338683788	0.388443017656501
ENSG00000109670.16	FBXW7	FBXW7	P11	gene_body	623	0.928571	0.882353	-0.0497070000000001	-0.0787012969502408	0.1901085	0.293739967897271	0.593900481540931
ENSG00000109670.16	FBXW7	FBXW7	P12	gene_body	623	0.928571	0.923077	0	0.0144171508828251	0.145715	0.43338683788122	0.418940609951846
ENSG00000109670.16	FBXW7	FBXW7	P13	gene_body	623	0.933333	0.875	-0.0343140000000001	-0.0658181284109149	0.15	0.248796147672552	0.547351524879615
ENSG00000109670.16	FBXW7	FBXW7	P2	gene_body	623	0.923077	0.928571	0	-0.0124022520064206	0.129167	0.401284109149278	0.42215088282504
ENSG00000109670.16	FBXW7	FBXW7	P6	gene_body	623	0.923077	0.9	-0.00263199999999998	-0.0177763483146067	0.1464645	0.382022471910112	0.500802568218299
ENSG00000109670.16	FBXW7	FBXW7	P7	gene_body	623	0.923077	0.904762	0	-0.028085327447833	0.19132	0.417335473515249	0.42215088282504
ENSG00000109670.16	FBXW7	FBXW7	P8	gene_body	623	0.916667	0.923077	0	-0.00902300642054575	0.138586	0.459069020866774	0.425361155698234
ENSG00000109670.16	FBXW7	FBXW7	P9	gene_body	623	0.925926	0.933333	0	0.00220885874799358	0.1380955	0.393258426966292	0.346709470304976
ENSG00000109670.16	FBXW7	FBXW7	P1	promoter	4	0	0	0	-0.02272725	0.02272725	0	0.25
ENSG00000109670.16	FBXW7	FBXW7	P11	promoter	4	0	0	0	-0.03125	0.03125	0	0.25
ENSG00000109670.16	FBXW7	FBXW7	P12	promoter	4	0	0	0	0	0	0	0
ENSG00000109670.16	FBXW7	FBXW7	P13	promoter	4	0	0	0	0	0	0	0
ENSG00000109670.16	FBXW7	FBXW7	P2	promoter	4	0	0	0	0	0	0	0
ENSG00000109670.16	FBXW7	FBXW7	P6	promoter	4	0	0	0	0	0	0	0
ENSG00000109670.16	FBXW7	FBXW7	P7	promoter	4	0	0	0	-0.025	0.025	0	0.25
ENSG00000109670.16	FBXW7	FBXW7	P8	promoter	4	0	0	0	0	0	0	0
ENSG00000109670.16	FBXW7	FBXW7	P9	promoter	4	0	0.0714285	0.0714285	0.077381	0.1488095	0.5	0
ENSG00000121879.6	PIK3CA	PIK3CA	P1	gene_body	508	0.944444	0.935827	0	-0.00529498228346458	0.09472	0.389763779527559	0.456692913385827
ENSG00000121879.6	PIK3CA	PIK3CA	P11	gene_body	508	0.941176	0.894737	-0.045455	-0.0621534862204724	0.11029425	0.244094488188976	0.651574803149606
ENSG00000121879.6	PIK3CA	PIK3CA	P12	gene_body	508	0.941176	0.916667	-0.0158585	-0.0272641102362205	0.114308	0.316929133858268	0.531496062992126
ENSG00000121879.6	PIK3CA	PIK3CA	P13	gene_body	508	0.947368	0.822479	-0.087923	-0.123485915354331	0.210526	0.167322834645669	0.692913385826772
ENSG00000121879.6	PIK3CA	PIK3CA	P2	gene_body	508	0.928571	0.9375	0	-0.00207367913385826	0.10659725	0.415354330708661	0.405511811023622
ENSG00000121879.6	PIK3CA	PIK3CA	P6	gene_body	508	0.941176	0.913043	0	-0.0236094035433071	0.1063065	0.320866141732283	0.468503937007874
ENSG00000121879.6	PIK3CA	PIK3CA	P7	gene_body	508	0.933333	0.912404	-0.0249635	-0.051610188976378	0.1107885	0.311023622047244	0.568897637795276
ENSG00000121879.6	PIK3CA	PIK3CA	P8	gene_body	508	0.9245015	0.928571	0	-0.00136511614173228	0.105556	0.421259842519685	0.421259842519685
ENSG00000121879.6	PIK3CA	PIK3CA	P9	gene_body	508	0.9375	0.9375	0	-0.0163340925196851	0.101648	0.348425196850394	0.433070866141732
ENSG00000121879.6	PIK3CA	PIK3CA	P1	promoter	40	0	0	0	-0.031057125	0.0348772500000001	0.125	0.35
ENSG00000121879.6	PIK3CA	PIK3CA	P11	promoter	40	0	0.029514	0	-0.057615	0.13925325	0.275	0.375
ENSG00000121879.6	PIK3CA	PIK3CA	P12	promoter	40	0	0	0	-0.01043125	0.0135025	0.225	0.275
ENSG00000121879.6	PIK3CA	PIK3CA	P13	promoter	40	0.0611115	0	0	-0.1063449	0.1239495	0.075	0.475
ENSG00000121879.6	PIK3CA	PIK3CA	P2	promoter	40	0	0	0	-0.08763205	0.14078275	0.075	0.45
ENSG00000121879.6	PIK3CA	PIK3CA	P6	promoter	40	0	0	0	-0.0237795	0.011102	0.125	0.275
ENSG00000121879.6	PIK3CA	PIK3CA	P7	promoter	40	0	0	0	-0.027581975	0.00112774999999999	0.175	0.25
ENSG00000121879.6	PIK3CA	PIK3CA	P8	promoter	40	0	0	0	-0.03744845	0.00469925	0.2	0.25
ENSG00000121879.6	PIK3CA	PIK3CA	P9	promoter	40	0	0	0	-0.001528775	0.00137350000000001	0.2	0.25
ENSG00000116044.16	NFE2L2	NFE2L2	P1	gene_body	1058	0.807692	0.7	-0.0119045	-0.0426479744801513	0.1453065	0.309073724007561	0.524574669187146
ENSG00000116044.16	NFE2L2	NFE2L2	P11	gene_body	1058	0.846154	0.444444	-0.15301	-0.218826366729679	0.428571	0.18241965973535	0.709829867674858
ENSG00000116044.16	NFE2L2	NFE2L2	P12	gene_body	1058	0.809524	0.823529	0	0.0334902967863894	0.18126275	0.458412098298677	0.387523629489603
ENSG00000116044.16	NFE2L2	NFE2L2	P13	gene_body	1058	0.818182	0.636364	-0.0668265	-0.103878398865784	0.21920025	0.214555765595463	0.632325141776938
ENSG00000116044.16	NFE2L2	NFE2L2	P2	gene_body	1058	0.809524	0.75	0	-0.0204294168241966	0.167237	0.346880907372401	0.47069943289225
ENSG00000116044.16	NFE2L2	NFE2L2	P6	gene_body	1058	0.8125	0.791667	0	-0.0177048109640831	0.171429	0.407372400756144	0.438563327032136
ENSG00000116044.16	NFE2L2	NFE2L2	P7	gene_body	1058	0.833333	0.363636	-0.133333	-0.213508630434783	0.4041055	0.155954631379962	0.694706994328922
ENSG00000116044.16	NFE2L2	NFE2L2	P8	gene_body	1058	0.809524	0.761905	-0.0142640000000001	-0.0710296531190926	0.19717325	0.35538752362949	0.525519848771267
ENSG00000116044.16	NFE2L2	NFE2L2	P9	gene_body	1058	0.833333	0.84	0	-0.0419867013232514	0.16037075	0.342155009451796	0.496219281663516
ENSG00000116044.16	NFE2L2	NFE2L2	P1	promoter	58	0	0	0	0.00717101724137931	0	0.189655172413793	0.189655172413793
ENSG00000116044.16	NFE2L2	NFE2L2	P11	promoter	58	0	0	0	-0.0240483965517241	0	0.155172413793103	0.241379310344828
ENSG00000116044.16	NFE2L2	NFE2L2	P12	promoter	58	0	0	0	0.0170549137931035	0	0.241379310344828	0.137931034482759
ENSG00000116044.16	NFE2L2	NFE2L2	P13	promoter	58	0	0	0	-0.0204456379310345	0	0.172413793103448	0.206896551724138
ENSG00000116044.16	NFE2L2	NFE2L2	P2	promoter	58	0	0	0	-0.0305866896551724	0.0375	0.120689655172414	0.258620689655172
ENSG00000116044.16	NFE2L2	NFE2L2	P6	promoter	58	0	0	0	0.0273173620689655	0	0.224137931034483	0.172413793103448
ENSG00000116044.16	NFE2L2	NFE2L2	P7	promoter	58	0	0	0	-0.0453241724137931	0.06978425	0.0862068965517242	0.275862068965517
ENSG00000116044.16	NFE2L2	NFE2L2	P8	promoter	58	0	0	0	0.0319251379310345	0.032258	0.293103448275862	0.137931034482759
ENSG00000116044.16	NFE2L2	NFE2L2	P9	promoter	58	0.085145	0	0	-0.0505424655172414	0.119124	0.206896551724138	0.46551724137931
ENSG00000141510.18	TP53	TP53	P1	gene_body	300	0.916667	0.916667	0	0.00199857333333332	0.13847475	0.383333333333333	0.366666666666667
ENSG00000141510.18	TP53	TP53	P11	gene_body	300	0.925824	0.818182	-0.054701	-0.0992256033333334	0.182197	0.163333333333333	0.566666666666667
ENSG00000141510.18	TP53	TP53	P12	gene_body	300	0.923077	0.888889	0	-0.00894011666666667	0.135747	0.33	0.35
ENSG00000141510.18	TP53	TP53	P13	gene_body	300	0.930952	0.846154	-0.0571895	-0.0821790333333333	0.15712025	0.186666666666667	0.55
ENSG00000141510.18	TP53	TP53	P2	gene_body	300	0.916667	0.923077	0	0.00713744999999998	0.106813	0.366666666666667	0.293333333333333
ENSG00000141510.18	TP53	TP53	P6	gene_body	300	0.928571	0.9	0	-0.01996699	0.09492	0.266666666666667	0.403333333333333
ENSG00000141510.18	TP53	TP53	P7	gene_body	300	0.944444	0.8	-0.071429	-0.133251916666667	0.205451	0.106666666666667	0.616666666666667
ENSG00000141510.18	TP53	TP53	P8	gene_body	300	0.919872	0.9	0	-0.0175956233333333	0.157063	0.333333333333333	0.396666666666667
ENSG00000141510.18	TP53	TP53	P9	gene_body	300	0.916667	0.916667	0	-0.0171033066666667	0.10117725	0.293333333333333	0.373333333333333
ENSG00000141510.18	TP53	TP53	P1	promoter	50	0	0	0	-0.02273062	0	0.18	0.2
ENSG00000141510.18	TP53	TP53	P11	promoter	50	0	0	0	-0.04510944	0	0.08	0.22
ENSG00000141510.18	TP53	TP53	P12	promoter	50	0	0	0	0.0203032	0	0.22	0.16
ENSG00000141510.18	TP53	TP53	P13	promoter	50	0	0	0	-0.03680992	0	0.12	0.24
ENSG00000141510.18	TP53	TP53	P2	promoter	50	0	0	0	-0.01844628	0.01323525	0.14	0.26
ENSG00000141510.18	TP53	TP53	P6	promoter	50	0	0	0	-0.01896058	0	0.06	0.22
ENSG00000141510.18	TP53	TP53	P7	promoter	50	0	0	0	-0.05778028	0.071429	0.04	0.32
ENSG00000141510.18	TP53	TP53	P8	promoter	50	0	0	0	-0.02752072	0.07019225	0.22	0.28
ENSG00000141510.18	TP53	TP53	P9	promoter	50	0	0	0	0.00442436000000001	0	0.2	0.1
ENSG00000127616.19	SMARCA4	SMARCA4	P1	gene_body	1533	0.933333	0.9375	0	0.0167719732550554	0.135747	0.419439008480104	0.353555120678408
ENSG00000127616.19	SMARCA4	SMARCA4	P11	gene_body	1533	0.933333	0.888889	-0.012821	-0.0660207012393999	0.173377	0.262883235485975	0.510110893672538
ENSG00000127616.19	SMARCA4	SMARCA4	P12	gene_body	1533	0.9375	0.923077	0	-0.00332821787345078	0.136513	0.386170906718852	0.41030658838878
ENSG00000127616.19	SMARCA4	SMARCA4	P13	gene_body	1533	0.9375	0.9	-0.029914	-0.0560736816699282	0.125	0.240052185257665	0.544031311154599
ENSG00000127616.19	SMARCA4	SMARCA4	P2	gene_body	1533	0.923077	0.944444	0	0.0224669615133725	0.140909	0.446183953033268	0.326810176125245
ENSG00000127616.19	SMARCA4	SMARCA4	P6	gene_body	1533	0.928571	0.923077	0	-0.00717907175472931	0.15	0.349641226353555	0.38747553816047
ENSG00000127616.19	SMARCA4	SMARCA4	P7	gene_body	1533	0.923077	0.9	-0.00784300000000002	-0.0426334957599478	0.163865	0.320287018917156	0.505544683626876
ENSG00000127616.19	SMARCA4	SMARCA4	P8	gene_body	1533	0.923077	0.928571	0	0.0040222328767123	0.14359	0.413568166992825	0.405088062622309
ENSG00000127616.19	SMARCA4	SMARCA4	P9	gene_body	1533	0.928571	0.9375	0	0.0130039236790607	0.142158	0.415525114155251	0.334637964774951
ENSG00000127616.19	SMARCA4	SMARCA4	P1	promoter	34	0.6098485	0.435606	0	-0.0556299117647059	0.0702385	0.176470588235294	0.470588235294118
ENSG00000127616.19	SMARCA4	SMARCA4	P11	promoter	34	0.636364	0.527778	0	-0.0403284117647059	0.09433775	0.176470588235294	0.441176470588235
ENSG00000127616.19	SMARCA4	SMARCA4	P12	promoter	34	0.625	0.7083335	0.022059	0.0631167058823529	0.15333325	0.5	0.235294117647059
ENSG00000127616.19	SMARCA4	SMARCA4	P13	promoter	34	0.481061	0.5714285	0	0.00749449999999999	0.101917	0.323529411764706	0.323529411764706
ENSG00000127616.19	SMARCA4	SMARCA4	P2	promoter	34	0.615385	0.334541	-0.0678735	-0.137365970588235	0.235577	0.0588235294117647	0.588235294117647
ENSG00000127616.19	SMARCA4	SMARCA4	P6	promoter	34	0.717949	0.6921055	0	0.00865105882352941	0.06109175	0.235294117647059	0.352941176470588
ENSG00000127616.19	SMARCA4	SMARCA4	P7	promoter	34	0.6458335	0.441558	-0.0408335	-0.0844341176470588	0.15692625	0.0882352941176471	0.558823529411765
ENSG00000127616.19	SMARCA4	SMARCA4	P8	promoter	34	0.5505055	0.4486215	-0.0669645	-0.0614300882352941	0.14478675	0.294117647058824	0.558823529411765
ENSG00000127616.19	SMARCA4	SMARCA4	P9	promoter	34	0.801948	0.519048	-0.0357145	-0.0908737647058823	0.21341	0.205882352941176	0.529411764705882
