feature_id	effect	p	study_id	analysis_id	platform	ion_mode	evidence_family	acquisition_source	perfect_group_block	rank_group_correlation	interpretation	q_evidence_family	direction
AN004960__6	-1.3991632089292	0.00857071691703739	ST003025	AN004960	targeted GC-MS	GC-EI positive	ST003025_targeted_GCMS	timestamp parsed from source raw ZIP	TRUE	-0.866448577718212	run_order_confounded_sensitivity_only_not_corrected_truth	0.0942778860874113	lower_in_early_ESCC
AN004960__1	-1.73421302971657	0.0510681336322069	ST003025	AN004960	targeted GC-MS	GC-EI positive	ST003025_targeted_GCMS	timestamp parsed from source raw ZIP	TRUE	-0.866448577718212	run_order_confounded_sensitivity_only_not_corrected_truth	0.140437367488569	lower_in_early_ESCC
AN004960__3	-2.72046129454498	0.0302586599640731	ST003025	AN004960	targeted GC-MS	GC-EI positive	ST003025_targeted_GCMS	timestamp parsed from source raw ZIP	TRUE	-0.866448577718212	run_order_confounded_sensitivity_only_not_corrected_truth	0.140437367488569	lower_in_early_ESCC
AN004960__5	-1.77326519581249	0.0427219655421614	ST003025	AN004960	targeted GC-MS	GC-EI positive	ST003025_targeted_GCMS	timestamp parsed from source raw ZIP	TRUE	-0.866448577718212	run_order_confounded_sensitivity_only_not_corrected_truth	0.140437367488569	lower_in_early_ESCC
AN004960__2	-1.55640994212934	0.172667101360598	ST003025	AN004960	targeted GC-MS	GC-EI positive	ST003025_targeted_GCMS	timestamp parsed from source raw ZIP	TRUE	-0.866448577718212	run_order_confounded_sensitivity_only_not_corrected_truth	0.333583949354403	lower_in_early_ESCC
AN004960__4	-1.56918896610599	0.181954881466038	ST003025	AN004960	targeted GC-MS	GC-EI positive	ST003025_targeted_GCMS	timestamp parsed from source raw ZIP	TRUE	-0.866448577718212	run_order_confounded_sensitivity_only_not_corrected_truth	0.333583949354403	lower_in_early_ESCC
AN004960__9	-0.344195676842704	0.365009348663143	ST003025	AN004960	targeted GC-MS	GC-EI positive	ST003025_targeted_GCMS	timestamp parsed from source raw ZIP	TRUE	-0.866448577718212	run_order_confounded_sensitivity_only_not_corrected_truth	0.573586119327797	lower_in_early_ESCC
AN004960__7	0.436523153631488	0.491688317478459	ST003025	AN004960	targeted GC-MS	GC-EI positive	ST003025_targeted_GCMS	timestamp parsed from source raw ZIP	TRUE	-0.866448577718212	run_order_confounded_sensitivity_only_not_corrected_truth	0.676071436532882	higher_in_early_ESCC
AN004960__10	0.111563158749829	0.6017474854703	ST003025	AN004960	targeted GC-MS	GC-EI positive	ST003025_targeted_GCMS	timestamp parsed from source raw ZIP	TRUE	-0.866448577718212	run_order_confounded_sensitivity_only_not_corrected_truth	0.735469148908144	higher_in_early_ESCC
AN004960__8	0.0434280567887284	0.825047552001162	ST003025	AN004960	targeted GC-MS	GC-EI positive	ST003025_targeted_GCMS	timestamp parsed from source raw ZIP	TRUE	-0.866448577718212	run_order_confounded_sensitivity_only_not_corrected_truth	0.825047552001162	higher_in_early_ESCC
AN004960__11	-0.114473091290664	0.768793039309554	ST003025	AN004960	targeted GC-MS	GC-EI positive	ST003025_targeted_GCMS	timestamp parsed from source raw ZIP	TRUE	-0.866448577718212	run_order_confounded_sensitivity_only_not_corrected_truth	0.825047552001162	lower_in_early_ESCC
AN004962__243	0.511068919033061	2.05114332901087e-10	ST003027	AN004962	targeted LC-MS	positive	ST003027_targeted_LCMS_combined_modes	timestamp parsed from source raw ZIP	FALSE	-0.142151719781894	run_order_sensitivity_only_not_corrected_truth	6.58417008612489e-08	higher_in_early_ESCC
AN004962__2	0.753878478447872	5.44117257595058e-08	ST003027	AN004962	targeted LC-MS	positive	ST003027_targeted_LCMS_combined_modes	timestamp parsed from source raw ZIP	FALSE	-0.142151719781894	run_order_sensitivity_only_not_corrected_truth	4.36654099220034e-06	higher_in_early_ESCC
AN004962__67	0.869086331461563	5.36639086311304e-08	ST003027	AN004962	targeted LC-MS	positive	ST003027_targeted_LCMS_combined_modes	timestamp parsed from source raw ZIP	FALSE	-0.142151719781894	run_order_sensitivity_only_not_corrected_truth	4.36654099220034e-06	higher_in_early_ESCC
AN004962__85	0.547962028953003	3.78522484003151e-08	ST003027	AN004962	targeted LC-MS	positive	ST003027_targeted_LCMS_combined_modes	timestamp parsed from source raw ZIP	FALSE	-0.142151719781894	run_order_sensitivity_only_not_corrected_truth	4.36654099220034e-06	higher_in_early_ESCC
AN004962__41	0.879446470359041	9.4326404382172e-08	ST003027	AN004962	targeted LC-MS	positive	ST003027_targeted_LCMS_combined_modes	timestamp parsed from source raw ZIP	FALSE	-0.142151719781894	run_order_sensitivity_only_not_corrected_truth	6.05575516133545e-06	higher_in_early_ESCC
AN004963__127	0.202706454377234	4.37489003775011e-07	ST003027	AN004963	targeted LC-MS	negative	ST003027_targeted_LCMS_combined_modes	timestamp parsed from source raw ZIP	FALSE	-0.142151719781894	run_order_sensitivity_only_not_corrected_truth	2.34056617019631e-05	higher_in_early_ESCC
AN004962__59	0.721148973333465	7.3867774316361e-07	ST003027	AN004962	targeted LC-MS	positive	ST003027_targeted_LCMS_combined_modes	timestamp parsed from source raw ZIP	FALSE	-0.142151719781894	run_order_sensitivity_only_not_corrected_truth	3.38736507936456e-05	higher_in_early_ESCC
AN004963__28	-0.331986995613621	1.08133801540714e-06	ST003027	AN004963	targeted LC-MS	negative	ST003027_targeted_LCMS_combined_modes	timestamp parsed from source raw ZIP	FALSE	-0.142151719781894	run_order_sensitivity_only_not_corrected_truth	4.06768723830339e-05	lower_in_early_ESCC
AN004963__39	-0.660226987721658	1.14047305746824e-06	ST003027	AN004963	targeted LC-MS	negative	ST003027_targeted_LCMS_combined_modes	timestamp parsed from source raw ZIP	FALSE	-0.142151719781894	run_order_sensitivity_only_not_corrected_truth	4.06768723830339e-05	lower_in_early_ESCC
AN004962__174	1.26124851887333	2.0332017458568e-06	ST003027	AN004962	targeted LC-MS	positive	ST003027_targeted_LCMS_combined_modes	timestamp parsed from source raw ZIP	FALSE	-0.142151719781894	run_order_sensitivity_only_not_corrected_truth	6.52657760420032e-05	higher_in_early_ESCC
AN004963__207	-0.542464612762877	2.64810606829819e-06	ST003027	AN004963	targeted LC-MS	negative	ST003027_targeted_LCMS_combined_modes	timestamp parsed from source raw ZIP	FALSE	-0.142151719781894	run_order_sensitivity_only_not_corrected_truth	7.72765498112472e-05	lower_in_early_ESCC
AN004962__110	0.43965377387873	3.68269924459072e-06	ST003027	AN004962	targeted LC-MS	positive	ST003027_targeted_LCMS_combined_modes	timestamp parsed from source raw ZIP	FALSE	-0.142151719781894	run_order_sensitivity_only_not_corrected_truth	9.85122047928018e-05	higher_in_early_ESCC
AN004962__17	0.358086859150456	6.34860248518662e-06	ST003027	AN004962	targeted LC-MS	positive	ST003027_targeted_LCMS_combined_modes	timestamp parsed from source raw ZIP	FALSE	-0.142151719781894	run_order_sensitivity_only_not_corrected_truth	0.000149219372497415	higher_in_early_ESCC
AN004962__82	0.48278490841266	6.5080100154636e-06	ST003027	AN004962	targeted LC-MS	positive	ST003027_targeted_LCMS_combined_modes	timestamp parsed from source raw ZIP	FALSE	-0.142151719781894	run_order_sensitivity_only_not_corrected_truth	0.000149219372497415	higher_in_early_ESCC
AN004963__148	0.072253550302004	8.17145898795619e-06	ST003027	AN004963	targeted LC-MS	negative	ST003027_targeted_LCMS_combined_modes	timestamp parsed from source raw ZIP	FALSE	-0.142151719781894	run_order_sensitivity_only_not_corrected_truth	0.000174869222342262	higher_in_early_ESCC
AN004962__251	0.388594727990304	9.58618975703965e-06	ST003027	AN004962	targeted LC-MS	positive	ST003027_targeted_LCMS_combined_modes	timestamp parsed from source raw ZIP	FALSE	-0.142151719781894	run_order_sensitivity_only_not_corrected_truth	0.000192322932000608	higher_in_early_ESCC
AN004963__27	-0.0954612213394122	1.34355905268283e-05	ST003027	AN004963	targeted LC-MS	negative	ST003027_targeted_LCMS_combined_modes	timestamp parsed from source raw ZIP	FALSE	-0.142151719781894	run_order_sensitivity_only_not_corrected_truth	0.0002536955623007	lower_in_early_ESCC
AN004962__21	-1.01264048350751	1.52066416968498e-05	ST003027	AN004962	targeted LC-MS	positive	ST003027_targeted_LCMS_combined_modes	timestamp parsed from source raw ZIP	FALSE	-0.142151719781894	run_order_sensitivity_only_not_corrected_truth	0.000271185110260487	lower_in_early_ESCC
AN004962__95	0.0300927101708591	1.70758994718818e-05	ST003027	AN004962	targeted LC-MS	positive	ST003027_targeted_LCMS_combined_modes	timestamp parsed from source raw ZIP	FALSE	-0.142151719781894	run_order_sensitivity_only_not_corrected_truth	0.000274068186523703	higher_in_early_ESCC
AN004962__228	0.107731801549375	1.65218704649469e-05	ST003027	AN004962	targeted LC-MS	positive	ST003027_targeted_LCMS_combined_modes	timestamp parsed from source raw ZIP	FALSE	-0.142151719781894	run_order_sensitivity_only_not_corrected_truth	0.000274068186523703	higher_in_early_ESCC
AN004962__31	0.744589197017187	1.96671699405843e-05	ST003027	AN004962	targeted LC-MS	positive	ST003027_targeted_LCMS_combined_modes	timestamp parsed from source raw ZIP	FALSE	-0.142151719781894	run_order_sensitivity_only_not_corrected_truth	0.000300626740520359	higher_in_early_ESCC
AN004962__29	0.63951107474384	3.6564985493779e-05	ST003027	AN004962	targeted LC-MS	positive	ST003027_targeted_LCMS_combined_modes	timestamp parsed from source raw ZIP	FALSE	-0.142151719781894	run_order_sensitivity_only_not_corrected_truth	0.000533516379250139	higher_in_early_ESCC
AN004963__168	0.711584546716578	3.84739352417587e-05	ST003027	AN004963	targeted LC-MS	negative	ST003027_targeted_LCMS_combined_modes	timestamp parsed from source raw ZIP	FALSE	-0.142151719781894	run_order_sensitivity_only_not_corrected_truth	0.000536962313591502	higher_in_early_ESCC
AN004962__52	0.211287407524401	5.47864559631641e-05	ST003027	AN004962	targeted LC-MS	positive	ST003027_targeted_LCMS_combined_modes	timestamp parsed from source raw ZIP	FALSE	-0.142151719781894	run_order_sensitivity_only_not_corrected_truth	0.000704068823883358	higher_in_early_ESCC
AN004962__107	0.310412208571484	5.48340205516634e-05	ST003027	AN004962	targeted LC-MS	positive	ST003027_targeted_LCMS_combined_modes	timestamp parsed from source raw ZIP	FALSE	-0.142151719781894	run_order_sensitivity_only_not_corrected_truth	0.000704068823883358	higher_in_early_ESCC
AN004963__222	0.10674572231679	7.55935727019424e-05	ST003027	AN004963	targeted LC-MS	negative	ST003027_targeted_LCMS_combined_modes	timestamp parsed from source raw ZIP	FALSE	-0.142151719781894	run_order_sensitivity_only_not_corrected_truth	0.000933289878358596	higher_in_early_ESCC
AN004962__112	0.0159839956608174	9.43454551410227e-05	ST003027	AN004962	targeted LC-MS	positive	ST003027_targeted_LCMS_combined_modes	timestamp parsed from source raw ZIP	FALSE	-0.142151719781894	run_order_sensitivity_only_not_corrected_truth	0.0010544901958701	higher_in_early_ESCC
AN004963__92	-0.784535065533579	9.85504855953366e-05	ST003027	AN004963	targeted LC-MS	negative	ST003027_targeted_LCMS_combined_modes	timestamp parsed from source raw ZIP	FALSE	-0.142151719781894	run_order_sensitivity_only_not_corrected_truth	0.0010544901958701	lower_in_early_ESCC
AN004963__173	0.595578320848807	9.18199011788738e-05	ST003027	AN004963	targeted LC-MS	negative	ST003027_targeted_LCMS_combined_modes	timestamp parsed from source raw ZIP	FALSE	-0.142151719781894	run_order_sensitivity_only_not_corrected_truth	0.0010544901958701	higher_in_early_ESCC
AN004963__199	-0.265321853735839	9.64345508760185e-05	ST003027	AN004963	targeted LC-MS	negative	ST003027_targeted_LCMS_combined_modes	timestamp parsed from source raw ZIP	FALSE	-0.142151719781894	run_order_sensitivity_only_not_corrected_truth	0.0010544901958701	lower_in_early_ESCC
AN004962__258	0.0335359072224334	0.000122319410050218	ST003027	AN004962	targeted LC-MS	positive	ST003027_targeted_LCMS_combined_modes	timestamp parsed from source raw ZIP	FALSE	-0.142151719781894	run_order_sensitivity_only_not_corrected_truth	0.00126659776213291	higher_in_early_ESCC
AN004962__54	0.569098899185952	0.000137984985511231	ST003027	AN004962	targeted LC-MS	positive	ST003027_targeted_LCMS_combined_modes	timestamp parsed from source raw ZIP	FALSE	-0.142151719781894	run_order_sensitivity_only_not_corrected_truth	0.00138416188590954	higher_in_early_ESCC
AN004962__8	0.273437471231578	0.000151018688794813	ST003027	AN004962	targeted LC-MS	positive	ST003027_targeted_LCMS_combined_modes	timestamp parsed from source raw ZIP	FALSE	-0.142151719781894	run_order_sensitivity_only_not_corrected_truth	0.00142579409126867	higher_in_early_ESCC
AN004962__260	0.47103023091207	0.000150229985917668	ST003027	AN004962	targeted LC-MS	positive	ST003027_targeted_LCMS_combined_modes	timestamp parsed from source raw ZIP	FALSE	-0.142151719781894	run_order_sensitivity_only_not_corrected_truth	0.00142579409126867	higher_in_early_ESCC
AN004962__253	1.05027342980151	0.000159382878353208	ST003027	AN004962	targeted LC-MS	positive	ST003027_targeted_LCMS_combined_modes	timestamp parsed from source raw ZIP	FALSE	-0.142151719781894	run_order_sensitivity_only_not_corrected_truth	0.00146176868432514	higher_in_early_ESCC
AN004962__183	0.420781759134388	0.000169839880137442	ST003027	AN004962	targeted LC-MS	positive	ST003027_targeted_LCMS_combined_modes	timestamp parsed from source raw ZIP	FALSE	-0.142151719781894	run_order_sensitivity_only_not_corrected_truth	0.00151219934507556	higher_in_early_ESCC
AN004962__255	0.0721971929585607	0.000174303351301544	ST003027	AN004962	targeted LC-MS	positive	ST003027_targeted_LCMS_combined_modes	timestamp parsed from source raw ZIP	FALSE	-0.142151719781894	run_order_sensitivity_only_not_corrected_truth	0.00151219934507556	higher_in_early_ESCC
AN004962__184	1.28023145779686	0.000189298188148576	ST003027	AN004962	targeted LC-MS	positive	ST003027_targeted_LCMS_combined_modes	timestamp parsed from source raw ZIP	FALSE	-0.142151719781894	run_order_sensitivity_only_not_corrected_truth	0.00159907153672876	higher_in_early_ESCC
AN004962__98	0.576164387816143	0.000277390209390463	ST003027	AN004962	targeted LC-MS	positive	ST003027_targeted_LCMS_combined_modes	timestamp parsed from source raw ZIP	FALSE	-0.142151719781894	run_order_sensitivity_only_not_corrected_truth	0.00228313480036766	higher_in_early_ESCC
AN004963__32	0.339421257316672	0.000325702316039772	ST003027	AN004963	targeted LC-MS	negative	ST003027_targeted_LCMS_combined_modes	timestamp parsed from source raw ZIP	FALSE	-0.142151719781894	run_order_sensitivity_only_not_corrected_truth	0.00261376108621917	higher_in_early_ESCC
AN004962__75	0.371222154515534	0.000350090239249474	ST003027	AN004962	targeted LC-MS	positive	ST003027_targeted_LCMS_combined_modes	timestamp parsed from source raw ZIP	FALSE	-0.142151719781894	run_order_sensitivity_only_not_corrected_truth	0.00274095040973369	higher_in_early_ESCC
AN004963__69	0.0815044895626146	0.000387152588129709	ST003027	AN004963	targeted LC-MS	negative	ST003027_targeted_LCMS_combined_modes	timestamp parsed from source raw ZIP	FALSE	-0.142151719781894	run_order_sensitivity_only_not_corrected_truth	0.00295895192356278	higher_in_early_ESCC
AN004962__88	0.47436717495253	0.000408563177834525	ST003027	AN004962	targeted LC-MS	positive	ST003027_targeted_LCMS_combined_modes	timestamp parsed from source raw ZIP	FALSE	-0.142151719781894	run_order_sensitivity_only_not_corrected_truth	0.00297145481808819	higher_in_early_ESCC
AN004962__252	0.111961329294226	0.000404541227395634	ST003027	AN004962	targeted LC-MS	positive	ST003027_targeted_LCMS_combined_modes	timestamp parsed from source raw ZIP	FALSE	-0.142151719781894	run_order_sensitivity_only_not_corrected_truth	0.00297145481808819	higher_in_early_ESCC
AN004963__95	-1.24372808721922	0.000416559086647876	ST003027	AN004963	targeted LC-MS	negative	ST003027_targeted_LCMS_combined_modes	timestamp parsed from source raw ZIP	FALSE	-0.142151719781894	run_order_sensitivity_only_not_corrected_truth	0.00297145481808819	lower_in_early_ESCC
AN004962__66	0.349510452007505	0.000464961159275679	ST003027	AN004962	targeted LC-MS	positive	ST003027_targeted_LCMS_combined_modes	timestamp parsed from source raw ZIP	FALSE	-0.142151719781894	run_order_sensitivity_only_not_corrected_truth	0.00317558578994666	higher_in_early_ESCC
AN004963__211	-0.980822779389676	0.000458112681456537	ST003027	AN004963	targeted LC-MS	negative	ST003027_targeted_LCMS_combined_modes	timestamp parsed from source raw ZIP	FALSE	-0.142151719781894	run_order_sensitivity_only_not_corrected_truth	0.00317558578994666	lower_in_early_ESCC
AN004963__118	0.182034097750822	0.000649788608762807	ST003027	AN004963	targeted LC-MS	negative	ST003027_targeted_LCMS_combined_modes	timestamp parsed from source raw ZIP	FALSE	-0.142151719781894	run_order_sensitivity_only_not_corrected_truth	0.00434546132110127	higher_in_early_ESCC
AN004962__229	0.0101550209911124	0.000862089999619466	ST003027	AN004962	targeted LC-MS	positive	ST003027_targeted_LCMS_combined_modes	timestamp parsed from source raw ZIP	FALSE	-0.142151719781894	run_order_sensitivity_only_not_corrected_truth	0.00564756918118058	higher_in_early_ESCC
AN004962__244	0.0257604148525078	0.000904485972157954	ST003027	AN004962	targeted LC-MS	positive	ST003027_targeted_LCMS_combined_modes	timestamp parsed from source raw ZIP	FALSE	-0.142151719781894	run_order_sensitivity_only_not_corrected_truth	0.00580679994125407	higher_in_early_ESCC
AN004962__114	0.263754362412372	0.000930439538861477	ST003027	AN004962	targeted LC-MS	positive	ST003027_targeted_LCMS_combined_modes	timestamp parsed from source raw ZIP	FALSE	-0.142151719781894	run_order_sensitivity_only_not_corrected_truth	0.0058562959210693	higher_in_early_ESCC
AN004962__37	0.402993196923445	0.00101491002748638	ST003027	AN004962	targeted LC-MS	positive	ST003027_targeted_LCMS_combined_modes	timestamp parsed from source raw ZIP	FALSE	-0.142151719781894	run_order_sensitivity_only_not_corrected_truth	0.00605274989750148	higher_in_early_ESCC
AN004963__122	0.0440166576300564	0.00101440842850553	ST003027	AN004963	targeted LC-MS	negative	ST003027_targeted_LCMS_combined_modes	timestamp parsed from source raw ZIP	FALSE	-0.142151719781894	run_order_sensitivity_only_not_corrected_truth	0.00605274989750148	higher_in_early_ESCC
AN004963__135	0.312215223724395	0.00101821960892548	ST003027	AN004963	targeted LC-MS	negative	ST003027_targeted_LCMS_combined_modes	timestamp parsed from source raw ZIP	FALSE	-0.142151719781894	run_order_sensitivity_only_not_corrected_truth	0.00605274989750148	higher_in_early_ESCC
AN004963__221	-0.967214355612322	0.00120077957687217	ST003027	AN004963	targeted LC-MS	negative	ST003027_targeted_LCMS_combined_modes	timestamp parsed from source raw ZIP	FALSE	-0.142151719781894	run_order_sensitivity_only_not_corrected_truth	0.00700818625774485	lower_in_early_ESCC
AN004962__165	0.382322758043854	0.00128729597951389	ST003027	AN004962	targeted LC-MS	positive	ST003027_targeted_LCMS_combined_modes	timestamp parsed from source raw ZIP	FALSE	-0.142151719781894	run_order_sensitivity_only_not_corrected_truth	0.00737896445399924	higher_in_early_ESCC
AN004962__167	0.285779638462663	0.00157587719713213	ST003027	AN004962	targeted LC-MS	positive	ST003027_targeted_LCMS_combined_modes	timestamp parsed from source raw ZIP	FALSE	-0.142151719781894	run_order_sensitivity_only_not_corrected_truth	0.00887467684700726	higher_in_early_ESCC
AN004962__204	0.699946719039833	0.00164069397950649	ST003027	AN004962	targeted LC-MS	positive	ST003027_targeted_LCMS_combined_modes	timestamp parsed from source raw ZIP	FALSE	-0.142151719781894	run_order_sensitivity_only_not_corrected_truth	0.00895550194043001	higher_in_early_ESCC
AN004963__86	0.401979997744515	0.00164602683640302	ST003027	AN004963	targeted LC-MS	negative	ST003027_targeted_LCMS_combined_modes	timestamp parsed from source raw ZIP	FALSE	-0.142151719781894	run_order_sensitivity_only_not_corrected_truth	0.00895550194043001	higher_in_early_ESCC
AN004963__191	-0.113370129544707	0.00175182220531036	ST003027	AN004963	targeted LC-MS	negative	ST003027_targeted_LCMS_combined_modes	timestamp parsed from source raw ZIP	FALSE	-0.142151719781894	run_order_sensitivity_only_not_corrected_truth	0.0093722487984104	lower_in_early_ESCC
AN004962__209	0.007730313673701	0.00178699726883911	ST003027	AN004962	targeted LC-MS	positive	ST003027_targeted_LCMS_combined_modes	timestamp parsed from source raw ZIP	FALSE	-0.142151719781894	run_order_sensitivity_only_not_corrected_truth	0.00940370693930091	higher_in_early_ESCC
AN004962__47	-0.036082117791307	0.00182591364956212	ST003027	AN004962	targeted LC-MS	positive	ST003027_targeted_LCMS_combined_modes	timestamp parsed from source raw ZIP	FALSE	-0.142151719781894	run_order_sensitivity_only_not_corrected_truth	0.00945352066950708	lower_in_early_ESCC
AN004963__54	-0.0673637576509443	0.00235827869309516	ST003027	AN004963	targeted LC-MS	negative	ST003027_targeted_LCMS_combined_modes	timestamp parsed from source raw ZIP	FALSE	-0.142151719781894	run_order_sensitivity_only_not_corrected_truth	0.0120159914362468	lower_in_early_ESCC
AN004963__107	0.0650438335066661	0.00250266717853697	ST003027	AN004963	targeted LC-MS	negative	ST003027_targeted_LCMS_combined_modes	timestamp parsed from source raw ZIP	FALSE	-0.142151719781894	run_order_sensitivity_only_not_corrected_truth	0.0125524400673495	higher_in_early_ESCC
AN004962__113	0.380521395600605	0.00276292000672291	ST003027	AN004962	targeted LC-MS	positive	ST003027_targeted_LCMS_combined_modes	timestamp parsed from source raw ZIP	FALSE	-0.142151719781894	run_order_sensitivity_only_not_corrected_truth	0.013437838214516	higher_in_early_ESCC
AN004963__139	0.436987479198615	0.00275706315861423	ST003027	AN004963	targeted LC-MS	negative	ST003027_targeted_LCMS_combined_modes	timestamp parsed from source raw ZIP	FALSE	-0.142151719781894	run_order_sensitivity_only_not_corrected_truth	0.013437838214516	higher_in_early_ESCC
AN004962__3	0.0219489138606754	0.00292386600985619	ST003027	AN004962	targeted LC-MS	positive	ST003027_targeted_LCMS_combined_modes	timestamp parsed from source raw ZIP	FALSE	-0.142151719781894	run_order_sensitivity_only_not_corrected_truth	0.0137126737053074	higher_in_early_ESCC
AN004962__140	0.360326861989175	0.00286900172496023	ST003027	AN004962	targeted LC-MS	positive	ST003027_targeted_LCMS_combined_modes	timestamp parsed from source raw ZIP	FALSE	-0.142151719781894	run_order_sensitivity_only_not_corrected_truth	0.0137126737053074	higher_in_early_ESCC
AN004962__217	0.0256790771777824	0.00294758406749598	ST003027	AN004962	targeted LC-MS	positive	ST003027_targeted_LCMS_combined_modes	timestamp parsed from source raw ZIP	FALSE	-0.142151719781894	run_order_sensitivity_only_not_corrected_truth	0.0137126737053074	higher_in_early_ESCC
AN004962__218	0.131434121354128	0.00375361196885578	ST003027	AN004962	targeted LC-MS	positive	ST003027_targeted_LCMS_combined_modes	timestamp parsed from source raw ZIP	FALSE	-0.142151719781894	run_order_sensitivity_only_not_corrected_truth	0.0172129920286101	higher_in_early_ESCC
AN004963__217	0.237253599765481	0.00393361764499117	ST003027	AN004963	targeted LC-MS	negative	ST003027_targeted_LCMS_combined_modes	timestamp parsed from source raw ZIP	FALSE	-0.142151719781894	run_order_sensitivity_only_not_corrected_truth	0.0177843840005939	higher_in_early_ESCC
AN004962__227	-0.477201527259131	0.00411505612297605	ST003027	AN004962	targeted LC-MS	positive	ST003027_targeted_LCMS_combined_modes	timestamp parsed from source raw ZIP	FALSE	-0.142151719781894	run_order_sensitivity_only_not_corrected_truth	0.0183462918816016	lower_in_early_ESCC
AN004963__115	-0.261127058964162	0.00464385088750298	ST003027	AN004963	targeted LC-MS	negative	ST003027_targeted_LCMS_combined_modes	timestamp parsed from source raw ZIP	FALSE	-0.142151719781894	run_order_sensitivity_only_not_corrected_truth	0.0204202210258693	lower_in_early_ESCC
AN004963__129	-0.442326476000157	0.00475012330599281	ST003027	AN004963	targeted LC-MS	negative	ST003027_targeted_LCMS_combined_modes	timestamp parsed from source raw ZIP	FALSE	-0.142151719781894	run_order_sensitivity_only_not_corrected_truth	0.020605264611131	lower_in_early_ESCC
AN004962__108	-0.738783359898018	0.00488581888534984	ST003027	AN004962	targeted LC-MS	positive	ST003027_targeted_LCMS_combined_modes	timestamp parsed from source raw ZIP	FALSE	-0.142151719781894	run_order_sensitivity_only_not_corrected_truth	0.0206361560815434	lower_in_early_ESCC
AN004963__114	-0.962580626103052	0.00482996459871181	ST003027	AN004963	targeted LC-MS	negative	ST003027_targeted_LCMS_combined_modes	timestamp parsed from source raw ZIP	FALSE	-0.142151719781894	run_order_sensitivity_only_not_corrected_truth	0.0206361560815434	lower_in_early_ESCC
AN004962__239	0.00730791270591354	0.00510619032532304	ST003027	AN004962	targeted LC-MS	positive	ST003027_targeted_LCMS_combined_modes	timestamp parsed from source raw ZIP	FALSE	-0.142151719781894	run_order_sensitivity_only_not_corrected_truth	0.0207479379041607	higher_in_early_ESCC
AN004962__246	0.729532599252488	0.00501347169220179	ST003027	AN004962	targeted LC-MS	positive	ST003027_targeted_LCMS_combined_modes	timestamp parsed from source raw ZIP	FALSE	-0.142151719781894	run_order_sensitivity_only_not_corrected_truth	0.0207479379041607	higher_in_early_ESCC
AN004963__3	-0.639179692369074	0.00509465706413691	ST003027	AN004963	targeted LC-MS	negative	ST003027_targeted_LCMS_combined_modes	timestamp parsed from source raw ZIP	FALSE	-0.142151719781894	run_order_sensitivity_only_not_corrected_truth	0.0207479379041607	lower_in_early_ESCC
AN004962__191	0.0146051875488876	0.00543100806672117	ST003027	AN004962	targeted LC-MS	positive	ST003027_targeted_LCMS_combined_modes	timestamp parsed from source raw ZIP	FALSE	-0.142151719781894	run_order_sensitivity_only_not_corrected_truth	0.0217919198677187	higher_in_early_ESCC
AN004962__128	0.317884854122923	0.00584457963484281	ST003027	AN004962	targeted LC-MS	positive	ST003027_targeted_LCMS_combined_modes	timestamp parsed from source raw ZIP	FALSE	-0.142151719781894	run_order_sensitivity_only_not_corrected_truth	0.0231618526269697	higher_in_early_ESCC
AN004962__214	0.022598089593892	0.00642912169126227	ST003027	AN004962	targeted LC-MS	positive	ST003027_targeted_LCMS_combined_modes	timestamp parsed from source raw ZIP	FALSE	-0.142151719781894	run_order_sensitivity_only_not_corrected_truth	0.0248644344927131	higher_in_early_ESCC
AN004963__218	0.242826616524601	0.00640835109821248	ST003027	AN004963	targeted LC-MS	negative	ST003027_targeted_LCMS_combined_modes	timestamp parsed from source raw ZIP	FALSE	-0.142151719781894	run_order_sensitivity_only_not_corrected_truth	0.0248644344927131	higher_in_early_ESCC
AN004962__196	-0.34515049882234	0.00651615113194423	ST003027	AN004962	targeted LC-MS	positive	ST003027_targeted_LCMS_combined_modes	timestamp parsed from source raw ZIP	FALSE	-0.142151719781894	run_order_sensitivity_only_not_corrected_truth	0.0249010061113583	lower_in_early_ESCC
AN004963__78	0.0331577575594511	0.00714123349326678	ST003027	AN004963	targeted LC-MS	negative	ST003027_targeted_LCMS_combined_modes	timestamp parsed from source raw ZIP	FALSE	-0.142151719781894	run_order_sensitivity_only_not_corrected_truth	0.0269686582510428	higher_in_early_ESCC
AN004963__126	0.0518244507473859	0.00788342933249873	ST003027	AN004963	targeted LC-MS	negative	ST003027_targeted_LCMS_combined_modes	timestamp parsed from source raw ZIP	FALSE	-0.142151719781894	run_order_sensitivity_only_not_corrected_truth	0.0294253583224662	higher_in_early_ESCC
AN004962__33	0.368107729552452	0.00879036880176398	ST003027	AN004962	targeted LC-MS	positive	ST003027_targeted_LCMS_combined_modes	timestamp parsed from source raw ZIP	FALSE	-0.142151719781894	run_order_sensitivity_only_not_corrected_truth	0.0317045885996207	higher_in_early_ESCC
AN004962__189	-0.537879316074297	0.008723579520168	ST003027	AN004962	targeted LC-MS	positive	ST003027_targeted_LCMS_combined_modes	timestamp parsed from source raw ZIP	FALSE	-0.142151719781894	run_order_sensitivity_only_not_corrected_truth	0.0317045885996207	lower_in_early_ESCC
AN004963__151	0.0867852506088144	0.00862994750998618	ST003027	AN004963	targeted LC-MS	negative	ST003027_targeted_LCMS_combined_modes	timestamp parsed from source raw ZIP	FALSE	-0.142151719781894	run_order_sensitivity_only_not_corrected_truth	0.0317045885996207	higher_in_early_ESCC
AN004962__141	0.522367606626111	0.00912375811721285	ST003027	AN004962	targeted LC-MS	positive	ST003027_targeted_LCMS_combined_modes	timestamp parsed from source raw ZIP	FALSE	-0.142151719781894	run_order_sensitivity_only_not_corrected_truth	0.0325414039513925	higher_in_early_ESCC
AN004962__126	0.216533255886142	0.00974159685517791	ST003027	AN004962	targeted LC-MS	positive	ST003027_targeted_LCMS_combined_modes	timestamp parsed from source raw ZIP	FALSE	-0.142151719781894	run_order_sensitivity_only_not_corrected_truth	0.0343632152803528	higher_in_early_ESCC
AN004963__49	-0.278276509392029	0.0100046180086243	ST003027	AN004963	targeted LC-MS	negative	ST003027_targeted_LCMS_combined_modes	timestamp parsed from source raw ZIP	FALSE	-0.142151719781894	run_order_sensitivity_only_not_corrected_truth	0.0349074171822651	lower_in_early_ESCC
AN004963__179	-0.0275277357020446	0.0110003172824596	ST003027	AN004963	targeted LC-MS	negative	ST003027_targeted_LCMS_combined_modes	timestamp parsed from source raw ZIP	FALSE	-0.142151719781894	run_order_sensitivity_only_not_corrected_truth	0.0379688370717153	lower_in_early_ESCC
AN004963__160	0.104285525268391	0.0114526317663116	ST003027	AN004963	targeted LC-MS	negative	ST003027_targeted_LCMS_combined_modes	timestamp parsed from source raw ZIP	FALSE	-0.142151719781894	run_order_sensitivity_only_not_corrected_truth	0.0391095191168726	higher_in_early_ESCC
AN004963__171	0.0294049708270867	0.0117692064749261	ST003027	AN004963	targeted LC-MS	negative	ST003027_targeted_LCMS_combined_modes	timestamp parsed from source raw ZIP	FALSE	-0.142151719781894	run_order_sensitivity_only_not_corrected_truth	0.0397675292468555	higher_in_early_ESCC
AN004962__53	0.230195268518478	0.0129598980833551	ST003027	AN004962	targeted LC-MS	positive	ST003027_targeted_LCMS_combined_modes	timestamp parsed from source raw ZIP	FALSE	-0.142151719781894	run_order_sensitivity_only_not_corrected_truth	0.0433346592162186	higher_in_early_ESCC
AN004963__184	0.522888115016934	0.0133689812370454	ST003027	AN004963	targeted LC-MS	negative	ST003027_targeted_LCMS_combined_modes	timestamp parsed from source raw ZIP	FALSE	-0.142151719781894	run_order_sensitivity_only_not_corrected_truth	0.0442416801762018	higher_in_early_ESCC
AN004962__149	-0.152503494805523	0.014633010772993	ST003027	AN004962	targeted LC-MS	positive	ST003027_targeted_LCMS_combined_modes	timestamp parsed from source raw ZIP	FALSE	-0.142151719781894	run_order_sensitivity_only_not_corrected_truth	0.0474732323399121	lower_in_early_ESCC
AN004963__8	-0.389898321949589	0.0146412772637112	ST003027	AN004963	targeted LC-MS	negative	ST003027_targeted_LCMS_combined_modes	timestamp parsed from source raw ZIP	FALSE	-0.142151719781894	run_order_sensitivity_only_not_corrected_truth	0.0474732323399121	lower_in_early_ESCC
AN004962__103	0.131296816485294	0.0153906898478291	ST003027	AN004962	targeted LC-MS	positive	ST003027_targeted_LCMS_combined_modes	timestamp parsed from source raw ZIP	FALSE	-0.142151719781894	run_order_sensitivity_only_not_corrected_truth	0.0494041144115313	higher_in_early_ESCC
AN004962__60	0.270472159526481	0.0165573662967746	ST003027	AN004962	targeted LC-MS	positive	ST003027_targeted_LCMS_combined_modes	timestamp parsed from source raw ZIP	FALSE	-0.142151719781894	run_order_sensitivity_only_not_corrected_truth	0.0525062427038512	higher_in_early_ESCC
AN004962__61	0.302999032639052	0.0168477975031049	ST003027	AN004962	targeted LC-MS	positive	ST003027_targeted_LCMS_combined_modes	timestamp parsed from source raw ZIP	FALSE	-0.142151719781894	run_order_sensitivity_only_not_corrected_truth	0.0525062427038512	higher_in_early_ESCC
AN004963__41	-0.295955333516998	0.0168227073380574	ST003027	AN004963	targeted LC-MS	negative	ST003027_targeted_LCMS_combined_modes	timestamp parsed from source raw ZIP	FALSE	-0.142151719781894	run_order_sensitivity_only_not_corrected_truth	0.0525062427038512	lower_in_early_ESCC
AN004963__178	0.732254058272095	0.0181923859640198	ST003027	AN004963	targeted LC-MS	negative	ST003027_targeted_LCMS_combined_modes	timestamp parsed from source raw ZIP	FALSE	-0.142151719781894	run_order_sensitivity_only_not_corrected_truth	0.0561514989850996	higher_in_early_ESCC
AN004962__24	0.258448989027999	0.0185162367020978	ST003027	AN004962	targeted LC-MS	positive	ST003027_targeted_LCMS_combined_modes	timestamp parsed from source raw ZIP	FALSE	-0.142151719781894	run_order_sensitivity_only_not_corrected_truth	0.0566067807749846	higher_in_early_ESCC
AN004963__174	0.701249668682106	0.0188486208170533	ST003027	AN004963	targeted LC-MS	negative	ST003027_targeted_LCMS_combined_modes	timestamp parsed from source raw ZIP	FALSE	-0.142151719781894	run_order_sensitivity_only_not_corrected_truth	0.0570793139837181	higher_in_early_ESCC
AN004962__135	0.019746897611499	0.0197567988025424	ST003027	AN004962	targeted LC-MS	positive	ST003027_targeted_LCMS_combined_modes	timestamp parsed from source raw ZIP	FALSE	-0.142151719781894	run_order_sensitivity_only_not_corrected_truth	0.0592703964076271	higher_in_early_ESCC
AN004963__85	-0.114090285381741	0.0202438451557734	ST003027	AN004963	targeted LC-MS	negative	ST003027_targeted_LCMS_combined_modes	timestamp parsed from source raw ZIP	FALSE	-0.142151719781894	run_order_sensitivity_only_not_corrected_truth	0.0601692064352155	lower_in_early_ESCC
AN004962__235	0.46247671283348	0.0215996289932527	ST003027	AN004962	targeted LC-MS	positive	ST003027_targeted_LCMS_combined_modes	timestamp parsed from source raw ZIP	FALSE	-0.142151719781894	run_order_sensitivity_only_not_corrected_truth	0.0636099165764597	higher_in_early_ESCC
AN004962__62	0.00858751804751472	0.022924887064577	ST003027	AN004962	targeted LC-MS	positive	ST003027_targeted_LCMS_combined_modes	timestamp parsed from source raw ZIP	FALSE	-0.142151719781894	run_order_sensitivity_only_not_corrected_truth	0.0667834258067728	higher_in_early_ESCC
AN004962__146	0.111304190870718	0.0231082248411569	ST003027	AN004962	targeted LC-MS	positive	ST003027_targeted_LCMS_combined_modes	timestamp parsed from source raw ZIP	FALSE	-0.142151719781894	run_order_sensitivity_only_not_corrected_truth	0.0667834258067728	higher_in_early_ESCC
AN004963__76	-0.108794680063549	0.023301382212955	ST003027	AN004963	targeted LC-MS	negative	ST003027_targeted_LCMS_combined_modes	timestamp parsed from source raw ZIP	FALSE	-0.142151719781894	run_order_sensitivity_only_not_corrected_truth	0.0667834258067728	lower_in_early_ESCC
AN004963__98	-0.0680705215285562	0.0250382575471483	ST003027	AN004963	targeted LC-MS	negative	ST003027_targeted_LCMS_combined_modes	timestamp parsed from source raw ZIP	FALSE	-0.142151719781894	run_order_sensitivity_only_not_corrected_truth	0.0711263776339345	lower_in_early_ESCC
AN004962__185	0.0909961624269544	0.0261162483365248	ST003027	AN004962	targeted LC-MS	positive	ST003027_targeted_LCMS_combined_modes	timestamp parsed from source raw ZIP	FALSE	-0.142151719781894	run_order_sensitivity_only_not_corrected_truth	0.0728983975306476	higher_in_early_ESCC
AN004963__77	0.101748153118183	0.0259520528624344	ST003027	AN004963	targeted LC-MS	negative	ST003027_targeted_LCMS_combined_modes	timestamp parsed from source raw ZIP	FALSE	-0.142151719781894	run_order_sensitivity_only_not_corrected_truth	0.0728983975306476	higher_in_early_ESCC
AN004962__254	-0.0127008971599196	0.0266083668362882	ST003027	AN004962	targeted LC-MS	positive	ST003027_targeted_LCMS_combined_modes	timestamp parsed from source raw ZIP	FALSE	-0.142151719781894	run_order_sensitivity_only_not_corrected_truth	0.0736317737452457	lower_in_early_ESCC
AN004963__24	0.16907846973081	0.0282755994494886	ST003027	AN004963	targeted LC-MS	negative	ST003027_targeted_LCMS_combined_modes	timestamp parsed from source raw ZIP	FALSE	-0.142151719781894	run_order_sensitivity_only_not_corrected_truth	0.0775766446434689	higher_in_early_ESCC
AN004962__65	0.00474223643764445	0.0305100176316533	ST003027	AN004962	targeted LC-MS	positive	ST003027_targeted_LCMS_combined_modes	timestamp parsed from source raw ZIP	FALSE	-0.142151719781894	run_order_sensitivity_only_not_corrected_truth	0.0829975903369552	higher_in_early_ESCC
AN004963__93	0.0862488813081515	0.0338977942434517	ST003027	AN004963	targeted LC-MS	negative	ST003027_targeted_LCMS_combined_modes	timestamp parsed from source raw ZIP	FALSE	-0.142151719781894	run_order_sensitivity_only_not_corrected_truth	0.0906765996012332	higher_in_early_ESCC
AN004963__185	0.157012438210147	0.0338119248839365	ST003027	AN004963	targeted LC-MS	negative	ST003027_targeted_LCMS_combined_modes	timestamp parsed from source raw ZIP	FALSE	-0.142151719781894	run_order_sensitivity_only_not_corrected_truth	0.0906765996012332	higher_in_early_ESCC
AN004963__19	-0.200843911133513	0.034843114825919	ST003027	AN004963	targeted LC-MS	negative	ST003027_targeted_LCMS_combined_modes	timestamp parsed from source raw ZIP	FALSE	-0.142151719781894	run_order_sensitivity_only_not_corrected_truth	0.0924350401580166	lower_in_early_ESCC
AN004963__14	-0.298066807835644	0.0359842909991311	ST003027	AN004963	targeted LC-MS	negative	ST003027_targeted_LCMS_combined_modes	timestamp parsed from source raw ZIP	FALSE	-0.142151719781894	run_order_sensitivity_only_not_corrected_truth	0.0938580086633978	lower_in_early_ESCC
AN004963__99	0.253821086920316	0.0360690820078097	ST003027	AN004963	targeted LC-MS	negative	ST003027_targeted_LCMS_combined_modes	timestamp parsed from source raw ZIP	FALSE	-0.142151719781894	run_order_sensitivity_only_not_corrected_truth	0.0938580086633978	higher_in_early_ESCC
AN004963__192	-0.425794986120892	0.0362566762438048	ST003027	AN004963	targeted LC-MS	negative	ST003027_targeted_LCMS_combined_modes	timestamp parsed from source raw ZIP	FALSE	-0.142151719781894	run_order_sensitivity_only_not_corrected_truth	0.0938580086633978	lower_in_early_ESCC
AN004962__42	0.0806891458730278	0.0376133447308019	ST003027	AN004962	targeted LC-MS	positive	ST003027_targeted_LCMS_combined_modes	timestamp parsed from source raw ZIP	FALSE	-0.142151719781894	run_order_sensitivity_only_not_corrected_truth	0.0965910692686992	higher_in_early_ESCC
AN004962__262	0.00575837214216833	0.0409699945771832	ST003027	AN004962	targeted LC-MS	positive	ST003027_targeted_LCMS_combined_modes	timestamp parsed from source raw ZIP	FALSE	-0.142151719781894	run_order_sensitivity_only_not_corrected_truth	0.104375938565681	higher_in_early_ESCC
AN004962__150	0.0456747373978029	0.0445372896667016	ST003027	AN004962	targeted LC-MS	positive	ST003027_targeted_LCMS_combined_modes	timestamp parsed from source raw ZIP	FALSE	-0.142151719781894	run_order_sensitivity_only_not_corrected_truth	0.11257062978749	higher_in_early_ESCC
AN004962__199	0.0291272400933463	0.0464301569350621	ST003027	AN004962	targeted LC-MS	positive	ST003027_targeted_LCMS_combined_modes	timestamp parsed from source raw ZIP	FALSE	-0.142151719781894	run_order_sensitivity_only_not_corrected_truth	0.115535506791899	higher_in_early_ESCC
AN004962__219	0.00876567444989918	0.0463231356899805	ST003027	AN004962	targeted LC-MS	positive	ST003027_targeted_LCMS_combined_modes	timestamp parsed from source raw ZIP	FALSE	-0.142151719781894	run_order_sensitivity_only_not_corrected_truth	0.115535506791899	higher_in_early_ESCC
AN004962__27	-0.404468879816796	0.0499317324563099	ST003027	AN004962	targeted LC-MS	positive	ST003027_targeted_LCMS_combined_modes	timestamp parsed from source raw ZIP	FALSE	-0.142151719781894	run_order_sensitivity_only_not_corrected_truth	0.122351802431111	lower_in_early_ESCC
AN004963__175	-0.41812509605516	0.0496725598098493	ST003027	AN004963	targeted LC-MS	negative	ST003027_targeted_LCMS_combined_modes	timestamp parsed from source raw ZIP	FALSE	-0.142151719781894	run_order_sensitivity_only_not_corrected_truth	0.122351802431111	lower_in_early_ESCC
AN004962__181	0.124561146987766	0.0535013659040116	ST003027	AN004962	targeted LC-MS	positive	ST003027_targeted_LCMS_combined_modes	timestamp parsed from source raw ZIP	FALSE	-0.142151719781894	run_order_sensitivity_only_not_corrected_truth	0.129127356805923	higher_in_early_ESCC
AN004963__103	0.0219101486263551	0.0532698654229169	ST003027	AN004963	targeted LC-MS	negative	ST003027_targeted_LCMS_combined_modes	timestamp parsed from source raw ZIP	FALSE	-0.142151719781894	run_order_sensitivity_only_not_corrected_truth	0.129127356805923	higher_in_early_ESCC
AN004962__194	-0.172829526353163	0.0560480219653481	ST003027	AN004962	targeted LC-MS	positive	ST003027_targeted_LCMS_combined_modes	timestamp parsed from source raw ZIP	FALSE	-0.142151719781894	run_order_sensitivity_only_not_corrected_truth	0.134264291424453	lower_in_early_ESCC
AN004962__68	0.0313390762271348	0.059325363111685	ST003027	AN004962	targeted LC-MS	positive	ST003027_targeted_LCMS_combined_modes	timestamp parsed from source raw ZIP	FALSE	-0.142151719781894	run_order_sensitivity_only_not_corrected_truth	0.141062530065562	higher_in_early_ESCC
AN004963__169	0.113286085191641	0.0599061632618446	ST003027	AN004963	targeted LC-MS	negative	ST003027_targeted_LCMS_combined_modes	timestamp parsed from source raw ZIP	FALSE	-0.142151719781894	run_order_sensitivity_only_not_corrected_truth	0.141396164757736	higher_in_early_ESCC
AN004962__84	0.101232168209534	0.0613922649040103	ST003027	AN004962	targeted LC-MS	positive	ST003027_targeted_LCMS_combined_modes	timestamp parsed from source raw ZIP	FALSE	-0.142151719781894	run_order_sensitivity_only_not_corrected_truth	0.143846109738593	higher_in_early_ESCC
AN004962__242	-0.237745758123575	0.068447337770312	ST003027	AN004962	targeted LC-MS	positive	ST003027_targeted_LCMS_combined_modes	timestamp parsed from source raw ZIP	FALSE	-0.142151719781894	run_order_sensitivity_only_not_corrected_truth	0.158100850970105	lower_in_early_ESCC
AN004963__2	-0.279523707407922	0.0684611161521639	ST003027	AN004963	targeted LC-MS	negative	ST003027_targeted_LCMS_combined_modes	timestamp parsed from source raw ZIP	FALSE	-0.142151719781894	run_order_sensitivity_only_not_corrected_truth	0.158100850970105	lower_in_early_ESCC
AN004962__79	-0.0158779247782236	0.0841548870541502	ST003027	AN004962	targeted LC-MS	positive	ST003027_targeted_LCMS_combined_modes	timestamp parsed from source raw ZIP	FALSE	-0.142151719781894	run_order_sensitivity_only_not_corrected_truth	0.192955133888444	lower_in_early_ESCC
AN004962__216	-0.368894721270237	0.0920701916598153	ST003027	AN004962	targeted LC-MS	positive	ST003027_targeted_LCMS_combined_modes	timestamp parsed from source raw ZIP	FALSE	-0.142151719781894	run_order_sensitivity_only_not_corrected_truth	0.209606606544686	lower_in_early_ESCC
AN004962__232	0.0119970520074915	0.0929123908576234	ST003027	AN004962	targeted LC-MS	positive	ST003027_targeted_LCMS_combined_modes	timestamp parsed from source raw ZIP	FALSE	-0.142151719781894	run_order_sensitivity_only_not_corrected_truth	0.210034348347163	higher_in_early_ESCC
AN004962__18	0.0631236831645068	0.0963643485114134	ST003027	AN004962	targeted LC-MS	positive	ST003027_targeted_LCMS_combined_modes	timestamp parsed from source raw ZIP	FALSE	-0.142151719781894	run_order_sensitivity_only_not_corrected_truth	0.214812193556692	higher_in_early_ESCC
AN004963__97	0.171089583400799	0.0963167311241533	ST003027	AN004963	targeted LC-MS	negative	ST003027_targeted_LCMS_combined_modes	timestamp parsed from source raw ZIP	FALSE	-0.142151719781894	run_order_sensitivity_only_not_corrected_truth	0.214812193556692	higher_in_early_ESCC
AN004962__122	0.0878544455686249	0.102432716686318	ST003027	AN004962	targeted LC-MS	positive	ST003027_targeted_LCMS_combined_modes	timestamp parsed from source raw ZIP	FALSE	-0.142151719781894	run_order_sensitivity_only_not_corrected_truth	0.226764841767643	higher_in_early_ESCC
AN004963__96	0.0271128285960011	0.107946997874038	ST003027	AN004963	targeted LC-MS	negative	ST003027_targeted_LCMS_combined_modes	timestamp parsed from source raw ZIP	FALSE	-0.142151719781894	run_order_sensitivity_only_not_corrected_truth	0.237335522723056	higher_in_early_ESCC
AN004962__237	0.0028868460329302	0.109374125074035	ST003027	AN004962	targeted LC-MS	positive	ST003027_targeted_LCMS_combined_modes	timestamp parsed from source raw ZIP	FALSE	-0.142151719781894	run_order_sensitivity_only_not_corrected_truth	0.238837375161669	higher_in_early_ESCC
AN004962__116	0.00416868373443697	0.11112489235094	ST003027	AN004962	targeted LC-MS	positive	ST003027_targeted_LCMS_combined_modes	timestamp parsed from source raw ZIP	FALSE	-0.142151719781894	run_order_sensitivity_only_not_corrected_truth	0.241020881382782	higher_in_early_ESCC
AN004962__210	0.00924087538370513	0.114574862735736	ST003027	AN004962	targeted LC-MS	positive	ST003027_targeted_LCMS_combined_modes	timestamp parsed from source raw ZIP	FALSE	-0.142151719781894	run_order_sensitivity_only_not_corrected_truth	0.246835778108531	higher_in_early_ESCC
AN004963__47	0.0206165545784719	0.118995549641734	ST003027	AN004963	targeted LC-MS	negative	ST003027_targeted_LCMS_combined_modes	timestamp parsed from source raw ZIP	FALSE	-0.142151719781894	run_order_sensitivity_only_not_corrected_truth	0.25465047623331	higher_in_early_ESCC
AN004962__206	-0.0114001806212053	0.128100663904808	ST003027	AN004962	targeted LC-MS	positive	ST003027_targeted_LCMS_combined_modes	timestamp parsed from source raw ZIP	FALSE	-0.142151719781894	run_order_sensitivity_only_not_corrected_truth	0.272319954393664	lower_in_early_ESCC
AN004963__123	0.0401913785133267	0.131347135759843	ST003027	AN004963	targeted LC-MS	negative	ST003027_targeted_LCMS_combined_modes	timestamp parsed from source raw ZIP	FALSE	-0.142151719781894	run_order_sensitivity_only_not_corrected_truth	0.277384411703353	higher_in_early_ESCC
AN004962__201	0.00321041964231625	0.140653359639348	ST003027	AN004962	targeted LC-MS	positive	ST003027_targeted_LCMS_combined_modes	timestamp parsed from source raw ZIP	FALSE	-0.142151719781894	run_order_sensitivity_only_not_corrected_truth	0.295096264341378	higher_in_early_ESCC
AN004963__102	0.0205204334442607	0.142366516375298	ST003027	AN004963	targeted LC-MS	negative	ST003027_targeted_LCMS_combined_modes	timestamp parsed from source raw ZIP	FALSE	-0.142151719781894	run_order_sensitivity_only_not_corrected_truth	0.296750985431629	higher_in_early_ESCC
AN004963__75	0.0513412823097123	0.146080170282327	ST003027	AN004963	targeted LC-MS	negative	ST003027_targeted_LCMS_combined_modes	timestamp parsed from source raw ZIP	FALSE	-0.142151719781894	run_order_sensitivity_only_not_corrected_truth	0.302527320391141	higher_in_early_ESCC
AN004963__21	0.0590520356913212	0.151198345044935	ST003027	AN004963	targeted LC-MS	negative	ST003027_targeted_LCMS_combined_modes	timestamp parsed from source raw ZIP	FALSE	-0.142151719781894	run_order_sensitivity_only_not_corrected_truth	0.310658373513481	higher_in_early_ESCC
AN004963__48	-0.0295435926539178	0.152909729019096	ST003027	AN004963	targeted LC-MS	negative	ST003027_targeted_LCMS_combined_modes	timestamp parsed from source raw ZIP	FALSE	-0.142151719781894	run_order_sensitivity_only_not_corrected_truth	0.310658373513481	lower_in_early_ESCC
AN004963__58	0.0302584344740358	0.152076621525645	ST003027	AN004963	targeted LC-MS	negative	ST003027_targeted_LCMS_combined_modes	timestamp parsed from source raw ZIP	FALSE	-0.142151719781894	run_order_sensitivity_only_not_corrected_truth	0.310658373513481	higher_in_early_ESCC
AN004962__198	-0.00511758595005103	0.163578647898233	ST003027	AN004962	targeted LC-MS	positive	ST003027_targeted_LCMS_combined_modes	timestamp parsed from source raw ZIP	FALSE	-0.142151719781894	run_order_sensitivity_only_not_corrected_truth	0.330243685379452	lower_in_early_ESCC
AN004963__15	-0.203001795380515	0.166858464832764	ST003027	AN004963	targeted LC-MS	negative	ST003027_targeted_LCMS_combined_modes	timestamp parsed from source raw ZIP	FALSE	-0.142151719781894	run_order_sensitivity_only_not_corrected_truth	0.334759795070733	lower_in_early_ESCC
AN004962__25	-0.131600336415068	0.171975031473315	ST003027	AN004962	targeted LC-MS	positive	ST003027_targeted_LCMS_combined_modes	timestamp parsed from source raw ZIP	FALSE	-0.142151719781894	run_order_sensitivity_only_not_corrected_truth	0.34183139152403	lower_in_early_ESCC
AN004962__268	0.0579922621315918	0.172513038713062	ST003027	AN004962	targeted LC-MS	positive	ST003027_targeted_LCMS_combined_modes	timestamp parsed from source raw ZIP	FALSE	-0.142151719781894	run_order_sensitivity_only_not_corrected_truth	0.34183139152403	higher_in_early_ESCC
AN004962__169	0.173244871063596	0.17431379480072	ST003027	AN004962	targeted LC-MS	positive	ST003027_targeted_LCMS_combined_modes	timestamp parsed from source raw ZIP	FALSE	-0.142151719781894	run_order_sensitivity_only_not_corrected_truth	0.343280540681172	higher_in_early_ESCC
AN004962__267	0.174537075469885	0.175394890692327	ST003027	AN004962	targeted LC-MS	positive	ST003027_targeted_LCMS_combined_modes	timestamp parsed from source raw ZIP	FALSE	-0.142151719781894	run_order_sensitivity_only_not_corrected_truth	0.343303414099006	higher_in_early_ESCC
AN004963__180	0.0109656193340087	0.177175182606271	ST003027	AN004963	targeted LC-MS	negative	ST003027_targeted_LCMS_combined_modes	timestamp parsed from source raw ZIP	FALSE	-0.142151719781894	run_order_sensitivity_only_not_corrected_truth	0.344686264343108	higher_in_early_ESCC
AN004962__32	0.031480972481174	0.18106465339964	ST003027	AN004962	targeted LC-MS	positive	ST003027_targeted_LCMS_combined_modes	timestamp parsed from source raw ZIP	FALSE	-0.142151719781894	run_order_sensitivity_only_not_corrected_truth	0.350131046634243	higher_in_early_ESCC
AN004962__159	0.00332795215282634	0.18647775116746	ST003027	AN004962	targeted LC-MS	positive	ST003027_targeted_LCMS_combined_modes	timestamp parsed from source raw ZIP	FALSE	-0.142151719781894	run_order_sensitivity_only_not_corrected_truth	0.358439270208111	higher_in_early_ESCC
AN004962__77	0.0186450242203809	0.190564409792882	ST003027	AN004962	targeted LC-MS	positive	ST003027_targeted_LCMS_combined_modes	timestamp parsed from source raw ZIP	FALSE	-0.142151719781894	run_order_sensitivity_only_not_corrected_truth	0.362919830712242	higher_in_early_ESCC
AN004963__112	-0.281228840732368	0.192200533399007	ST003027	AN004963	targeted LC-MS	negative	ST003027_targeted_LCMS_combined_modes	timestamp parsed from source raw ZIP	FALSE	-0.142151719781894	run_order_sensitivity_only_not_corrected_truth	0.362919830712242	lower_in_early_ESCC
AN004963__162	-0.281991240364935	0.191201222928228	ST003027	AN004963	targeted LC-MS	negative	ST003027_targeted_LCMS_combined_modes	timestamp parsed from source raw ZIP	FALSE	-0.142151719781894	run_order_sensitivity_only_not_corrected_truth	0.362919830712242	lower_in_early_ESCC
AN004962__197	0.0415964792358081	0.212147113390847	ST003027	AN004962	targeted LC-MS	positive	ST003027_targeted_LCMS_combined_modes	timestamp parsed from source raw ZIP	FALSE	-0.142151719781894	run_order_sensitivity_only_not_corrected_truth	0.398241072505624	higher_in_early_ESCC
AN004962__266	0.168656762770271	0.213642562104876	ST003027	AN004962	targeted LC-MS	positive	ST003027_targeted_LCMS_combined_modes	timestamp parsed from source raw ZIP	FALSE	-0.142151719781894	run_order_sensitivity_only_not_corrected_truth	0.398716642067822	higher_in_early_ESCC
AN004962__205	0.00303150027087257	0.238164488824398	ST003027	AN004962	targeted LC-MS	positive	ST003027_targeted_LCMS_combined_modes	timestamp parsed from source raw ZIP	FALSE	-0.142151719781894	run_order_sensitivity_only_not_corrected_truth	0.441912144003651	higher_in_early_ESCC
AN004962__6	0.0209969806356559	0.242977011778612	ST003027	AN004962	targeted LC-MS	positive	ST003027_targeted_LCMS_combined_modes	timestamp parsed from source raw ZIP	FALSE	-0.142151719781894	run_order_sensitivity_only_not_corrected_truth	0.448250694143301	higher_in_early_ESCC
AN004962__145	0.074620178613111	0.254756072056386	ST003027	AN004962	targeted LC-MS	positive	ST003027_targeted_LCMS_combined_modes	timestamp parsed from source raw ZIP	FALSE	-0.142151719781894	run_order_sensitivity_only_not_corrected_truth	0.462015249322598	higher_in_early_ESCC
AN004963__4	0.117049305264042	0.252326460615487	ST003027	AN004963	targeted LC-MS	negative	ST003027_targeted_LCMS_combined_modes	timestamp parsed from source raw ZIP	FALSE	-0.142151719781894	run_order_sensitivity_only_not_corrected_truth	0.462015249322598	higher_in_early_ESCC
AN004963__116	0.0517056129507411	0.25394392285786	ST003027	AN004963	targeted LC-MS	negative	ST003027_targeted_LCMS_combined_modes	timestamp parsed from source raw ZIP	FALSE	-0.142151719781894	run_order_sensitivity_only_not_corrected_truth	0.462015249322598	higher_in_early_ESCC
AN004962__212	-0.00190572407460472	0.276996410015991	ST003027	AN004962	targeted LC-MS	positive	ST003027_targeted_LCMS_combined_modes	timestamp parsed from source raw ZIP	FALSE	-0.142151719781894	run_order_sensitivity_only_not_corrected_truth	0.49845944743645	lower_in_early_ESCC
AN004963__43	0.116800341826436	0.277957137355528	ST003027	AN004963	targeted LC-MS	negative	ST003027_targeted_LCMS_combined_modes	timestamp parsed from source raw ZIP	FALSE	-0.142151719781894	run_order_sensitivity_only_not_corrected_truth	0.49845944743645	higher_in_early_ESCC
AN004962__180	0.0658556863718468	0.283342828305717	ST003027	AN004962	targeted LC-MS	positive	ST003027_targeted_LCMS_combined_modes	timestamp parsed from source raw ZIP	FALSE	-0.142151719781894	run_order_sensitivity_only_not_corrected_truth	0.502503026995222	higher_in_early_ESCC
AN004963__73	0.014771785364933	0.281973774382478	ST003027	AN004963	targeted LC-MS	negative	ST003027_targeted_LCMS_combined_modes	timestamp parsed from source raw ZIP	FALSE	-0.142151719781894	run_order_sensitivity_only_not_corrected_truth	0.502503026995222	higher_in_early_ESCC
AN004962__131	-0.0189249792018793	0.28823248179034	ST003027	AN004962	targeted LC-MS	positive	ST003027_targeted_LCMS_combined_modes	timestamp parsed from source raw ZIP	FALSE	-0.142151719781894	run_order_sensitivity_only_not_corrected_truth	0.508366080520325	lower_in_early_ESCC
AN004962__123	0.00205341257932116	0.289986157621536	ST003027	AN004962	targeted LC-MS	positive	ST003027_targeted_LCMS_combined_modes	timestamp parsed from source raw ZIP	FALSE	-0.142151719781894	run_order_sensitivity_only_not_corrected_truth	0.508664243696793	higher_in_early_ESCC
AN004963__163	0.0973266648605008	0.298133547010156	ST003027	AN004963	targeted LC-MS	negative	ST003027_targeted_LCMS_combined_modes	timestamp parsed from source raw ZIP	FALSE	-0.142151719781894	run_order_sensitivity_only_not_corrected_truth	0.517301992379783	higher_in_early_ESCC
AN004963__206	-0.01999591091258	0.298066539286402	ST003027	AN004963	targeted LC-MS	negative	ST003027_targeted_LCMS_combined_modes	timestamp parsed from source raw ZIP	FALSE	-0.142151719781894	run_order_sensitivity_only_not_corrected_truth	0.517301992379783	lower_in_early_ESCC
AN004962__13	0.0988648104959361	0.311877459237222	ST003027	AN004962	targeted LC-MS	positive	ST003027_targeted_LCMS_combined_modes	timestamp parsed from source raw ZIP	FALSE	-0.142151719781894	run_order_sensitivity_only_not_corrected_truth	0.536301227620962	higher_in_early_ESCC
AN004962__148	0.00822090001454439	0.312424702695077	ST003027	AN004962	targeted LC-MS	positive	ST003027_targeted_LCMS_combined_modes	timestamp parsed from source raw ZIP	FALSE	-0.142151719781894	run_order_sensitivity_only_not_corrected_truth	0.536301227620962	higher_in_early_ESCC
AN004962__72	0.0230650716264006	0.320027322404686	ST003027	AN004962	targeted LC-MS	positive	ST003027_targeted_LCMS_combined_modes	timestamp parsed from source raw ZIP	FALSE	-0.142151719781894	run_order_sensitivity_only_not_corrected_truth	0.543538468211134	higher_in_early_ESCC
AN004963__147	-0.0276293975929207	0.319398534172445	ST003027	AN004963	targeted LC-MS	negative	ST003027_targeted_LCMS_combined_modes	timestamp parsed from source raw ZIP	FALSE	-0.142151719781894	run_order_sensitivity_only_not_corrected_truth	0.543538468211134	lower_in_early_ESCC
AN004963__149	0.0123344620567038	0.3277902373256	ST003027	AN004963	targeted LC-MS	negative	ST003027_targeted_LCMS_combined_modes	timestamp parsed from source raw ZIP	FALSE	-0.142151719781894	run_order_sensitivity_only_not_corrected_truth	0.553792979902724	higher_in_early_ESCC
AN004962__259	0.00212739678213442	0.33950743387881	ST003027	AN004962	targeted LC-MS	positive	ST003027_targeted_LCMS_combined_modes	timestamp parsed from source raw ZIP	FALSE	-0.142151719781894	run_order_sensitivity_only_not_corrected_truth	0.57058579201622	higher_in_early_ESCC
AN004963__172	0.0082739352313538	0.344736839155532	ST003027	AN004963	targeted LC-MS	negative	ST003027_targeted_LCMS_combined_modes	timestamp parsed from source raw ZIP	FALSE	-0.142151719781894	run_order_sensitivity_only_not_corrected_truth	0.576356902963155	higher_in_early_ESCC
AN004962__56	0.119549983176944	0.35190553210664	ST003027	AN004962	targeted LC-MS	positive	ST003027_targeted_LCMS_combined_modes	timestamp parsed from source raw ZIP	FALSE	-0.142151719781894	run_order_sensitivity_only_not_corrected_truth	0.585293657027106	higher_in_early_ESCC
AN004963__121	0.00913814361131082	0.366316449891325	ST003027	AN004963	targeted LC-MS	negative	ST003027_targeted_LCMS_combined_modes	timestamp parsed from source raw ZIP	FALSE	-0.142151719781894	run_order_sensitivity_only_not_corrected_truth	0.606121548531523	higher_in_early_ESCC
AN004962__49	0.0497414262601772	0.3690414798962	ST003027	AN004962	targeted LC-MS	positive	ST003027_targeted_LCMS_combined_modes	timestamp parsed from source raw ZIP	FALSE	-0.142151719781894	run_order_sensitivity_only_not_corrected_truth	0.607499051521436	higher_in_early_ESCC
AN004962__132	0.00204858587558913	0.378157002432605	ST003027	AN004962	targeted LC-MS	positive	ST003027_targeted_LCMS_combined_modes	timestamp parsed from source raw ZIP	FALSE	-0.142151719781894	run_order_sensitivity_only_not_corrected_truth	0.61932856010646	higher_in_early_ESCC
AN004962__22	0.114209233042451	0.38484852610616	ST003027	AN004962	targeted LC-MS	positive	ST003027_targeted_LCMS_combined_modes	timestamp parsed from source raw ZIP	FALSE	-0.142151719781894	run_order_sensitivity_only_not_corrected_truth	0.627088207513083	higher_in_early_ESCC
AN004962__91	0.0429168311343021	0.387114285278595	ST003027	AN004962	targeted LC-MS	positive	ST003027_targeted_LCMS_combined_modes	timestamp parsed from source raw ZIP	FALSE	-0.142151719781894	run_order_sensitivity_only_not_corrected_truth	0.627594371588026	higher_in_early_ESCC
AN004962__78	0.0203811020567229	0.395365421005498	ST003027	AN004962	targeted LC-MS	positive	ST003027_targeted_LCMS_combined_modes	timestamp parsed from source raw ZIP	FALSE	-0.142151719781894	run_order_sensitivity_only_not_corrected_truth	0.637750251973693	higher_in_early_ESCC
AN004962__28	0.0726036727361323	0.40098931748978	ST003027	AN004962	targeted LC-MS	positive	ST003027_targeted_LCMS_combined_modes	timestamp parsed from source raw ZIP	FALSE	-0.142151719781894	run_order_sensitivity_only_not_corrected_truth	0.643587854571097	higher_in_early_ESCC
AN004963__109	0.111230438718709	0.404155652355849	ST003027	AN004963	targeted LC-MS	negative	ST003027_targeted_LCMS_combined_modes	timestamp parsed from source raw ZIP	FALSE	-0.142151719781894	run_order_sensitivity_only_not_corrected_truth	0.645442608986207	higher_in_early_ESCC
AN004962__222	0.00132536985934476	0.416762021227486	ST003027	AN004962	targeted LC-MS	positive	ST003027_targeted_LCMS_combined_modes	timestamp parsed from source raw ZIP	FALSE	-0.142151719781894	run_order_sensitivity_only_not_corrected_truth	0.66228024165358	higher_in_early_ESCC
AN004963__186	0.022130949681014	0.421402354571673	ST003027	AN004963	targeted LC-MS	negative	ST003027_targeted_LCMS_combined_modes	timestamp parsed from source raw ZIP	FALSE	-0.142151719781894	run_order_sensitivity_only_not_corrected_truth	0.666355447376881	higher_in_early_ESCC
AN004963__33	0.0322119297622256	0.42907739120633	ST003027	AN004963	targeted LC-MS	negative	ST003027_targeted_LCMS_combined_modes	timestamp parsed from source raw ZIP	FALSE	-0.142151719781894	run_order_sensitivity_only_not_corrected_truth	0.671872402815766	higher_in_early_ESCC
AN004963__56	0.0777584907735261	0.428014743275686	ST003027	AN004963	targeted LC-MS	negative	ST003027_targeted_LCMS_combined_modes	timestamp parsed from source raw ZIP	FALSE	-0.142151719781894	run_order_sensitivity_only_not_corrected_truth	0.671872402815766	higher_in_early_ESCC
AN004963__50	-0.0175173720146076	0.43210720775602	ST003027	AN004963	targeted LC-MS	negative	ST003027_targeted_LCMS_combined_modes	timestamp parsed from source raw ZIP	FALSE	-0.142151719781894	run_order_sensitivity_only_not_corrected_truth	0.67333210528972	lower_in_early_ESCC
AN004963__51	0.00752198987704105	0.44012974122971	ST003027	AN004963	targeted LC-MS	negative	ST003027_targeted_LCMS_combined_modes	timestamp parsed from source raw ZIP	FALSE	-0.142151719781894	run_order_sensitivity_only_not_corrected_truth	0.679238687186236	higher_in_early_ESCC
AN004963__215	0.121645466300239	0.438069836429151	ST003027	AN004963	targeted LC-MS	negative	ST003027_targeted_LCMS_combined_modes	timestamp parsed from source raw ZIP	FALSE	-0.142151719781894	run_order_sensitivity_only_not_corrected_truth	0.679238687186236	higher_in_early_ESCC
AN004963__20	-0.137288734260864	0.44413325812502	ST003027	AN004963	targeted LC-MS	negative	ST003027_targeted_LCMS_combined_modes	timestamp parsed from source raw ZIP	FALSE	-0.142151719781894	run_order_sensitivity_only_not_corrected_truth	0.682137683531729	lower_in_early_ESCC
AN004962__136	0.0127696905787871	0.44686604377095	ST003027	AN004962	targeted LC-MS	positive	ST003027_targeted_LCMS_combined_modes	timestamp parsed from source raw ZIP	FALSE	-0.142151719781894	run_order_sensitivity_only_not_corrected_truth	0.682214206533493	higher_in_early_ESCC
AN004963__159	-0.167328713671805	0.448433637316408	ST003027	AN004963	targeted LC-MS	negative	ST003027_targeted_LCMS_combined_modes	timestamp parsed from source raw ZIP	FALSE	-0.142151719781894	run_order_sensitivity_only_not_corrected_truth	0.682214206533493	lower_in_early_ESCC
AN004962__44	-0.0450334317801811	0.462587416163349	ST003027	AN004962	targeted LC-MS	positive	ST003027_targeted_LCMS_combined_modes	timestamp parsed from source raw ZIP	FALSE	-0.142151719781894	run_order_sensitivity_only_not_corrected_truth	0.690653770178768	lower_in_early_ESCC
AN004962__115	0.00274639259524189	0.459476987246387	ST003027	AN004962	targeted LC-MS	positive	ST003027_targeted_LCMS_combined_modes	timestamp parsed from source raw ZIP	FALSE	-0.142151719781894	run_order_sensitivity_only_not_corrected_truth	0.690653770178768	higher_in_early_ESCC
AN004963__154	-0.106987911986768	0.462173917902674	ST003027	AN004963	targeted LC-MS	negative	ST003027_targeted_LCMS_combined_modes	timestamp parsed from source raw ZIP	FALSE	-0.142151719781894	run_order_sensitivity_only_not_corrected_truth	0.690653770178768	lower_in_early_ESCC
AN004963__165	0.0222274306483475	0.456387729723843	ST003027	AN004963	targeted LC-MS	negative	ST003027_targeted_LCMS_combined_modes	timestamp parsed from source raw ZIP	FALSE	-0.142151719781894	run_order_sensitivity_only_not_corrected_truth	0.690653770178768	higher_in_early_ESCC
AN004962__35	-0.187695460461455	0.472054454807665	ST003027	AN004962	targeted LC-MS	positive	ST003027_targeted_LCMS_combined_modes	timestamp parsed from source raw ZIP	FALSE	-0.142151719781894	run_order_sensitivity_only_not_corrected_truth	0.698292534531154	lower_in_early_ESCC
AN004963__31	0.0059706158459993	0.47124743018583	ST003027	AN004963	targeted LC-MS	negative	ST003027_targeted_LCMS_combined_modes	timestamp parsed from source raw ZIP	FALSE	-0.142151719781894	run_order_sensitivity_only_not_corrected_truth	0.698292534531154	higher_in_early_ESCC
AN004962__11	-0.123047054845404	0.477763183166144	ST003027	AN004962	targeted LC-MS	positive	ST003027_targeted_LCMS_combined_modes	timestamp parsed from source raw ZIP	FALSE	-0.142151719781894	run_order_sensitivity_only_not_corrected_truth	0.703495329340973	lower_in_early_ESCC
AN004963__176	0.0118951275943995	0.487931670173079	ST003027	AN004963	targeted LC-MS	negative	ST003027_targeted_LCMS_combined_modes	timestamp parsed from source raw ZIP	FALSE	-0.142151719781894	run_order_sensitivity_only_not_corrected_truth	0.71518751655506	higher_in_early_ESCC
AN004963__170	0.0801893284665426	0.490414099447954	ST003027	AN004963	targeted LC-MS	negative	ST003027_targeted_LCMS_combined_modes	timestamp parsed from source raw ZIP	FALSE	-0.142151719781894	run_order_sensitivity_only_not_corrected_truth	0.715558754194514	higher_in_early_ESCC
AN004962__249	0.00109683752890971	0.497021915898834	ST003027	AN004962	targeted LC-MS	positive	ST003027_targeted_LCMS_combined_modes	timestamp parsed from source raw ZIP	FALSE	-0.142151719781894	run_order_sensitivity_only_not_corrected_truth	0.721918710423193	higher_in_early_ESCC
AN004962__172	0.00763135984770506	0.500443614218592	ST003027	AN004962	targeted LC-MS	positive	ST003027_targeted_LCMS_combined_modes	timestamp parsed from source raw ZIP	FALSE	-0.142151719781894	run_order_sensitivity_only_not_corrected_truth	0.72203934850416	higher_in_early_ESCC
AN004963__150	0.00626004655470362	0.501603659552734	ST003027	AN004963	targeted LC-MS	negative	ST003027_targeted_LCMS_combined_modes	timestamp parsed from source raw ZIP	FALSE	-0.142151719781894	run_order_sensitivity_only_not_corrected_truth	0.72203934850416	higher_in_early_ESCC
AN004962__236	0.0954745035742389	0.517149412965772	ST003027	AN004962	targeted LC-MS	positive	ST003027_targeted_LCMS_combined_modes	timestamp parsed from source raw ZIP	FALSE	-0.142151719781894	run_order_sensitivity_only_not_corrected_truth	0.741030689084734	higher_in_early_ESCC
AN004963__16	0.0693558377922572	0.519414034405187	ST003027	AN004963	targeted LC-MS	negative	ST003027_targeted_LCMS_combined_modes	timestamp parsed from source raw ZIP	FALSE	-0.142151719781894	run_order_sensitivity_only_not_corrected_truth	0.741030689084734	higher_in_early_ESCC
AN004962__15	0.0926408874192614	0.521754763976221	ST003027	AN004962	targeted LC-MS	positive	ST003027_targeted_LCMS_combined_modes	timestamp parsed from source raw ZIP	FALSE	-0.142151719781894	run_order_sensitivity_only_not_corrected_truth	0.741076456798084	higher_in_early_ESCC
AN004963__80	-0.133188300015334	0.528967576176176	ST003027	AN004963	targeted LC-MS	negative	ST003027_targeted_LCMS_combined_modes	timestamp parsed from source raw ZIP	FALSE	-0.142151719781894	run_order_sensitivity_only_not_corrected_truth	0.748011418293183	lower_in_early_ESCC
AN004962__211	0.0771844346857858	0.559637364055284	ST003027	AN004962	targeted LC-MS	positive	ST003027_targeted_LCMS_combined_modes	timestamp parsed from source raw ZIP	FALSE	-0.142151719781894	run_order_sensitivity_only_not_corrected_truth	0.785228363063261	higher_in_early_ESCC
AN004963__181	0.00507888549837699	0.560178489537342	ST003027	AN004963	targeted LC-MS	negative	ST003027_targeted_LCMS_combined_modes	timestamp parsed from source raw ZIP	FALSE	-0.142151719781894	run_order_sensitivity_only_not_corrected_truth	0.785228363063261	higher_in_early_ESCC
AN004963__190	0.00455404536139223	0.572577573095235	ST003027	AN004963	targeted LC-MS	negative	ST003027_targeted_LCMS_combined_modes	timestamp parsed from source raw ZIP	FALSE	-0.142151719781894	run_order_sensitivity_only_not_corrected_truth	0.799119134624219	higher_in_early_ESCC
AN004963__141	-0.00775293039649963	0.579350623242334	ST003027	AN004963	targeted LC-MS	negative	ST003027_targeted_LCMS_combined_modes	timestamp parsed from source raw ZIP	FALSE	-0.142151719781894	run_order_sensitivity_only_not_corrected_truth	0.805071645284802	lower_in_early_ESCC
AN004963__110	-0.101408301230814	0.58576544058553	ST003027	AN004963	targeted LC-MS	negative	ST003027_targeted_LCMS_combined_modes	timestamp parsed from source raw ZIP	FALSE	-0.142151719781894	run_order_sensitivity_only_not_corrected_truth	0.810477182879117	lower_in_early_ESCC
AN004963__216	-0.0348683202912382	0.590952111786105	ST003027	AN004963	targeted LC-MS	negative	ST003027_targeted_LCMS_combined_modes	timestamp parsed from source raw ZIP	FALSE	-0.142151719781894	run_order_sensitivity_only_not_corrected_truth	0.81414432567957	lower_in_early_ESCC
AN004962__26	-0.00158750627014396	0.598803977319523	ST003027	AN004962	targeted LC-MS	positive	ST003027_targeted_LCMS_combined_modes	timestamp parsed from source raw ZIP	FALSE	-0.142151719781894	run_order_sensitivity_only_not_corrected_truth	0.817940751998158	lower_in_early_ESCC
AN004963__204	-0.203570245678867	0.596529251948992	ST003027	AN004963	targeted LC-MS	negative	ST003027_targeted_LCMS_combined_modes	timestamp parsed from source raw ZIP	FALSE	-0.142151719781894	run_order_sensitivity_only_not_corrected_truth	0.817940751998158	lower_in_early_ESCC
AN004962__129	0.00629536230325378	0.614911332532891	ST003027	AN004962	targeted LC-MS	positive	ST003027_targeted_LCMS_combined_modes	timestamp parsed from source raw ZIP	FALSE	-0.142151719781894	run_order_sensitivity_only_not_corrected_truth	0.832854589633156	higher_in_early_ESCC
AN004962__240	0.0657726493968741	0.613956778044116	ST003027	AN004962	targeted LC-MS	positive	ST003027_targeted_LCMS_combined_modes	timestamp parsed from source raw ZIP	FALSE	-0.142151719781894	run_order_sensitivity_only_not_corrected_truth	0.832854589633156	higher_in_early_ESCC
AN004963__7	0.169932105966283	0.618506683289149	ST003027	AN004963	targeted LC-MS	negative	ST003027_targeted_LCMS_combined_modes	timestamp parsed from source raw ZIP	FALSE	-0.142151719781894	run_order_sensitivity_only_not_corrected_truth	0.834204392167297	higher_in_early_ESCC
AN004962__137	0.00535258757636447	0.635358274010972	ST003027	AN004962	targeted LC-MS	positive	ST003027_targeted_LCMS_combined_modes	timestamp parsed from source raw ZIP	FALSE	-0.142151719781894	run_order_sensitivity_only_not_corrected_truth	0.852182676310695	higher_in_early_ESCC
AN004963__13	0.0155286550633699	0.645110250291274	ST003027	AN004963	targeted LC-MS	negative	ST003027_targeted_LCMS_combined_modes	timestamp parsed from source raw ZIP	FALSE	-0.142151719781894	run_order_sensitivity_only_not_corrected_truth	0.852182676310695	higher_in_early_ESCC
AN004963__84	0.0715225717359847	0.637896881193115	ST003027	AN004963	targeted LC-MS	negative	ST003027_targeted_LCMS_combined_modes	timestamp parsed from source raw ZIP	FALSE	-0.142151719781894	run_order_sensitivity_only_not_corrected_truth	0.852182676310695	higher_in_early_ESCC
AN004963__125	0.00369293428536597	0.642948908479126	ST003027	AN004963	targeted LC-MS	negative	ST003027_targeted_LCMS_combined_modes	timestamp parsed from source raw ZIP	FALSE	-0.142151719781894	run_order_sensitivity_only_not_corrected_truth	0.852182676310695	higher_in_early_ESCC
AN004963__198	-0.0142806226692552	0.640472991774419	ST003027	AN004963	targeted LC-MS	negative	ST003027_targeted_LCMS_combined_modes	timestamp parsed from source raw ZIP	FALSE	-0.142151719781894	run_order_sensitivity_only_not_corrected_truth	0.852182676310695	lower_in_early_ESCC
AN004962__63	0.0185976124473709	0.654943035530152	ST003027	AN004962	targeted LC-MS	positive	ST003027_targeted_LCMS_combined_modes	timestamp parsed from source raw ZIP	FALSE	-0.142151719781894	run_order_sensitivity_only_not_corrected_truth	0.855458738917186	higher_in_early_ESCC
AN004962__64	0.0578343932521046	0.655585201787002	ST003027	AN004962	targeted LC-MS	positive	ST003027_targeted_LCMS_combined_modes	timestamp parsed from source raw ZIP	FALSE	-0.142151719781894	run_order_sensitivity_only_not_corrected_truth	0.855458738917186	higher_in_early_ESCC
AN004963__9	0.0421929774828291	0.651960467054143	ST003027	AN004963	targeted LC-MS	negative	ST003027_targeted_LCMS_combined_modes	timestamp parsed from source raw ZIP	FALSE	-0.142151719781894	run_order_sensitivity_only_not_corrected_truth	0.855458738917186	higher_in_early_ESCC
AN004962__127	0.0357240816510102	0.661829794674994	ST003027	AN004962	targeted LC-MS	positive	ST003027_targeted_LCMS_combined_modes	timestamp parsed from source raw ZIP	FALSE	-0.142151719781894	run_order_sensitivity_only_not_corrected_truth	0.857813288879548	higher_in_early_ESCC
AN004963__200	0.0469189208678343	0.662734254336847	ST003027	AN004963	targeted LC-MS	negative	ST003027_targeted_LCMS_combined_modes	timestamp parsed from source raw ZIP	FALSE	-0.142151719781894	run_order_sensitivity_only_not_corrected_truth	0.857813288879548	higher_in_early_ESCC
AN004962__147	-0.0038570112147762	0.665567423532179	ST003027	AN004962	targeted LC-MS	positive	ST003027_targeted_LCMS_combined_modes	timestamp parsed from source raw ZIP	FALSE	-0.142151719781894	run_order_sensitivity_only_not_corrected_truth	0.858020654433051	lower_in_early_ESCC
AN004963__67	0.00322170129303067	0.679762993336178	ST003027	AN004963	targeted LC-MS	negative	ST003027_targeted_LCMS_combined_modes	timestamp parsed from source raw ZIP	FALSE	-0.142151719781894	run_order_sensitivity_only_not_corrected_truth	0.872815683443653	higher_in_early_ESCC
AN004962__152	0.000613416655960385	0.682878020658259	ST003027	AN004962	targeted LC-MS	positive	ST003027_targeted_LCMS_combined_modes	timestamp parsed from source raw ZIP	FALSE	-0.142151719781894	run_order_sensitivity_only_not_corrected_truth	0.873322090164546	higher_in_early_ESCC
AN004963__161	-0.0863541065168289	0.69934090823636	ST003027	AN004963	targeted LC-MS	negative	ST003027_targeted_LCMS_combined_modes	timestamp parsed from source raw ZIP	FALSE	-0.142151719781894	run_order_sensitivity_only_not_corrected_truth	0.890827109301078	lower_in_early_ESCC
AN004962__34	0.0443037257330232	0.704787026640895	ST003027	AN004962	targeted LC-MS	positive	ST003027_targeted_LCMS_combined_modes	timestamp parsed from source raw ZIP	FALSE	-0.142151719781894	run_order_sensitivity_only_not_corrected_truth	0.894215950797341	higher_in_early_ESCC
AN004962__70	-0.000964301774394449	0.727093270459017	ST003027	AN004962	targeted LC-MS	positive	ST003027_targeted_LCMS_combined_modes	timestamp parsed from source raw ZIP	FALSE	-0.142151719781894	run_order_sensitivity_only_not_corrected_truth	0.904999189605155	lower_in_early_ESCC
AN004962__100	0.000517044717569123	0.727382526224704	ST003027	AN004962	targeted LC-MS	positive	ST003027_targeted_LCMS_combined_modes	timestamp parsed from source raw ZIP	FALSE	-0.142151719781894	run_order_sensitivity_only_not_corrected_truth	0.904999189605155	higher_in_early_ESCC
AN004963__53	-0.019150709564423	0.722714370742921	ST003027	AN004963	targeted LC-MS	negative	ST003027_targeted_LCMS_combined_modes	timestamp parsed from source raw ZIP	FALSE	-0.142151719781894	run_order_sensitivity_only_not_corrected_truth	0.904999189605155	lower_in_early_ESCC
AN004963__152	0.00406402935211149	0.719101984198036	ST003027	AN004963	targeted LC-MS	negative	ST003027_targeted_LCMS_combined_modes	timestamp parsed from source raw ZIP	FALSE	-0.142151719781894	run_order_sensitivity_only_not_corrected_truth	0.904999189605155	higher_in_early_ESCC
AN004963__155	-0.0415371976549296	0.727055497997375	ST003027	AN004963	targeted LC-MS	negative	ST003027_targeted_LCMS_combined_modes	timestamp parsed from source raw ZIP	FALSE	-0.142151719781894	run_order_sensitivity_only_not_corrected_truth	0.904999189605155	lower_in_early_ESCC
AN004962__4	0.000676055301887025	0.738856634912455	ST003027	AN004962	targeted LC-MS	positive	ST003027_targeted_LCMS_combined_modes	timestamp parsed from source raw ZIP	FALSE	-0.142151719781894	run_order_sensitivity_only_not_corrected_truth	0.915725790760224	higher_in_early_ESCC
AN004962__157	0.00279624086468276	0.751595526817283	ST003027	AN004962	targeted LC-MS	positive	ST003027_targeted_LCMS_combined_modes	timestamp parsed from source raw ZIP	FALSE	-0.142151719781894	run_order_sensitivity_only_not_corrected_truth	0.92437610769482	higher_in_early_ESCC
AN004963__23	-0.0509363149472253	0.749538241335281	ST003027	AN004963	targeted LC-MS	negative	ST003027_targeted_LCMS_combined_modes	timestamp parsed from source raw ZIP	FALSE	-0.142151719781894	run_order_sensitivity_only_not_corrected_truth	0.92437610769482	lower_in_early_ESCC
AN004962__50	-0.00766187103984978	0.760966428561538	ST003027	AN004962	targeted LC-MS	positive	ST003027_targeted_LCMS_combined_modes	timestamp parsed from source raw ZIP	FALSE	-0.142151719781894	run_order_sensitivity_only_not_corrected_truth	0.928784120031383	lower_in_early_ESCC
AN004963__34	0.0322403717854233	0.760647905253616	ST003027	AN004963	targeted LC-MS	negative	ST003027_targeted_LCMS_combined_modes	timestamp parsed from source raw ZIP	FALSE	-0.142151719781894	run_order_sensitivity_only_not_corrected_truth	0.928784120031383	higher_in_early_ESCC
AN004962__168	0.00064926382723113	0.767129698748611	ST003027	AN004962	targeted LC-MS	positive	ST003027_targeted_LCMS_combined_modes	timestamp parsed from source raw ZIP	FALSE	-0.142151719781894	run_order_sensitivity_only_not_corrected_truth	0.932759974614788	higher_in_early_ESCC
AN004962__153	-0.00319695610712656	0.775239750427634	ST003027	AN004962	targeted LC-MS	positive	ST003027_targeted_LCMS_combined_modes	timestamp parsed from source raw ZIP	FALSE	-0.142151719781894	run_order_sensitivity_only_not_corrected_truth	0.939063999574606	lower_in_early_ESCC
AN004962__83	0.0186852719302644	0.793912631293584	ST003027	AN004962	targeted LC-MS	positive	ST003027_targeted_LCMS_combined_modes	timestamp parsed from source raw ZIP	FALSE	-0.142151719781894	run_order_sensitivity_only_not_corrected_truth	0.947382731023198	higher_in_early_ESCC
AN004962__121	0.0174062167561615	0.791573698630891	ST003027	AN004962	targeted LC-MS	positive	ST003027_targeted_LCMS_combined_modes	timestamp parsed from source raw ZIP	FALSE	-0.142151719781894	run_order_sensitivity_only_not_corrected_truth	0.947382731023198	higher_in_early_ESCC
AN004963__45	-0.00206553278558742	0.791823454351407	ST003027	AN004963	targeted LC-MS	negative	ST003027_targeted_LCMS_combined_modes	timestamp parsed from source raw ZIP	FALSE	-0.142151719781894	run_order_sensitivity_only_not_corrected_truth	0.947382731023198	lower_in_early_ESCC
AN004963__213	-0.0477236297038965	0.789488510501313	ST003027	AN004963	targeted LC-MS	negative	ST003027_targeted_LCMS_combined_modes	timestamp parsed from source raw ZIP	FALSE	-0.142151719781894	run_order_sensitivity_only_not_corrected_truth	0.947382731023198	lower_in_early_ESCC
AN004962__101	0.000821529923076293	0.79755336172087	ST003027	AN004962	targeted LC-MS	positive	ST003027_targeted_LCMS_combined_modes	timestamp parsed from source raw ZIP	FALSE	-0.142151719781894	run_order_sensitivity_only_not_corrected_truth	0.948202330045923	higher_in_early_ESCC
AN004963__18	-0.0164917604992286	0.812820289742007	ST003027	AN004963	targeted LC-MS	negative	ST003027_targeted_LCMS_combined_modes	timestamp parsed from source raw ZIP	FALSE	-0.142151719781894	run_order_sensitivity_only_not_corrected_truth	0.952245667909431	lower_in_early_ESCC
AN004963__22	-0.0191759036882291	0.812488160864579	ST003027	AN004963	targeted LC-MS	negative	ST003027_targeted_LCMS_combined_modes	timestamp parsed from source raw ZIP	FALSE	-0.142151719781894	run_order_sensitivity_only_not_corrected_truth	0.952245667909431	lower_in_early_ESCC
AN004963__29	0.00191068322365889	0.804312563220729	ST003027	AN004963	targeted LC-MS	negative	ST003027_targeted_LCMS_combined_modes	timestamp parsed from source raw ZIP	FALSE	-0.142151719781894	run_order_sensitivity_only_not_corrected_truth	0.952245667909431	higher_in_early_ESCC
AN004963__106	0.00839823995678819	0.811364155836015	ST003027	AN004963	targeted LC-MS	negative	ST003027_targeted_LCMS_combined_modes	timestamp parsed from source raw ZIP	FALSE	-0.142151719781894	run_order_sensitivity_only_not_corrected_truth	0.952245667909431	higher_in_early_ESCC
AN004963__101	0.00176772531436202	0.820665580388251	ST003027	AN004963	targeted LC-MS	negative	ST003027_targeted_LCMS_combined_modes	timestamp parsed from source raw ZIP	FALSE	-0.142151719781894	run_order_sensitivity_only_not_corrected_truth	0.957940550198649	higher_in_early_ESCC
AN004963__202	-0.00509635982605968	0.827039806936082	ST003027	AN004963	targeted LC-MS	negative	ST003027_targeted_LCMS_combined_modes	timestamp parsed from source raw ZIP	FALSE	-0.142151719781894	run_order_sensitivity_only_not_corrected_truth	0.961883253719139	lower_in_early_ESCC
AN004962__12	-0.0283251636358623	0.830518793393268	ST003027	AN004962	targeted LC-MS	positive	ST003027_targeted_LCMS_combined_modes	timestamp parsed from source raw ZIP	FALSE	-0.142151719781894	run_order_sensitivity_only_not_corrected_truth	0.96244235624274	lower_in_early_ESCC
AN004963__156	-0.00157701325615314	0.838780924359589	ST003027	AN004963	targeted LC-MS	negative	ST003027_targeted_LCMS_combined_modes	timestamp parsed from source raw ZIP	FALSE	-0.142151719781894	run_order_sensitivity_only_not_corrected_truth	0.965139296940645	lower_in_early_ESCC
AN004963__210	-0.019142110929763	0.838859388929719	ST003027	AN004963	targeted LC-MS	negative	ST003027_targeted_LCMS_combined_modes	timestamp parsed from source raw ZIP	FALSE	-0.142151719781894	run_order_sensitivity_only_not_corrected_truth	0.965139296940645	lower_in_early_ESCC
AN004962__1	-0.0186155090832683	0.856588764140394	ST003027	AN004962	targeted LC-MS	positive	ST003027_targeted_LCMS_combined_modes	timestamp parsed from source raw ZIP	FALSE	-0.142151719781894	run_order_sensitivity_only_not_corrected_truth	0.970162399802015	lower_in_early_ESCC
AN004962__23	-0.00108912641990355	0.867403765555073	ST003027	AN004962	targeted LC-MS	positive	ST003027_targeted_LCMS_combined_modes	timestamp parsed from source raw ZIP	FALSE	-0.142151719781894	run_order_sensitivity_only_not_corrected_truth	0.970162399802015	lower_in_early_ESCC
AN004962__90	-0.0325087681487429	0.86080820975345	ST003027	AN004962	targeted LC-MS	positive	ST003027_targeted_LCMS_combined_modes	timestamp parsed from source raw ZIP	FALSE	-0.142151719781894	run_order_sensitivity_only_not_corrected_truth	0.970162399802015	lower_in_early_ESCC
AN004962__117	0.00156809204198156	0.861183105856158	ST003027	AN004962	targeted LC-MS	positive	ST003027_targeted_LCMS_combined_modes	timestamp parsed from source raw ZIP	FALSE	-0.142151719781894	run_order_sensitivity_only_not_corrected_truth	0.970162399802015	higher_in_early_ESCC
AN004962__176	-0.0307105595593184	0.865132152935441	ST003027	AN004962	targeted LC-MS	positive	ST003027_targeted_LCMS_combined_modes	timestamp parsed from source raw ZIP	FALSE	-0.142151719781894	run_order_sensitivity_only_not_corrected_truth	0.970162399802015	lower_in_early_ESCC
AN004962__207	0.000294029223303248	0.856770527925317	ST003027	AN004962	targeted LC-MS	positive	ST003027_targeted_LCMS_combined_modes	timestamp parsed from source raw ZIP	FALSE	-0.142151719781894	run_order_sensitivity_only_not_corrected_truth	0.970162399802015	higher_in_early_ESCC
AN004962__269	-0.000711282291915168	0.865887887265961	ST003027	AN004962	targeted LC-MS	positive	ST003027_targeted_LCMS_combined_modes	timestamp parsed from source raw ZIP	FALSE	-0.142151719781894	run_order_sensitivity_only_not_corrected_truth	0.970162399802015	lower_in_early_ESCC
AN004963__12	-0.0014341611057422	0.852792113825241	ST003027	AN004963	targeted LC-MS	negative	ST003027_targeted_LCMS_combined_modes	timestamp parsed from source raw ZIP	FALSE	-0.142151719781894	run_order_sensitivity_only_not_corrected_truth	0.970162399802015	lower_in_early_ESCC
AN004962__76	0.000215470884826005	0.884769253493151	ST003027	AN004962	targeted LC-MS	positive	ST003027_targeted_LCMS_combined_modes	timestamp parsed from source raw ZIP	FALSE	-0.142151719781894	run_order_sensitivity_only_not_corrected_truth	0.977691472569379	higher_in_early_ESCC
AN004963__57	-0.00222493521394438	0.878367774884431	ST003027	AN004963	targeted LC-MS	negative	ST003027_targeted_LCMS_combined_modes	timestamp parsed from source raw ZIP	FALSE	-0.142151719781894	run_order_sensitivity_only_not_corrected_truth	0.977691472569379	lower_in_early_ESCC
AN004963__119	-0.00441750258546762	0.889221098876279	ST003027	AN004963	targeted LC-MS	negative	ST003027_targeted_LCMS_combined_modes	timestamp parsed from source raw ZIP	FALSE	-0.142151719781894	run_order_sensitivity_only_not_corrected_truth	0.977691472569379	lower_in_early_ESCC
AN004963__124	-0.00757961660647483	0.889046367225066	ST003027	AN004963	targeted LC-MS	negative	ST003027_targeted_LCMS_combined_modes	timestamp parsed from source raw ZIP	FALSE	-0.142151719781894	run_order_sensitivity_only_not_corrected_truth	0.977691472569379	lower_in_early_ESCC
AN004963__128	0.00115093104009144	0.88936420557713	ST003027	AN004963	targeted LC-MS	negative	ST003027_targeted_LCMS_combined_modes	timestamp parsed from source raw ZIP	FALSE	-0.142151719781894	run_order_sensitivity_only_not_corrected_truth	0.977691472569379	higher_in_early_ESCC
AN004963__6	0.0152722243070244	0.89386113384834	ST003027	AN004963	targeted LC-MS	negative	ST003027_targeted_LCMS_combined_modes	timestamp parsed from source raw ZIP	FALSE	-0.142151719781894	run_order_sensitivity_only_not_corrected_truth	0.978785637959946	higher_in_early_ESCC
AN004963__81	-0.00124573865779022	0.901371503729636	ST003027	AN004963	targeted LC-MS	negative	ST003027_targeted_LCMS_combined_modes	timestamp parsed from source raw ZIP	FALSE	-0.142151719781894	run_order_sensitivity_only_not_corrected_truth	0.978785637959946	lower_in_early_ESCC
AN004963__166	0.00100126207309975	0.897910853544482	ST003027	AN004963	targeted LC-MS	negative	ST003027_targeted_LCMS_combined_modes	timestamp parsed from source raw ZIP	FALSE	-0.142151719781894	run_order_sensitivity_only_not_corrected_truth	0.978785637959946	higher_in_early_ESCC
AN004963__197	0.0177192344540304	0.902556226903876	ST003027	AN004963	targeted LC-MS	negative	ST003027_targeted_LCMS_combined_modes	timestamp parsed from source raw ZIP	FALSE	-0.142151719781894	run_order_sensitivity_only_not_corrected_truth	0.978785637959946	higher_in_early_ESCC
AN004963__145	0.000953118048329039	0.907241455812233	ST003027	AN004963	targeted LC-MS	negative	ST003027_targeted_LCMS_combined_modes	timestamp parsed from source raw ZIP	FALSE	-0.142151719781894	run_order_sensitivity_only_not_corrected_truth	0.980553896685949	higher_in_early_ESCC
AN004962__130	-0.000452501184940114	0.921256689558834	ST003027	AN004962	targeted LC-MS	positive	ST003027_targeted_LCMS_combined_modes	timestamp parsed from source raw ZIP	FALSE	-0.142151719781894	run_order_sensitivity_only_not_corrected_truth	0.981223611319655	lower_in_early_ESCC
AN004962__144	-0.00243985948517321	0.919177072896712	ST003027	AN004962	targeted LC-MS	positive	ST003027_targeted_LCMS_combined_modes	timestamp parsed from source raw ZIP	FALSE	-0.142151719781894	run_order_sensitivity_only_not_corrected_truth	0.981223611319655	lower_in_early_ESCC
AN004962__221	-0.0130107610030298	0.923144955197931	ST003027	AN004962	targeted LC-MS	positive	ST003027_targeted_LCMS_combined_modes	timestamp parsed from source raw ZIP	FALSE	-0.142151719781894	run_order_sensitivity_only_not_corrected_truth	0.981223611319655	lower_in_early_ESCC
AN004963__10	0.0275416635244342	0.917650633154586	ST003027	AN004963	targeted LC-MS	negative	ST003027_targeted_LCMS_combined_modes	timestamp parsed from source raw ZIP	FALSE	-0.142151719781894	run_order_sensitivity_only_not_corrected_truth	0.981223611319655	higher_in_early_ESCC
AN004963__208	-0.000833764276958776	0.920737600588899	ST003027	AN004963	targeted LC-MS	negative	ST003027_targeted_LCMS_combined_modes	timestamp parsed from source raw ZIP	FALSE	-0.142151719781894	run_order_sensitivity_only_not_corrected_truth	0.981223611319655	lower_in_early_ESCC
AN004962__7	-0.0144494373269844	0.938614768311924	ST003027	AN004962	targeted LC-MS	positive	ST003027_targeted_LCMS_combined_modes	timestamp parsed from source raw ZIP	FALSE	-0.142151719781894	run_order_sensitivity_only_not_corrected_truth	0.983244015759424	lower_in_early_ESCC
AN004962__106	-0.0119163316492825	0.936954416237763	ST003027	AN004962	targeted LC-MS	positive	ST003027_targeted_LCMS_combined_modes	timestamp parsed from source raw ZIP	FALSE	-0.142151719781894	run_order_sensitivity_only_not_corrected_truth	0.983244015759424	lower_in_early_ESCC
AN004962__223	-0.000126350110069234	0.933481452068983	ST003027	AN004962	targeted LC-MS	positive	ST003027_targeted_LCMS_combined_modes	timestamp parsed from source raw ZIP	FALSE	-0.142151719781894	run_order_sensitivity_only_not_corrected_truth	0.983244015759424	lower_in_early_ESCC
AN004962__263	-0.0132623734288522	0.943424164653903	ST003027	AN004962	targeted LC-MS	positive	ST003027_targeted_LCMS_combined_modes	timestamp parsed from source raw ZIP	FALSE	-0.142151719781894	run_order_sensitivity_only_not_corrected_truth	0.983244015759424	lower_in_early_ESCC
AN004963__177	-0.00248514853474732	0.941002609809399	ST003027	AN004963	targeted LC-MS	negative	ST003027_targeted_LCMS_combined_modes	timestamp parsed from source raw ZIP	FALSE	-0.142151719781894	run_order_sensitivity_only_not_corrected_truth	0.983244015759424	lower_in_early_ESCC
AN004963__212	0.00100163788553739	0.938755592186517	ST003027	AN004963	targeted LC-MS	negative	ST003027_targeted_LCMS_combined_modes	timestamp parsed from source raw ZIP	FALSE	-0.142151719781894	run_order_sensitivity_only_not_corrected_truth	0.983244015759424	higher_in_early_ESCC
AN004962__187	0.0046294229174036	0.947004677528689	ST003027	AN004962	targeted LC-MS	positive	ST003027_targeted_LCMS_combined_modes	timestamp parsed from source raw ZIP	FALSE	-0.142151719781894	run_order_sensitivity_only_not_corrected_truth	0.983781558209415	higher_in_early_ESCC
AN004963__142	0.000465109572748954	0.951987424944847	ST003027	AN004963	targeted LC-MS	negative	ST003027_targeted_LCMS_combined_modes	timestamp parsed from source raw ZIP	FALSE	-0.142151719781894	run_order_sensitivity_only_not_corrected_truth	0.985767623894503	higher_in_early_ESCC
AN004962__57	-0.00653793277460396	0.958836207426086	ST003027	AN004962	targeted LC-MS	positive	ST003027_targeted_LCMS_combined_modes	timestamp parsed from source raw ZIP	FALSE	-0.142151719781894	run_order_sensitivity_only_not_corrected_truth	0.989666953645574	lower_in_early_ESCC
AN004962__247	0.0134671973842992	0.970617853690158	ST003027	AN004962	targeted LC-MS	positive	ST003027_targeted_LCMS_combined_modes	timestamp parsed from source raw ZIP	FALSE	-0.142151719781894	run_order_sensitivity_only_not_corrected_truth	0.992255831320193	higher_in_early_ESCC
AN004963__61	-0.000291700407336775	0.969762699339635	ST003027	AN004963	targeted LC-MS	negative	ST003027_targeted_LCMS_combined_modes	timestamp parsed from source raw ZIP	FALSE	-0.142151719781894	run_order_sensitivity_only_not_corrected_truth	0.992255831320193	lower_in_early_ESCC
AN004963__105	0.000342478533675179	0.964840194049661	ST003027	AN004963	targeted LC-MS	negative	ST003027_targeted_LCMS_combined_modes	timestamp parsed from source raw ZIP	FALSE	-0.142151719781894	run_order_sensitivity_only_not_corrected_truth	0.992255831320193	higher_in_early_ESCC
AN004962__151	-0.000344272611054799	0.984067418423123	ST003027	AN004962	targeted LC-MS	positive	ST003027_targeted_LCMS_combined_modes	timestamp parsed from source raw ZIP	FALSE	-0.142151719781894	run_order_sensitivity_only_not_corrected_truth	0.999931167160911	lower_in_early_ESCC
AN004963__79	2.23854148786355e-05	0.999620466833579	ST003027	AN004963	targeted LC-MS	negative	ST003027_targeted_LCMS_combined_modes	timestamp parsed from source raw ZIP	FALSE	-0.142151719781894	run_order_sensitivity_only_not_corrected_truth	0.999931167160911	higher_in_early_ESCC
AN004963__91	0.000842589598925244	0.992995923065306	ST003027	AN004963	targeted LC-MS	negative	ST003027_targeted_LCMS_combined_modes	timestamp parsed from source raw ZIP	FALSE	-0.142151719781894	run_order_sensitivity_only_not_corrected_truth	0.999931167160911	higher_in_early_ESCC
AN004963__104	9.82933254545995e-07	0.999931167160911	ST003027	AN004963	targeted LC-MS	negative	ST003027_targeted_LCMS_combined_modes	timestamp parsed from source raw ZIP	FALSE	-0.142151719781894	run_order_sensitivity_only_not_corrected_truth	0.999931167160911	higher_in_early_ESCC
AN004963__117	3.34396451771505e-05	0.996532754171987	ST003027	AN004963	targeted LC-MS	negative	ST003027_targeted_LCMS_combined_modes	timestamp parsed from source raw ZIP	FALSE	-0.142151719781894	run_order_sensitivity_only_not_corrected_truth	0.999931167160911	higher_in_early_ESCC
AN004963__167	7.55389243653788e-05	0.992166466726371	ST003027	AN004963	targeted LC-MS	negative	ST003027_targeted_LCMS_combined_modes	timestamp parsed from source raw ZIP	FALSE	-0.142151719781894	run_order_sensitivity_only_not_corrected_truth	0.999931167160911	higher_in_early_ESCC
AN004963__187	-8.61247762691236e-06	0.999106864022625	ST003027	AN004963	targeted LC-MS	negative	ST003027_targeted_LCMS_combined_modes	timestamp parsed from source raw ZIP	FALSE	-0.142151719781894	run_order_sensitivity_only_not_corrected_truth	0.999931167160911	lower_in_early_ESCC
