patient_pair_id	paper_pair_number	sample_name	run_accession	tissue_role	ffpe_status	public_negative_control_run	input_reads	filtered_reads	denoised_forward_reads	denoised_reverse_reads	merged_reads_min_overlap12	merged_reads_min_overlap8	nonchim_reads_min_overlap12	prokaryotic_reads_min_overlap12	prokaryotic_reads_plausible_v3v4_length	prokaryotic_reads_min_overlap8	prokaryotic_reads_forward_only	filter_retention	main_final_retention	plausible_v3v4_length_read_fraction	overlap8_final_retention	forward_only_final_retention	primer_handling	anchored_primer_matches_all_fastq	anchored_primer_fraction_all_fastq	primer_second_trim_review_threshold	plausible_v3v4_length_range	main_filter	blank_control_status
FFPE_pair_01	1	NS1	SRR16095408	paired_non_tumor	FFPE tissue block	not_identified	188327	161046	157454	160184	152595	154906	145460	10807	5040	13057	8422	0.855140261353922	0.0573842306201447	0.466364393448691	0.0693315350427714	0.0447200879321606	no_second_primer_cut_source_reads_already_trimmed_likely	1240	8.11043269812512e-05	0.001	380-480 nt	truncLen=0/0;maxN=0;maxEE=2/2;truncQ=2;minLen=100	no_public_negative_control_or_extraction_blank
FFPE_pair_01	1	TS1	SRR16095402	tumor	FFPE tissue block	not_identified	188968	160611	158458	159451	153651	154443	144680	10703	2557	11400	7632	0.849937555564963	0.056639219338724	0.238904979912174	0.060327674526904	0.04038779052538	no_second_primer_cut_source_reads_already_trimmed_likely	1240	8.11043269812512e-05	0.001	380-480 nt	truncLen=0/0;maxN=0;maxEE=2/2;truncQ=2;minLen=100	no_public_negative_control_or_extraction_blank
FFPE_pair_03	3	NS3	SRR16095396	paired_non_tumor	FFPE tissue block	not_identified	373397	268960	261137	263763	248660	251016	174073	73338	4636	75395	45396	0.720305733575792	0.19640757692215	0.0632141590989664	0.2019164588896	0.121575695573344	no_second_primer_cut_source_reads_already_trimmed_likely	1240	8.11043269812512e-05	0.001	380-480 nt	truncLen=0/0;maxN=0;maxEE=2/2;truncQ=2;minLen=100	no_public_negative_control_or_extraction_blank
FFPE_pair_03	3	TS3	SRR16095391	tumor	FFPE tissue block	not_identified	88489	72354	71305	71595	66333	69965	57642	16612	5291	19606	10494	0.817660952208749	0.187729548305439	0.318504695400915	0.221564262224683	0.118591011312141	no_second_primer_cut_source_reads_already_trimmed_likely	1240	8.11043269812512e-05	0.001	380-480 nt	truncLen=0/0;maxN=0;maxEE=2/2;truncQ=2;minLen=100	no_public_negative_control_or_extraction_blank
FFPE_pair_05	5	NS5	SRR16095395	paired_non_tumor	FFPE tissue block	not_identified	265557	194072	188113	189993	177782	179666	127082	43119	1464	44787	24174	0.730811087638435	0.162371920152736	0.0339525499199889	0.16865305753567	0.0910313040138275	no_second_primer_cut_source_reads_already_trimmed_likely	1240	8.11043269812512e-05	0.001	380-480 nt	truncLen=0/0;maxN=0;maxEE=2/2;truncQ=2;minLen=100	no_public_negative_control_or_extraction_blank
FFPE_pair_05	5	TS5	SRR16095380	tumor	FFPE tissue block	not_identified	93767	83417	81921	83149	80554	80947	79103	3297	1372	3676	1934	0.88962001557051	0.03516162402551	0.416135881104034	0.0392035577548605	0.0206255932257617	no_second_primer_cut_source_reads_already_trimmed_likely	1240	8.11043269812512e-05	0.001	380-480 nt	truncLen=0/0;maxN=0;maxEE=2/2;truncQ=2;minLen=100	no_public_negative_control_or_extraction_blank
FFPE_pair_07	7	NS7	SRR16095394	paired_non_tumor	FFPE tissue block	not_identified	275577	47416	42065	43476	38336	39965	33531	8944	923	10301	7892	0.172060803332644	0.0324555387423479	0.103197674418605	0.0373797523015346	0.0286380938902739	no_second_primer_cut_source_reads_already_trimmed_likely	1240	8.11043269812512e-05	0.001	380-480 nt	truncLen=0/0;maxN=0;maxEE=2/2;truncQ=2;minLen=100	no_public_negative_control_or_extraction_blank
FFPE_pair_07	7	TS7	SRR16095369	tumor	FFPE tissue block	not_identified	168688	135073	133439	133976	124387	131338	107570	26485	16970	32758	26951	0.800726785544911	0.157005833254292	0.640740041532943	0.194192829365456	0.15976832969743	no_second_primer_cut_source_reads_already_trimmed_likely	1240	8.11043269812512e-05	0.001	380-480 nt	truncLen=0/0;maxN=0;maxEE=2/2;truncQ=2;minLen=100	no_public_negative_control_or_extraction_blank
FFPE_pair_09	9	NS9	SRR16095393	paired_non_tumor	FFPE tissue block	not_identified	178298	38621	34525	35869	32180	33058	24904	9899	2261	10689	7180	0.216609272117466	0.0555194113226172	0.228406909788868	0.0599501957397167	0.0402696609047774	no_second_primer_cut_source_reads_already_trimmed_likely	1240	8.11043269812512e-05	0.001	380-480 nt	truncLen=0/0;maxN=0;maxEE=2/2;truncQ=2;minLen=100	no_public_negative_control_or_extraction_blank
FFPE_pair_09	9	TS9	SRR16095407	tumor	FFPE tissue block	not_identified	69901	56554	55379	55615	49352	53981	41928	9575	4444	13899	10680	0.809058525629104	0.136979442354187	0.464125326370757	0.198838357105049	0.152787513769474	no_second_primer_cut_source_reads_already_trimmed_likely	1240	8.11043269812512e-05	0.001	380-480 nt	truncLen=0/0;maxN=0;maxEE=2/2;truncQ=2;minLen=100	no_public_negative_control_or_extraction_blank
FFPE_pair_11	11	NS11	SRR16095392	paired_non_tumor	FFPE tissue block	not_identified	410946	331269	325071	326771	309386	312014	198597	42839	2820	45325	31528	0.806113211954856	0.104244839954641	0.0658278671304186	0.110294296574246	0.0767205423583634	no_second_primer_cut_source_reads_already_trimmed_likely	1240	8.11043269812512e-05	0.001	380-480 nt	truncLen=0/0;maxN=0;maxEE=2/2;truncQ=2;minLen=100	no_public_negative_control_or_extraction_blank
FFPE_pair_11	11	TS11	SRR16095406	tumor	FFPE tissue block	not_identified	138051	111540	110019	110493	104258	108019	88614	22282	11442	25753	20913	0.807962274811483	0.161404118767702	0.513508661700027	0.186547000746101	0.151487493752309	no_second_primer_cut_source_reads_already_trimmed_likely	1240	8.11043269812512e-05	0.001	380-480 nt	truncLen=0/0;maxN=0;maxEE=2/2;truncQ=2;minLen=100	no_public_negative_control_or_extraction_blank
FFPE_pair_13	13	NS13	SRR16095390	paired_non_tumor	FFPE tissue block	not_identified	136580	28889	25334	25816	21897	23298	18003	6995	952	8197	7835	0.21151705959877	0.0512154048909064	0.136097212294496	0.0600161077756626	0.0573656465075414	no_second_primer_cut_source_reads_already_trimmed_likely	1240	8.11043269812512e-05	0.001	380-480 nt	truncLen=0/0;maxN=0;maxEE=2/2;truncQ=2;minLen=100	no_public_negative_control_or_extraction_blank
FFPE_pair_13	13	TS13	SRR16095405	tumor	FFPE tissue block	not_identified	312213	266064	262974	264871	254979	256031	243952	14890	3586	15863	9389	0.852187448953119	0.0476918001492571	0.240832773673606	0.0508082623081038	0.0300724185091588	no_second_primer_cut_source_reads_already_trimmed_likely	1240	8.11043269812512e-05	0.001	380-480 nt	truncLen=0/0;maxN=0;maxEE=2/2;truncQ=2;minLen=100	no_public_negative_control_or_extraction_blank
FFPE_pair_15	15	NS15	SRR16095389	paired_non_tumor	FFPE tissue block	not_identified	271859	166990	161310	162647	148534	151674	92959	36444	3226	39209	29313	0.614252241051427	0.134054785752909	0.0885193721874657	0.144225499247772	0.107824276555126	no_second_primer_cut_source_reads_already_trimmed_likely	1240	8.11043269812512e-05	0.001	380-480 nt	truncLen=0/0;maxN=0;maxEE=2/2;truncQ=2;minLen=100	no_public_negative_control_or_extraction_blank
FFPE_pair_15	15	TS15	SRR16095404	tumor	FFPE tissue block	not_identified	49321	36043	35475	35573	28898	34880	28094	24186	23740	29984	30697	0.730784047363192	0.490379351594655	0.981559579922269	0.607935767725715	0.622392084507613	no_second_primer_cut_source_reads_already_trimmed_likely	1240	8.11043269812512e-05	0.001	380-480 nt	truncLen=0/0;maxN=0;maxEE=2/2;truncQ=2;minLen=100	no_public_negative_control_or_extraction_blank
FFPE_pair_17	17	NS17	SRR16095388	paired_non_tumor	FFPE tissue block	not_identified	121984	94780	90810	91337	78358	84999	54937	16351	8689	22209	23519	0.776987145855194	0.134042169464848	0.531404807045441	0.182064860965373	0.19280397429171	no_second_primer_cut_source_reads_already_trimmed_likely	1240	8.11043269812512e-05	0.001	380-480 nt	truncLen=0/0;maxN=0;maxEE=2/2;truncQ=2;minLen=100	no_public_negative_control_or_extraction_blank
FFPE_pair_17	17	TS17	SRR16095403	tumor	FFPE tissue block	not_identified	151101	130396	128278	129351	123332	125810	108239	9326	2928	11690	7155	0.862972448891801	0.0617203062852	0.313960969333047	0.0773654707778241	0.0473524331407469	no_second_primer_cut_source_reads_already_trimmed_likely	1240	8.11043269812512e-05	0.001	380-480 nt	truncLen=0/0;maxN=0;maxEE=2/2;truncQ=2;minLen=100	no_public_negative_control_or_extraction_blank
FFPE_pair_19	19	NS19	SRR16095386	paired_non_tumor	FFPE tissue block	not_identified	189201	38621	34049	35400	29398	32205	25279	8406	1779	10923	7828	0.204126828082304	0.0444289406504194	0.21163454675232	0.057732253000777	0.0413739885095745	no_second_primer_cut_source_reads_already_trimmed_likely	1240	8.11043269812512e-05	0.001	380-480 nt	truncLen=0/0;maxN=0;maxEE=2/2;truncQ=2;minLen=100	no_public_negative_control_or_extraction_blank
FFPE_pair_19	19	TS19	SRR16095401	tumor	FFPE tissue block	not_identified	102920	81665	79611	80718	73661	77983	62278	9584	2655	13019	10582	0.793480373105325	0.0931208705790906	0.277024207011686	0.126496307811893	0.102817722502915	no_second_primer_cut_source_reads_already_trimmed_likely	1240	8.11043269812512e-05	0.001	380-480 nt	truncLen=0/0;maxN=0;maxEE=2/2;truncQ=2;minLen=100	no_public_negative_control_or_extraction_blank
FFPE_pair_21	21	NS21	SRR16095387	paired_non_tumor	FFPE tissue block	not_identified	110475	81727	76387	77428	67358	70026	52544	30133	18014	32290	32421	0.739778230368862	0.27275854265671	0.597816347525968	0.292283322018556	0.29346911065852	no_second_primer_cut_source_reads_already_trimmed_likely	1240	8.11043269812512e-05	0.001	380-480 nt	truncLen=0/0;maxN=0;maxEE=2/2;truncQ=2;minLen=100	no_public_negative_control_or_extraction_blank
FFPE_pair_21	21	TS21	SRR16095400	tumor	FFPE tissue block	not_identified	71051	60238	59422	59684	57199	58364	48791	9018	1436	10141	4551	0.847813542385047	0.126922914526185	0.15923708139277	0.142728462653587	0.0640525819481781	no_second_primer_cut_source_reads_already_trimmed_likely	1240	8.11043269812512e-05	0.001	380-480 nt	truncLen=0/0;maxN=0;maxEE=2/2;truncQ=2;minLen=100	no_public_negative_control_or_extraction_blank
FFPE_pair_23	23	NS23	SRR16095385	paired_non_tumor	FFPE tissue block	not_identified	197729	72725	66491	67864	57661	62388	44457	16471	2339	20594	15178	0.367801384723536	0.0833008815095408	0.142007164106612	0.10415265337912	0.0767616282892241	no_second_primer_cut_source_reads_already_trimmed_likely	1240	8.11043269812512e-05	0.001	380-480 nt	truncLen=0/0;maxN=0;maxEE=2/2;truncQ=2;minLen=100	no_public_negative_control_or_extraction_blank
FFPE_pair_23	23	TS23	SRR16095399	tumor	FFPE tissue block	not_identified	65522	53241	52165	52451	49906	51187	42222	8589	3844	9739	6389	0.812566771466073	0.131085742193462	0.447549190825474	0.148637098989652	0.0975092335398797	no_second_primer_cut_source_reads_already_trimmed_likely	1240	8.11043269812512e-05	0.001	380-480 nt	truncLen=0/0;maxN=0;maxEE=2/2;truncQ=2;minLen=100	no_public_negative_control_or_extraction_blank
FFPE_pair_25	25	NS25	SRR16095384	paired_non_tumor	FFPE tissue block	not_identified	303930	206306	200293	201751	186449	189528	142399	44399	5079	46964	37091	0.678794459250485	0.146082979633468	0.114394468343882	0.154522422926332	0.12203796926924	no_second_primer_cut_source_reads_already_trimmed_likely	1240	8.11043269812512e-05	0.001	380-480 nt	truncLen=0/0;maxN=0;maxEE=2/2;truncQ=2;minLen=100	no_public_negative_control_or_extraction_blank
FFPE_pair_25	25	TS25	SRR16095397	tumor	FFPE tissue block	not_identified	84262	69468	68129	68520	66678	67243	53474	9563	714	10070	3497	0.824428568037787	0.113491253471316	0.0746627627313605	0.119508200612376	0.0415015072037217	no_second_primer_cut_source_reads_already_trimmed_likely	1240	8.11043269812512e-05	0.001	380-480 nt	truncLen=0/0;maxN=0;maxEE=2/2;truncQ=2;minLen=100	no_public_negative_control_or_extraction_blank
FFPE_pair_27	27	NS27	SRR16095383	paired_non_tumor	FFPE tissue block	not_identified	341166	265344	257798	260023	241409	245246	167960	80595	5617	83348	50116	0.777756282865233	0.236233974077136	0.0696941497611514	0.244303359654831	0.146896232332647	no_second_primer_cut_source_reads_already_trimmed_likely	1240	8.11043269812512e-05	0.001	380-480 nt	truncLen=0/0;maxN=0;maxEE=2/2;truncQ=2;minLen=100	no_public_negative_control_or_extraction_blank
FFPE_pair_27	27	TS27	SRR16095398	tumor	FFPE tissue block	not_identified	58960	43660	42676	42921	32459	41998	32143	23172	22202	32518	32474	0.740502035278155	0.393012211668928	0.958139133436907	0.551526458616011	0.550780189959295	no_second_primer_cut_source_reads_already_trimmed_likely	1240	8.11043269812512e-05	0.001	380-480 nt	truncLen=0/0;maxN=0;maxEE=2/2;truncQ=2;minLen=100	no_public_negative_control_or_extraction_blank
FFPE_pair_29	29	NS29	SRR16095382	paired_non_tumor	FFPE tissue block	not_identified	422528	152922	145050	146286	130943	134504	91008	35573	3007	37930	27608	0.361921576794911	0.0841908701908513	0.0845304022713856	0.0897691987276583	0.0653400484701606	no_second_primer_cut_source_reads_already_trimmed_likely	1240	8.11043269812512e-05	0.001	380-480 nt	truncLen=0/0;maxN=0;maxEE=2/2;truncQ=2;minLen=100	no_public_negative_control_or_extraction_blank
FFPE_pair_29	29	TS29	SRR16095374	tumor	FFPE tissue block	not_identified	269668	56188	51630	52147	46115	48485	37666	8679	1517	10563	8523	0.20835990922171	0.0321840188676447	0.174789722318239	0.0391703872910394	0.0316055297625228	no_second_primer_cut_source_reads_already_trimmed_likely	1240	8.11043269812512e-05	0.001	380-480 nt	truncLen=0/0;maxN=0;maxEE=2/2;truncQ=2;minLen=100	no_public_negative_control_or_extraction_blank
FFPE_pair_31	31	NS31	SRR16095381	paired_non_tumor	FFPE tissue block	not_identified	342597	58195	51346	53352	44284	47273	36799	10234	1172	12180	11636	0.169864301205206	0.0298718319191353	0.114520226695329	0.0355519750610776	0.0339641035969375	no_second_primer_cut_source_reads_already_trimmed_likely	1240	8.11043269812512e-05	0.001	380-480 nt	truncLen=0/0;maxN=0;maxEE=2/2;truncQ=2;minLen=100	no_public_negative_control_or_extraction_blank
FFPE_pair_31	31	TS31	SRR16095373	tumor	FFPE tissue block	not_identified	240262	155098	149176	150727	139259	142330	95011	32797	4282	35516	29844	0.645536955490257	0.13650514854617	0.130560722017258	0.14782196102588	0.124214399280785	no_second_primer_cut_source_reads_already_trimmed_likely	1240	8.11043269812512e-05	0.001	380-480 nt	truncLen=0/0;maxN=0;maxEE=2/2;truncQ=2;minLen=100	no_public_negative_control_or_extraction_blank
FFPE_pair_33	33	NS33	SRR16095379	paired_non_tumor	FFPE tissue block	not_identified	61027	42983	39733	39524	13401	36141	10943	4790	1770	24260	28707	0.704327592704868	0.0784898487554689	0.369519832985386	0.397528962590329	0.470398348272076	no_second_primer_cut_source_reads_already_trimmed_likely	1240	8.11043269812512e-05	0.001	380-480 nt	truncLen=0/0;maxN=0;maxEE=2/2;truncQ=2;minLen=100	no_public_negative_control_or_extraction_blank
FFPE_pair_33	33	TS33	SRR16095372	tumor	FFPE tissue block	not_identified	142639	67678	62091	63104	53339	58403	39411	11589	1745	15654	13803	0.474470516478663	0.0812470642671359	0.150573820001726	0.109745581502955	0.0967687659055378	no_second_primer_cut_source_reads_already_trimmed_likely	1240	8.11043269812512e-05	0.001	380-480 nt	truncLen=0/0;maxN=0;maxEE=2/2;truncQ=2;minLen=100	no_public_negative_control_or_extraction_blank
FFPE_pair_35	35	NS35	SRR16095378	paired_non_tumor	FFPE tissue block	not_identified	278078	199269	193544	194925	174035	180626	109365	26907	7884	32518	29875	0.716593905307144	0.0967606211206927	0.293009254097447	0.116938412963269	0.107433885456599	no_second_primer_cut_source_reads_already_trimmed_likely	1240	8.11043269812512e-05	0.001	380-480 nt	truncLen=0/0;maxN=0;maxEE=2/2;truncQ=2;minLen=100	no_public_negative_control_or_extraction_blank
FFPE_pair_35	35	TS35	SRR16095371	tumor	FFPE tissue block	not_identified	170805	32722	28816	28954	23714	25706	21341	5206	1245	6631	9232	0.191575188079974	0.0304792014285296	0.239147137917787	0.038822048534879	0.0540499399900471	no_second_primer_cut_source_reads_already_trimmed_likely	1240	8.11043269812512e-05	0.001	380-480 nt	truncLen=0/0;maxN=0;maxEE=2/2;truncQ=2;minLen=100	no_public_negative_control_or_extraction_blank
FFPE_pair_37	37	NS37	SRR16095377	paired_non_tumor	FFPE tissue block	not_identified	106255	26824	23600	23523	17461	20704	14193	5272	1029	7876	8400	0.252449296503694	0.0496164886358289	0.195182094081942	0.0741235706554986	0.079055103289257	no_second_primer_cut_source_reads_already_trimmed_likely	1240	8.11043269812512e-05	0.001	380-480 nt	truncLen=0/0;maxN=0;maxEE=2/2;truncQ=2;minLen=100	no_public_negative_control_or_extraction_blank
FFPE_pair_37	37	TS37	SRR16095370	tumor	FFPE tissue block	not_identified	53343	37658	35627	34581	8936	31229	8654	8499	8406	26547	34831	0.705959544832499	0.159327371913841	0.989057536180727	0.497666048028795	0.652962900474289	no_second_primer_cut_source_reads_already_trimmed_likely	1240	8.11043269812512e-05	0.001	380-480 nt	truncLen=0/0;maxN=0;maxEE=2/2;truncQ=2;minLen=100	no_public_negative_control_or_extraction_blank
FFPE_pair_39	39	NS39	SRR16095375	paired_non_tumor	FFPE tissue block	not_identified	134122	90808	86396	87202	77328	82285	58474	27168	6751	31482	25418	0.677055218383263	0.202561846676906	0.248490871613663	0.234726592207095	0.189514024544817	no_second_primer_cut_source_reads_already_trimmed_likely	1240	8.11043269812512e-05	0.001	380-480 nt	truncLen=0/0;maxN=0;maxEE=2/2;truncQ=2;minLen=100	no_public_negative_control_or_extraction_blank
FFPE_pair_39	39	TS39	SRR16095368	tumor	FFPE tissue block	not_identified	90604	63856	59474	60065	44448	54637	36179	15333	5379	24231	22435	0.70478124586111	0.169230939031389	0.350811974173352	0.267438523685489	0.247615999293629	no_second_primer_cut_source_reads_already_trimmed_likely	1240	8.11043269812512e-05	0.001	380-480 nt	truncLen=0/0;maxN=0;maxEE=2/2;truncQ=2;minLen=100	no_public_negative_control_or_extraction_blank
FFPE_pair_41	41	NS41	SRR16095376	paired_non_tumor	FFPE tissue block	not_identified	220670	161010	155750	156613	142021	148754	91029	17932	4144	23907	22676	0.729641546200209	0.081261612362351	0.231095248717377	0.108338242624734	0.102759777042643	no_second_primer_cut_source_reads_already_trimmed_likely	1240	8.11043269812512e-05	0.001	380-480 nt	truncLen=0/0;maxN=0;maxEE=2/2;truncQ=2;minLen=100	no_public_negative_control_or_extraction_blank
FFPE_pair_41	41	TS41	SRR16095367	tumor	FFPE tissue block	not_identified	103637	60165	56575	55654	14538	50522	14052	12255	11675	40619	51927	0.580535908990033	0.118249273907967	0.952672378620971	0.391935312677905	0.501046923396084	no_second_primer_cut_source_reads_already_trimmed_likely	1240	8.11043269812512e-05	0.001	380-480 nt	truncLen=0/0;maxN=0;maxEE=2/2;truncQ=2;minLen=100	no_public_negative_control_or_extraction_blank
