genus_label	prevalence_cut	n_pairs	prevalence_all	prevalence_tumor	prevalence_paired_non_tumor	tumor_only_presence_pairs	normal_only_presence_pairs	presence_exact_p	median_clr_difference_tumor_minus_normal	mean_clr_difference_tumor_minus_normal	paired_rank_biserial	paired_wilcoxon_p	median_relative_abundance_difference	bootstrap_iterations	bootstrap_valid	clr_effect_ci95_low	clr_effect_ci95_high	bootstrap_direction_consistency	paired_wilcoxon_q	presence_exact_q	clr_effect_prevalence10	clr_effect_prevalence30	clr_effect_min_overlap8	clr_effect_forward_only	clr_effect_plausible_v3v4_length	prevalence_threshold_direction_stable	pipeline_direction_stable	min_overlap8_direction_concordant	forward_only_direction_concordant	plausible_length_direction_concordant	effect_direction	candidate_tier	blank_control_status	contamination_risk	decontam_status	function_claim_scope	host_sample_level_link_allowed	independence_group
g__Veillonella	0.2	21	0.261904761904762	0.333333333333333	0.19047619047619	6	3	0.5078125	0.156691015617032	0.349120238282666	0.428571428571429	0.088544706688393	0	1000	1000	-0.0678199896836627	0.845514401389036	0.949	0.209812457152931	0.87859623015873	0.409366948970575		0.90111248266273	0.350981534186112	0.131400982229214	FALSE	TRUE	TRUE	TRUE	TRUE	higher_in_tumor	background_no_clear_paired_difference	no_public_negative_control_or_extraction_blank	unresolved_low_biomass_FFPE_reagent_or_oral_carryover	not_run_no_blank_and_no_DNA_concentration	taxonomic_ecology_only_16S_function_potential_not_computed	FALSE	PRJNA766558_FFPE_tissue_21_pairs
g__Gordonia	0.2	21	0.357142857142857	0.19047619047619	0.523809523809524	3	10	0.09228515625	-0.428374517659006	-0.982784294339372	-0.411255411255411	0.102340861591096	0	1000	1000	-2.7009967558982	0.328399449034903	0.875	0.232399039863113	0.3592529296875	-0.391259722249549	-0.636794661930678	-0.662420874514309	-0.862392596818508	-0.412228158425587	TRUE	TRUE	TRUE	TRUE	TRUE	lower_in_tumor	background_no_clear_paired_difference	no_public_negative_control_or_extraction_blank	unresolved_low_biomass_FFPE_reagent_or_oral_carryover	not_run_no_blank_and_no_DNA_concentration	taxonomic_ecology_only_16S_function_potential_not_computed	FALSE	PRJNA766558_FFPE_tissue_21_pairs
F__Xanthobacteraceae_unclassified	0.2	21	0.214285714285714	0.0952380952380952	0.333333333333333	0	5	0.0625	-0.359942650004394	-0.750714597292464	-0.402597402597403	0.109853514160051	0	1000	1000	-0.972872609922466	0.156691015617032	0.944	0.244368021294807	0.333220108695652	-0.391259722249549		-0.460164191595652	0.414628376610104	-0.396411437405186	FALSE	FALSE	TRUE	FALSE	TRUE	lower_in_tumor	background_no_clear_paired_difference	no_public_negative_control_or_extraction_blank	unresolved_low_biomass_FFPE_reagent_or_oral_carryover	not_run_no_blank_and_no_DNA_concentration	taxonomic_ecology_only_16S_function_potential_not_computed	FALSE	PRJNA766558_FFPE_tissue_21_pairs
F__Muribaculaceae_unclassified	0.2	21	0.523809523809524	0.333333333333333	0.714285714285714	3	11	0.057373046875	-2.19900803633439	-0.918468348166541	-0.393939393939394	0.117795436456402	-0.000192075513116014	1000	1000	-2.63687361703438	-0.359942650004394	0.984	0.251758873995056	0.333220108695652	-2.14661292534425	-1.97275458654268	-1.91902593725653	-2.43450437000157	-2.23064286632479	TRUE	TRUE	TRUE	TRUE	TRUE	lower_in_tumor	background_no_clear_paired_difference	no_public_negative_control_or_extraction_blank	unresolved_low_biomass_FFPE_reagent_or_oral_carryover	not_run_no_blank_and_no_DNA_concentration	taxonomic_ecology_only_16S_function_potential_not_computed	FALSE	PRJNA766558_FFPE_tissue_21_pairs
g__Capnocytophaga	0.2	21	0.5	0.571428571428571	0.428571428571429	7	4	0.548828125	1.33299736724049	1.03623459873498	0.393939393939394	0.117795436456402	0.000627418174213113	1000	1000	-0.428374517659006	3.48790542686879	0.745	0.251758873995056	0.879739200367648	0.956382336081122	1.57163403422835	1.376108250148	1.62350022747536	1.35839443754553	TRUE	TRUE	TRUE	TRUE	TRUE	higher_in_tumor	background_no_clear_paired_difference	no_public_negative_control_or_extraction_blank	unresolved_low_biomass_FFPE_reagent_or_oral_carryover	not_run_no_blank_and_no_DNA_concentration	taxonomic_ecology_only_16S_function_potential_not_computed	FALSE	PRJNA766558_FFPE_tissue_21_pairs
g__Romboutsia	0.2	21	0.238095238095238	0.285714285714286	0.19047619047619	4	2	0.6875	0.412051695108028	0.858262391372001	0.385281385281385	0.126181021089914	0	1000	1000	-0.253097887279073	0.94851023174027	0.876	0.264494832669243	1	0.379493715367019		0.699434298620634		0.257670884812405	FALSE	FALSE	TRUE	FALSE	TRUE	higher_in_tumor	background_no_clear_paired_difference	no_public_negative_control_or_extraction_blank	unresolved_low_biomass_FFPE_reagent_or_oral_carryover	not_run_no_blank_and_no_DNA_concentration	taxonomic_ecology_only_16S_function_potential_not_computed	FALSE	PRJNA766558_FFPE_tissue_21_pairs
F__Lactobacillaceae_unclassified	0.2	21	0.428571428571429	0.333333333333333	0.523809523809524	1	5	0.21875	-0.359942650004394	-0.539178067138314	-0.367965367965368	0.144339193370849	0	1000	1000	-0.97722408017646	0.412051695108028	0.881	0.280945929953975	0.587983630952381	-0.348951229069917	-0.528351050902892	-0.228032119083467		-0.3848057768694	TRUE	FALSE	TRUE	FALSE	TRUE	lower_in_tumor	background_no_clear_paired_difference	no_public_negative_control_or_extraction_blank	unresolved_low_biomass_FFPE_reagent_or_oral_carryover	not_run_no_blank_and_no_DNA_concentration	taxonomic_ecology_only_16S_function_potential_not_computed	FALSE	PRJNA766558_FFPE_tissue_21_pairs
g__Filifactor	0.2	21	0.261904761904762	0.333333333333333	0.19047619047619	6	3	0.5078125	0.736099231933864	0.663484206303634	0.367965367965368	0.144339193370849	0	1000	1000	-0.0678199896836627	1.20461620059228	0.873	0.280945929953975	0.87859623015873	0.541363064984772		0.77426433385652	0.742042792714856	0.757843094224667	FALSE	TRUE	TRUE	TRUE	TRUE	higher_in_tumor	background_no_clear_paired_difference	no_public_negative_control_or_extraction_blank	unresolved_low_biomass_FFPE_reagent_or_oral_carryover	not_run_no_blank_and_no_DNA_concentration	taxonomic_ecology_only_16S_function_potential_not_computed	FALSE	PRJNA766558_FFPE_tissue_21_pairs
g__Hoylesella	0.2	21	0.333333333333333	0.428571428571429	0.238095238095238	8	4	0.3876953125	0.94851023174027	0.951497037416312	0.367965367965368	0.144339193370849	0	1000	1000	-0.307682539447422	2.51820346840269	0.739	0.280945929953975	0.812669020432692	0.653647782288137	1.13596490822222	0.998307593346703	1.24218142587206	0.870942292695224	TRUE	TRUE	TRUE	TRUE	TRUE	higher_in_tumor	background_no_clear_paired_difference	no_public_negative_control_or_extraction_blank	unresolved_low_biomass_FFPE_reagent_or_oral_carryover	not_run_no_blank_and_no_DNA_concentration	taxonomic_ecology_only_16S_function_potential_not_computed	FALSE	PRJNA766558_FFPE_tissue_21_pairs
g__Nocardioides	0.2	21	0.452380952380952	0.333333333333333	0.571428571428571	1	6	0.125	-0.428374517659006	-0.670150486370384	-0.367965367965368	0.144339193370849	0	1000	1000	-1.45713996369068	0.501698526095019	0.954	0.280945929953975	0.400735294117647	-0.391259722249549	-0.636794661930678	-0.662420874514309	-0.716515890113481	-0.412228158425587	TRUE	TRUE	TRUE	TRUE	TRUE	lower_in_tumor	background_no_clear_paired_difference	no_public_negative_control_or_extraction_blank	unresolved_low_biomass_FFPE_reagent_or_oral_carryover	not_run_no_blank_and_no_DNA_concentration	taxonomic_ecology_only_16S_function_potential_not_computed	FALSE	PRJNA766558_FFPE_tissue_21_pairs
g__Algoriphagus	0.2	21	0.238095238095238	0.238095238095238	0.238095238095238	2	2	1	0.572293319347376	0.608535230283277	0.359307359307359	0.154138803324394	0	1000	1000	-0.0678199896836627	1.04288889921048	0.884	0.289674647626879	1	0.409366948970575		0.789024263845684	0.742042792714856	0.375937866952121	FALSE	TRUE	TRUE	TRUE	TRUE	higher_in_tumor	background_no_clear_paired_difference	no_public_negative_control_or_extraction_blank	unresolved_low_biomass_FFPE_reagent_or_oral_carryover	not_run_no_blank_and_no_DNA_concentration	taxonomic_ecology_only_16S_function_potential_not_computed	FALSE	PRJNA766558_FFPE_tissue_21_pairs
g__Alloprevotella	0.2	21	0.333333333333333	0.428571428571429	0.238095238095238	8	4	0.3876953125	0.736099231933864	1.44968635060044	0.359307359307359	0.154138803324394	0	1000	1000	-0.428374517659006	3.44818843005237	0.767	0.289674647626879	0.812669020432692	0.652863370161001	0.944272245399242	0.817445003967715	1.30675796809697	0.778835546406552	TRUE	TRUE	TRUE	TRUE	TRUE	higher_in_tumor	background_no_clear_paired_difference	no_public_negative_control_or_extraction_blank	unresolved_low_biomass_FFPE_reagent_or_oral_carryover	not_run_no_blank_and_no_DNA_concentration	taxonomic_ecology_only_16S_function_potential_not_computed	FALSE	PRJNA766558_FFPE_tissue_21_pairs
O__Frankiales_unclassified	0.2	21	0.285714285714286	0.19047619047619	0.380952380952381	2	6	0.2890625	-0.359942650004394	-0.615054727562969	-0.350649350649351	0.164435977044947	0	1000	1000	-0.999833826992301	0.156691015617032	0.856	0.293828221277036	0.684952445652174	-0.391259722249549		-0.490359058735894	-2.49990452167335	-0.396411437405186	FALSE	TRUE	TRUE	TRUE	TRUE	lower_in_tumor	background_no_clear_paired_difference	no_public_negative_control_or_extraction_blank	unresolved_low_biomass_FFPE_reagent_or_oral_carryover	not_run_no_blank_and_no_DNA_concentration	taxonomic_ecology_only_16S_function_potential_not_computed	FALSE	PRJNA766558_FFPE_tissue_21_pairs
g__Lachnoanaerobaculum	0.2	21	0.238095238095238	0.285714285714286	0.19047619047619	5	3	0.7265625	0.615505803124969	1.18070960388008	0.350649350649351	0.164435977044947	0	1000	1000	-0.359942650004394	1.20461620059228	0.596	0.293828221277036	1	0.409366948970575		0.817445003967715	1.04802373392052	0.516700297830873	FALSE	TRUE	TRUE	TRUE	TRUE	higher_in_tumor	background_no_clear_paired_difference	no_public_negative_control_or_extraction_blank	unresolved_low_biomass_FFPE_reagent_or_oral_carryover	not_run_no_blank_and_no_DNA_concentration	taxonomic_ecology_only_16S_function_potential_not_computed	FALSE	PRJNA766558_FFPE_tissue_21_pairs
g__Pseudonocardia	0.2	21	0.214285714285714	0.0952380952380952	0.333333333333333	1	6	0.125	-0.307682539447422	-0.858552540341384	-0.350649350649351	0.164435977044947	0	1000	1000	-1.14693142008222	0.506949931381716	0.879	0.293828221277036	0.400735294117647	-0.296902540435853		-0.460164191595652	-2.42138022025758	-0.3848057768694	FALSE	TRUE	TRUE	TRUE	TRUE	lower_in_tumor	background_no_clear_paired_difference	no_public_negative_control_or_extraction_blank	unresolved_low_biomass_FFPE_reagent_or_oral_carryover	not_run_no_blank_and_no_DNA_concentration	taxonomic_ecology_only_16S_function_potential_not_computed	FALSE	PRJNA766558_FFPE_tissue_21_pairs
g__Paracoccus	0.2	21	0.452380952380952	0.380952380952381	0.523809523809524	4	7	0.548828125	-0.942836063738703	-0.798774160012784	-0.341991341991342	0.175242915378925	0	1000	1000	-2.65518522176485	-0.00178345899816801	0.982	0.30808835123069	0.879739200367648	-0.669493880496755	-0.899278520937282	-0.662420874514309	-0.862392596818508	-0.931593228159874	TRUE	TRUE	TRUE	TRUE	TRUE	lower_in_tumor	background_no_clear_paired_difference	no_public_negative_control_or_extraction_blank	unresolved_low_biomass_FFPE_reagent_or_oral_carryover	not_run_no_blank_and_no_DNA_concentration	taxonomic_ecology_only_16S_function_potential_not_computed	FALSE	PRJNA766558_FFPE_tissue_21_pairs
g__Blastococcus	0.2	21	0.357142857142857	0.428571428571429	0.285714285714286	6	3	0.5078125	0.412051695108028	0.696215109050642	0.333333333333333	0.186571161893343	0	1000	1000	-0.253097887279073	1.09547323284176	0.875	0.312865486867299	0.87859623015873	0.377248654949243	0.735295614559528	0.789024263845684	0.405167246048904	0.257670884812405	TRUE	TRUE	TRUE	TRUE	TRUE	higher_in_tumor	background_no_clear_paired_difference	no_public_negative_control_or_extraction_blank	unresolved_low_biomass_FFPE_reagent_or_oral_carryover	not_run_no_blank_and_no_DNA_concentration	taxonomic_ecology_only_16S_function_potential_not_computed	FALSE	PRJNA766558_FFPE_tissue_21_pairs
g__Schaalia	0.2	21	0.571428571428571	0.428571428571429	0.714285714285714	1	7	0.0703125	-0.359942650004394	-1.12899055298855	-0.333333333333333	0.186571161893343	0	1000	1000	-3.21979097783084	0.615505803124969	0.877	0.312865486867299	0.333220108695652	-0.391259722249549	-0.318267674241941	-0.211111675632512	-0.792196367012764	-0.396411437405186	TRUE	TRUE	TRUE	TRUE	TRUE	lower_in_tumor	background_no_clear_paired_difference	no_public_negative_control_or_extraction_blank	unresolved_low_biomass_FFPE_reagent_or_oral_carryover	not_run_no_blank_and_no_DNA_concentration	taxonomic_ecology_only_16S_function_potential_not_computed	FALSE	PRJNA766558_FFPE_tissue_21_pairs
g__Streptococcus	0.2	21	0.285714285714286	0.333333333333333	0.238095238095238	4	2	0.6875	0.506949931381716	0.334585967181851	0.333333333333333	0.186571161893343	0	1000	1000	-0.307682539447422	0.845514401389036	0.74	0.312865486867299	1	0.140061347695979		-0.361531706431595	-0.0437234323120235	0.375937866952121	FALSE	FALSE	FALSE	FALSE	TRUE	higher_in_tumor	background_no_clear_paired_difference	no_public_negative_control_or_extraction_blank	unresolved_low_biomass_FFPE_reagent_or_oral_carryover	not_run_no_blank_and_no_DNA_concentration	taxonomic_ecology_only_16S_function_potential_not_computed	FALSE	PRJNA766558_FFPE_tissue_21_pairs
g__Bradyrhizobium	0.2	21	0.261904761904762	0.285714285714286	0.238095238095238	4	3	1	0.519966675218456	0.292750233663217	0.324675324675325	0.19843152794691	0	1000	1000	-0.00239176281818843	0.841322339701634	0.928	0.327712674942625	1	0.377248654949243		0.6753788236435	0.350981534186112	0.375937866952121	FALSE	TRUE	TRUE	TRUE	TRUE	higher_in_tumor	background_no_clear_paired_difference	no_public_negative_control_or_extraction_blank	unresolved_low_biomass_FFPE_reagent_or_oral_carryover	not_run_no_blank_and_no_DNA_concentration	taxonomic_ecology_only_16S_function_potential_not_computed	FALSE	PRJNA766558_FFPE_tissue_21_pairs
g__Commensalibacter	0.2	21	0.261904761904762	0.285714285714286	0.238095238095238	3	2	1	0.412051695108028	0.508363508401476	0.307359307359307	0.223787753998765	0	1000	1000	-0.359942650004394	1.20461620059228	0.746	0.364072614714409	1	0.140061347695979		0.403571823530666	0.742042792714856	0.257670884812405	FALSE	TRUE	TRUE	TRUE	TRUE	higher_in_tumor	background_no_clear_paired_difference	no_public_negative_control_or_extraction_blank	unresolved_low_biomass_FFPE_reagent_or_oral_carryover	not_run_no_blank_and_no_DNA_concentration	taxonomic_ecology_only_16S_function_potential_not_computed	FALSE	PRJNA766558_FFPE_tissue_21_pairs
g__Acetobacter	0.2	21	0.30952380952381	0.19047619047619	0.428571428571429	3	8	0.2265625	-0.618378655881082	-0.34726435395507	-0.29004329004329	0.251380608779173	0	1000	1000	-2.21253814652189	-0.00239176281818843	0.982	0.39710849792652	0.587983630952381	-0.455921124964469	-0.636794661930678	-0.490359058735894	-0.377708641304962	-0.733062725763177	TRUE	TRUE	TRUE	TRUE	TRUE	lower_in_tumor	background_no_clear_paired_difference	no_public_negative_control_or_extraction_blank	unresolved_low_biomass_FFPE_reagent_or_oral_carryover	not_run_no_blank_and_no_DNA_concentration	taxonomic_ecology_only_16S_function_potential_not_computed	FALSE	PRJNA766558_FFPE_tissue_21_pairs
g__Rothia	0.2	21	0.476190476190476	0.571428571428571	0.380952380952381	8	4	0.3876953125	0.615505803124969	0.928904664565978	0.29004329004329	0.251380608779173	0.000518340092081593	1000	1000	-0.307682539447422	4.1662865149136	0.942	0.39710849792652	0.812669020432692	0.409366948970575	0.841512613232517	0.870580169584642	0.854772844353912	0.516700297830873	TRUE	TRUE	TRUE	TRUE	TRUE	higher_in_tumor	background_no_clear_paired_difference	no_public_negative_control_or_extraction_blank	unresolved_low_biomass_FFPE_reagent_or_oral_carryover	not_run_no_blank_and_no_DNA_concentration	taxonomic_ecology_only_16S_function_potential_not_computed	FALSE	PRJNA766558_FFPE_tissue_21_pairs
O__Gaiellales_unclassified	0.2	21	0.404761904761905	0.428571428571429	0.380952380952381	5	4	1	0.412051695108028	0.580842789616004	0.281385281385281	0.266032910913184	0	1000	1000	-0.253097887279073	1.70124950950246	0.853	0.408416722387846	1	0.377248654949243	0.735295614559528	0.236486639872485	0.742042792714856	0.257670884812405	TRUE	TRUE	TRUE	TRUE	TRUE	higher_in_tumor	background_no_clear_paired_difference	no_public_negative_control_or_extraction_blank	unresolved_low_biomass_FFPE_reagent_or_oral_carryover	not_run_no_blank_and_no_DNA_concentration	taxonomic_ecology_only_16S_function_potential_not_computed	FALSE	PRJNA766558_FFPE_tissue_21_pairs
g__Gemmatimonas	0.2	21	0.333333333333333	0.333333333333333	0.333333333333333	3	3	1	0.412051695108028	0.473985356467722	0.281385281385281	0.266032910913184	0	1000	1000	-0.253097887279073	0.922956069407257	0.751	0.408416722387846	1	0.377248654949243	0.516654042651062	0.789024263845684	0.414628376610104	0.257670884812405	TRUE	TRUE	TRUE	TRUE	TRUE	higher_in_tumor	background_no_clear_paired_difference	no_public_negative_control_or_extraction_blank	unresolved_low_biomass_FFPE_reagent_or_oral_carryover	not_run_no_blank_and_no_DNA_concentration	taxonomic_ecology_only_16S_function_potential_not_computed	FALSE	PRJNA766558_FFPE_tissue_21_pairs
g__Brevundimonas	0.2	21	0.714285714285714	0.666666666666667	0.761904761904762	2	4	0.6875	-0.367166562165667	-0.5435437541988	-0.264069264069264	0.297073591495103	0	1000	1000	-1.86672786140058	0.480233632787028	0.879	0.443575636615975	1	-0.519261021978715	-0.33944947601614	-0.490359058735894	-0.804694156398408	-0.444734501210714	TRUE	TRUE	TRUE	TRUE	TRUE	lower_in_tumor	background_no_clear_paired_difference	no_public_negative_control_or_extraction_blank	unresolved_low_biomass_FFPE_reagent_or_oral_carryover	not_run_no_blank_and_no_DNA_concentration	taxonomic_ecology_only_16S_function_potential_not_computed	FALSE	PRJNA766558_FFPE_tissue_21_pairs
g__Chryseobacterium	0.2	21	0.80952380952381	0.761904761904762	0.857142857142857	3	5	0.7265625	-0.558996967728328	-0.533379752914766	-0.264069264069264	0.297073591495103	-0.000269609663019115	1000	1000	-1.88273260125887	0.544151943549882	0.879	0.443575636615975	1	-0.642574150530455	-0.522060371148078	-0.913735302795215	-0.940178868651468	-0.647725865686092	TRUE	TRUE	TRUE	TRUE	TRUE	lower_in_tumor	background_no_clear_paired_difference	no_public_negative_control_or_extraction_blank	unresolved_low_biomass_FFPE_reagent_or_oral_carryover	not_run_no_blank_and_no_DNA_concentration	taxonomic_ecology_only_16S_function_potential_not_computed	FALSE	PRJNA766558_FFPE_tissue_21_pairs
g__Finegoldia	0.2	21	0.523809523809524	0.428571428571429	0.619047619047619	4	8	0.3876953125	-1.1905145697059	-0.523497113677711	-0.255411255411255	0.313467976829381	-0.000165931039060167	1000	1000	-2.01425962427592	0.21596022154272	0.951	0.461729857762196	0.812669020432692	-1.07056150775288	-1.26193036457616	-1.15794697084063	-0.918064328238896	-1.17436821047248	TRUE	TRUE	TRUE	TRUE	TRUE	lower_in_tumor	background_no_clear_paired_difference	no_public_negative_control_or_extraction_blank	unresolved_low_biomass_FFPE_reagent_or_oral_carryover	not_run_no_blank_and_no_DNA_concentration	taxonomic_ecology_only_16S_function_potential_not_computed	FALSE	PRJNA766558_FFPE_tissue_21_pairs
F__Sphingomonadaceae_unclassified	0.2	21	0.285714285714286	0.333333333333333	0.238095238095238	5	3	0.7265625	0.435490967399571	0.470205028876556	0.246753246753247	0.330446855226744	0	1000	1000	-0.618378655881082	1.20461620059228	0.742	0.480249429596201	1	0.377248654949243		0.591624055033605	-0.377708641304962	0.375937866952121	FALSE	FALSE	TRUE	FALSE	TRUE	higher_in_tumor	background_no_clear_paired_difference	no_public_negative_control_or_extraction_blank	unresolved_low_biomass_FFPE_reagent_or_oral_carryover	not_run_no_blank_and_no_DNA_concentration	taxonomic_ecology_only_16S_function_potential_not_computed	FALSE	PRJNA766558_FFPE_tissue_21_pairs
F__Blastocatellaceae_unclassified	0.2	21	0.214285714285714	0.238095238095238	0.19047619047619	3	2	1	0.377656293126385	0.297789471281213	0.238095238095238	0.348009836629725	0	1000	1000	-0.307682539447422	0.736099231933864	0.752	0.49911937095579	1	0.377248654949243		0.6753788236435		0.257670884812405	FALSE	FALSE	TRUE	FALSE	TRUE	higher_in_tumor	background_no_clear_paired_difference	no_public_negative_control_or_extraction_blank	unresolved_low_biomass_FFPE_reagent_or_oral_carryover	not_run_no_blank_and_no_DNA_concentration	taxonomic_ecology_only_16S_function_potential_not_computed	FALSE	PRJNA766558_FFPE_tissue_21_pairs
O__Clostridia vadinBB60 group_unclassified	0.2	21	0.30952380952381	0.380952380952381	0.238095238095238	6	3	0.5078125	0.615505803124969	0.664311517795116	0.229437229437229	0.366155082994769	0	1000	1000	-0.618378655881082	1.20461620059228	0.736	0.511678257005511	0.87859623015873	0.409366948970575	0.816942801145292	0.728165875631609	1.04802373392052	0.516700297830873	TRUE	TRUE	TRUE	TRUE	TRUE	higher_in_tumor	background_no_clear_paired_difference	no_public_negative_control_or_extraction_blank	unresolved_low_biomass_FFPE_reagent_or_oral_carryover	not_run_no_blank_and_no_DNA_concentration	taxonomic_ecology_only_16S_function_potential_not_computed	FALSE	PRJNA766558_FFPE_tissue_21_pairs
g__Rubrobacter	0.2	21	0.571428571428571	0.476190476190476	0.666666666666667	3	7	0.34375	-0.358909946865547	-0.458043301859016	-0.229437229437229	0.366155082994769	0	1000	1000	-2.1626796293942	0.572293319347376	0.882	0.511678257005511	0.780598958333334	-0.455921124964469	-0.378271274426526	-0.462288054716597	-0.177561360996661	-0.390731209376096	TRUE	TRUE	TRUE	TRUE	TRUE	lower_in_tumor	background_no_clear_paired_difference	no_public_negative_control_or_extraction_blank	unresolved_low_biomass_FFPE_reagent_or_oral_carryover	not_run_no_blank_and_no_DNA_concentration	taxonomic_ecology_only_16S_function_potential_not_computed	FALSE	PRJNA766558_FFPE_tissue_21_pairs
F__Comamonadaceae_unclassified	0.2	21	0.404761904761905	0.333333333333333	0.476190476190476	3	6	0.5078125	-0.114189105325803	-0.271856465186625	-0.220779220779221	0.384879266166369	0	1000	1000	-0.741293948463035	0.443005634082328	0.726	0.524398000151678	0.87859623015873	-0.200702776288941	0.199333767730828	1.08572720494678	1.636601348498	-0.207652251317511	FALSE	FALSE	FALSE	FALSE	TRUE	lower_in_tumor	background_no_clear_paired_difference	no_public_negative_control_or_extraction_blank	unresolved_low_biomass_FFPE_reagent_or_oral_carryover	not_run_no_blank_and_no_DNA_concentration	taxonomic_ecology_only_16S_function_potential_not_computed	FALSE	PRJNA766558_FFPE_tissue_21_pairs
F__Fusobacteriaceae_unclassified	0.2	21	0.261904761904762	0.285714285714286	0.238095238095238	6	5	1	0.156691015617032	0.212445521588445	0.220779220779221	0.384879266166369	0	1000	1000	-0.359942650004394	0.790929749220688	0.754	0.524398000151678	1	0.161874394696073				0.131400982229214	FALSE	FALSE	FALSE	FALSE	TRUE	higher_in_tumor	background_no_clear_paired_difference	no_public_negative_control_or_extraction_blank	unresolved_low_biomass_FFPE_reagent_or_oral_carryover	not_run_no_blank_and_no_DNA_concentration	taxonomic_ecology_only_16S_function_potential_not_computed	FALSE	PRJNA766558_FFPE_tissue_21_pairs
g__Clostridium	0.2	21	0.571428571428571	0.428571428571429	0.714285714285714	2	8	0.109375	0.469908659701367	-0.373772295452745	-0.212121212121212	0.404177531667261	0	1000	1000	-1.7823894696734	0.922956069407257	0.594	0.530787360864235	0.384576612903226	-0.12743884823959	0.733145325144526	0.366530551850316	-0.731778523143913	0.438087397190818	FALSE	FALSE	TRUE	FALSE	TRUE	higher_in_tumor	background_no_clear_paired_difference	no_public_negative_control_or_extraction_blank	unresolved_low_biomass_FFPE_reagent_or_oral_carryover	not_run_no_blank_and_no_DNA_concentration	taxonomic_ecology_only_16S_function_potential_not_computed	FALSE	PRJNA766558_FFPE_tissue_21_pairs
g__Family XIII UCG-001	0.2	21	0.238095238095238	0.238095238095238	0.238095238095238	5	5	1	0.506949931381716	0.421898703770779	0.212121212121212	0.404177531667261	0	1000	1000	-0.359942650004394	1.04288889921048	0.759	0.530787360864235	1	0.0773652077020985		0.403571823530666	0.694641498014609	0.475128668871167	FALSE	TRUE	TRUE	TRUE	TRUE	higher_in_tumor	background_no_clear_paired_difference	no_public_negative_control_or_extraction_blank	unresolved_low_biomass_FFPE_reagent_or_oral_carryover	not_run_no_blank_and_no_DNA_concentration	taxonomic_ecology_only_16S_function_potential_not_computed	FALSE	PRJNA766558_FFPE_tissue_21_pairs
g__Lachnoclostridium	0.2	21	0.333333333333333	0.285714285714286	0.380952380952381	6	8	0.79052734375	-0.253097887279073	-0.565854634345202	-0.212121212121212	0.404177531667261	0	1000	1000	-3.47149308526518	0.841322339701634	0.586	0.530787360864235	1	-0.200702776288941	-0.378271274426526	0.0119452947627026		-0.284732717269481	TRUE	FALSE	FALSE	FALSE	TRUE	lower_in_tumor	background_no_clear_paired_difference	no_public_negative_control_or_extraction_blank	unresolved_low_biomass_FFPE_reagent_or_oral_carryover	not_run_no_blank_and_no_DNA_concentration	taxonomic_ecology_only_16S_function_potential_not_computed	FALSE	PRJNA766558_FFPE_tissue_21_pairs
g__Pseudoleptotrichia	0.2	21	0.238095238095238	0.238095238095238	0.238095238095238	4	4	1	0.156691015617032	0.317261043213567	0.203463203463203	0.424043468819015	0	1000	1000	-0.359942650004394	0.94851023174027	0.598	0.550246882158007	1	0.140061347695979		0.236486639872485	0.585877434843582	0.0269573780565751	FALSE	TRUE	TRUE	TRUE	TRUE	higher_in_tumor	background_no_clear_paired_difference	no_public_negative_control_or_extraction_blank	unresolved_low_biomass_FFPE_reagent_or_oral_carryover	not_run_no_blank_and_no_DNA_concentration	taxonomic_ecology_only_16S_function_potential_not_computed	FALSE	PRJNA766558_FFPE_tissue_21_pairs
g__Hyphomicrobium	0.2	21	0.523809523809524	0.571428571428571	0.476190476190476	6	4	0.75390625	0.156691015617032	0.563154898966507	0.186147186147186	0.46544480240228	0	1000	1000	-1.35164111256067	2.52446546230402	0.611	0.596864511315865	1	0.0710662203635311	0.220570889584472	0.180930412143511	0.742042792714856	0.0269573780565751	TRUE	TRUE	TRUE	TRUE	TRUE	higher_in_tumor	background_no_clear_paired_difference	no_public_negative_control_or_extraction_blank	unresolved_low_biomass_FFPE_reagent_or_oral_carryover	not_run_no_blank_and_no_DNA_concentration	taxonomic_ecology_only_16S_function_potential_not_computed	FALSE	PRJNA766558_FFPE_tissue_21_pairs
g__Sphingobacterium	0.2	21	0.357142857142857	0.285714285714286	0.428571428571429	3	6	0.5078125	-0.0678199896836627	-0.205674732592425	-0.177489177489178	0.486959423534473	0	1000	1000	-0.950474663464151	0.412051695108028	0.875	0.617192757735553	0.87859623015873	-0.200016385393586	-0.103060697951909	-0.100304695321406	-0.377708641304962	-0.260050899767876	TRUE	TRUE	TRUE	TRUE	TRUE	lower_in_tumor	background_no_clear_paired_difference	no_public_negative_control_or_extraction_blank	unresolved_low_biomass_FFPE_reagent_or_oral_carryover	not_run_no_blank_and_no_DNA_concentration	taxonomic_ecology_only_16S_function_potential_not_computed	FALSE	PRJNA766558_FFPE_tissue_21_pairs
g__Anaerococcus	0.2	21	0.285714285714286	0.19047619047619	0.380952380952381	2	6	0.2890625	0.0560763916667115	-0.303003487558374	-0.168831168831169	0.509000155817716	0	1000	1000	-1.14693142008222	0.615505803124969	0.598	0.637712838898057	0.684952445652174	0.140061347695979		0.214290855952141	-0.0655350689754299	-0.0586076782153837	FALSE	FALSE	TRUE	FALSE	FALSE	higher_in_tumor	background_no_clear_paired_difference	no_public_negative_control_or_extraction_blank	unresolved_low_biomass_FFPE_reagent_or_oral_carryover	not_run_no_blank_and_no_DNA_concentration	taxonomic_ecology_only_16S_function_potential_not_computed	FALSE	PRJNA766558_FFPE_tissue_21_pairs
g__Bifidobacterium	0.2	21	0.238095238095238	0.285714285714286	0.19047619047619	5	3	0.7265625	-0.00239176281818843	0.591710864776496	0.16017316017316	0.531552605390919	0	1000	1000	-0.359942650004394	0.922956069407257	0.593	0.658400386222843	1	0.0773652077020985		0.189603300625529	0.316875966066063	-0.100690750295803	FALSE	FALSE	FALSE	FALSE	TRUE	lower_in_tumor	background_no_clear_paired_difference	no_public_negative_control_or_extraction_blank	unresolved_low_biomass_FFPE_reagent_or_oral_carryover	not_run_no_blank_and_no_DNA_concentration	taxonomic_ecology_only_16S_function_potential_not_computed	FALSE	PRJNA766558_FFPE_tissue_21_pairs
g__Neomicrococcus	0.2	21	0.214285714285714	0.19047619047619	0.238095238095238	4	5	1	-0.307682539447422	-0.152086010100219	-0.125541125541126	0.62653679139623	0	1000	1000	-0.972872609922466	0.615505803124969	0.741	0.767331575979652	1	-0.296902540435853		-0.395806918793735	-0.462783658516438	-0.3848057768694	FALSE	TRUE	TRUE	TRUE	TRUE	lower_in_tumor	background_no_clear_paired_difference	no_public_negative_control_or_extraction_blank	unresolved_low_biomass_FFPE_reagent_or_oral_carryover	not_run_no_blank_and_no_DNA_concentration	taxonomic_ecology_only_16S_function_potential_not_computed	FALSE	PRJNA766558_FFPE_tissue_21_pairs
g__Planococcus	0.2	21	0.333333333333333	0.285714285714286	0.380952380952381	4	6	0.75390625	0.156691015617032	-0.219643645680723	-0.116883116883117	0.651377443219413	0	1000	1000	-1.40629482811553	0.841322339701634	0.592	0.780221333086989	1	-0.0903975765592411	0.0737744135340828	-0.395806918793735	-0.0655350689754299	0.0269573780565751	FALSE	FALSE	FALSE	FALSE	TRUE	higher_in_tumor	background_no_clear_paired_difference	no_public_negative_control_or_extraction_blank	unresolved_low_biomass_FFPE_reagent_or_oral_carryover	not_run_no_blank_and_no_DNA_concentration	taxonomic_ecology_only_16S_function_potential_not_computed	FALSE	PRJNA766558_FFPE_tissue_21_pairs
g__Sphingobium	0.2	21	0.214285714285714	0.238095238095238	0.19047619047619	4	3	1	-0.00239176281818843	0.2351100796308	0.116883116883117	0.651377443219413	0	1000	1000	-0.444258074453173	0.925954390152335	0.601	0.780221333086989	1	0.140061347695979		0.236486639872485	0.414628376610104	-0.100690750295803	FALSE	FALSE	FALSE	FALSE	TRUE	lower_in_tumor	background_no_clear_paired_difference	no_public_negative_control_or_extraction_blank	unresolved_low_biomass_FFPE_reagent_or_oral_carryover	not_run_no_blank_and_no_DNA_concentration	taxonomic_ecology_only_16S_function_potential_not_computed	FALSE	PRJNA766558_FFPE_tissue_21_pairs
g__Fenollaria	0.2	21	0.214285714285714	0.142857142857143	0.285714285714286	2	5	0.453125	-0.253097887279073	-0.295767139453934	-0.108225108225108	0.67661126279812	0	1000	1000	-0.618378655881082	0.736099231933864	0.765	0.793017501559087	0.87859623015873	-0.200702776288941		0.0119452947627026	-0.538574706533992	-0.284732717269481	FALSE	FALSE	FALSE	TRUE	TRUE	lower_in_tumor	background_no_clear_paired_difference	no_public_negative_control_or_extraction_blank	unresolved_low_biomass_FFPE_reagent_or_oral_carryover	not_run_no_blank_and_no_DNA_concentration	taxonomic_ecology_only_16S_function_potential_not_computed	FALSE	PRJNA766558_FFPE_tissue_21_pairs
g__Pannonibacter	0.2	21	0.261904761904762	0.238095238095238	0.285714285714286	3	4	1	0.412051695108028	-0.0393316160631522	0.108225108225108	0.67661126279812	0	1000	1000	-0.428374517659006	0.841322339701634	0.871	0.793017501559087	1	0.161874394696073		0.45990188903693	0.414628376610104	0.257670884812405	FALSE	TRUE	TRUE	TRUE	TRUE	higher_in_tumor	background_no_clear_paired_difference	no_public_negative_control_or_extraction_blank	unresolved_low_biomass_FFPE_reagent_or_oral_carryover	not_run_no_blank_and_no_DNA_concentration	taxonomic_ecology_only_16S_function_potential_not_computed	FALSE	PRJNA766558_FFPE_tissue_21_pairs
C__Bacilli_unclassified	0.2	21	0.285714285714286	0.238095238095238	0.333333333333333	3	5	0.7265625	-0.00239176281818843	-0.114191701968599	-0.0995670995670996	0.7022135275105	0	1000	1000	-0.903021249844837	0.572293319347376	0.568	0.814268877645154	1	0.0710662203635311		0.180930412143511		0.0269573780565751	FALSE	FALSE	FALSE	FALSE	FALSE	lower_in_tumor	background_no_clear_paired_difference	no_public_negative_control_or_extraction_blank	unresolved_low_biomass_FFPE_reagent_or_oral_carryover	not_run_no_blank_and_no_DNA_concentration	taxonomic_ecology_only_16S_function_potential_not_computed	FALSE	PRJNA766558_FFPE_tissue_21_pairs
O__Clostridia UCG-014_unclassified	0.2	21	0.357142857142857	0.380952380952381	0.333333333333333	6	5	1	0.156691015617032	0.142482812167886	0.0909090909090909	0.728158257653175	0	1000	1000	-0.530156935633117	2.12940458765256	0.604	0.826763021710376	1	0.140061347695979	0.253283895236954	0.236486639872485	-1.25845637824799	0.0269573780565751	TRUE	FALSE	TRUE	FALSE	TRUE	higher_in_tumor	background_no_clear_paired_difference	no_public_negative_control_or_extraction_blank	unresolved_low_biomass_FFPE_reagent_or_oral_carryover	not_run_no_blank_and_no_DNA_concentration	taxonomic_ecology_only_16S_function_potential_not_computed	FALSE	PRJNA766558_FFPE_tissue_21_pairs
g__Mycobacterium	0.2	21	0.476190476190476	0.428571428571429	0.523809523809524	3	5	0.7265625	-0.00239176281818843	0.229536367335551	0.0909090909090909	0.728158257653175	0	1000	1000	-0.761268939270233	1.04288889921048	0.604	0.826763021710376	1	0.140061347695979	0.253283895236954	0.236486639872485	0.37034245656874	-0.12019899680097	FALSE	FALSE	FALSE	FALSE	TRUE	lower_in_tumor	background_no_clear_paired_difference	no_public_negative_control_or_extraction_blank	unresolved_low_biomass_FFPE_reagent_or_oral_carryover	not_run_no_blank_and_no_DNA_concentration	taxonomic_ecology_only_16S_function_potential_not_computed	FALSE	PRJNA766558_FFPE_tissue_21_pairs
g__CL500-29 marine group	0.2	21	0.30952380952381	0.285714285714286	0.333333333333333	1	2	1	-0.00239176281818843	0.241916679437428	0.0822510822510823	0.754418293600069	0	1000	1000	-0.612342948433621	0.736099231933864	0.584	0.83909789798375	1	0.0710662203635311	0.0737744135340828	0.180930412143511	0.694641498014609	-0.12019899680097	FALSE	FALSE	FALSE	FALSE	TRUE	lower_in_tumor	background_no_clear_paired_difference	no_public_negative_control_or_extraction_blank	unresolved_low_biomass_FFPE_reagent_or_oral_carryover	not_run_no_blank_and_no_DNA_concentration	taxonomic_ecology_only_16S_function_potential_not_computed	FALSE	PRJNA766558_FFPE_tissue_21_pairs
g__Helicobacter	0.2	21	0.357142857142857	0.380952380952381	0.333333333333333	5	4	1	0.156691015617032	0.143502465839135	0.0822510822510823	0.754418293600069	0	1000	1000	-0.359942650004394	0.922956069407257	0.592	0.83909789798375	1	0.140061347695979	0.0737744135340828	0.236486639872485	0.414628376610104	0.0269573780565751	TRUE	TRUE	TRUE	TRUE	TRUE	higher_in_tumor	background_no_clear_paired_difference	no_public_negative_control_or_extraction_blank	unresolved_low_biomass_FFPE_reagent_or_oral_carryover	not_run_no_blank_and_no_DNA_concentration	taxonomic_ecology_only_16S_function_potential_not_computed	FALSE	PRJNA766558_FFPE_tissue_21_pairs
g__Micrococcus	0.2	21	0.595238095238095	0.619047619047619	0.571428571428571	6	5	1	0.112015925305523	0.179029900798461	0.0562770562770563	0.834802747504781	0	1000	1000	-0.500690579080667	0.841322339701634	0.58	0.909934994780211	1	0.0195025717506057	-0.0131574618419288	0.0152595051194226	-0.0655350689754299	0.0803810953151158	FALSE	FALSE	TRUE	FALSE	TRUE	higher_in_tumor	background_no_clear_paired_difference	no_public_negative_control_or_extraction_blank	unresolved_low_biomass_FFPE_reagent_or_oral_carryover	not_run_no_blank_and_no_DNA_concentration	taxonomic_ecology_only_16S_function_potential_not_computed	FALSE	PRJNA766558_FFPE_tissue_21_pairs
g__Rikenellaceae RC9 gut group	0.2	21	0.285714285714286	0.285714285714286	0.285714285714286	6	6	1	-0.0678199896836627	0.60958165639027	0.0562770562770563	0.834802747504781	0	1000	1000	-0.972872609922466	0.922956069407257	0.574	0.909934994780211	1	0.0773652077020985		0.189603300625529	0.405167246048904	-0.100690750295803	FALSE	FALSE	FALSE	FALSE	TRUE	lower_in_tumor	background_no_clear_paired_difference	no_public_negative_control_or_extraction_blank	unresolved_low_biomass_FFPE_reagent_or_oral_carryover	not_run_no_blank_and_no_DNA_concentration	taxonomic_ecology_only_16S_function_potential_not_computed	FALSE	PRJNA766558_FFPE_tissue_21_pairs
g__Agathobacter	0.2	21	0.285714285714286	0.285714285714286	0.285714285714286	6	6	1	-0.00239176281818843	0.174111875040265	0.038961038961039	0.889425968658704	0	1000	1000	-1.14693142008222	0.922956069407257	0.584	0.950465005723517	1	0.140061347695979		0.236486639872485		-0.12019899680097	FALSE	FALSE	FALSE	FALSE	TRUE	lower_in_tumor	background_no_clear_paired_difference	no_public_negative_control_or_extraction_blank	unresolved_low_biomass_FFPE_reagent_or_oral_carryover	not_run_no_blank_and_no_DNA_concentration	taxonomic_ecology_only_16S_function_potential_not_computed	FALSE	PRJNA766558_FFPE_tissue_21_pairs
g__Metamycoplasma	0.2	21	0.404761904761905	0.333333333333333	0.476190476190476	3	6	0.5078125	-0.00239176281818843	-0.0406717030238286	-0.038961038961039	0.889425968658704	0	1000	1000	-0.950474663464151	0.736099231933864	0.573	0.950465005723517	0.87859623015873	-0.0903975765592413	0.253283895236954	-0.276758393702324	-0.425607228209294	-0.12019899680097	FALSE	TRUE	TRUE	TRUE	TRUE	lower_in_tumor	background_no_clear_paired_difference	no_public_negative_control_or_extraction_blank	unresolved_low_biomass_FFPE_reagent_or_oral_carryover	not_run_no_blank_and_no_DNA_concentration	taxonomic_ecology_only_16S_function_potential_not_computed	FALSE	PRJNA766558_FFPE_tissue_21_pairs
g__Malacoplasma	0.2	21	0.357142857142857	0.285714285714286	0.428571428571429	4	7	0.548828125	-0.253097887279073	0.0632208541347355	0.0303030303030303	0.91695274372118	0	1000	1000	-0.950474663464151	0.922956069407257	0.579	0.961037010246237	0.879739200367648	-0.270611119235195	-0.363316674108581	-0.490359058735894	0.350981534186112	-0.284732717269481	TRUE	FALSE	TRUE	FALSE	TRUE	lower_in_tumor	background_no_clear_paired_difference	no_public_negative_control_or_extraction_blank	unresolved_low_biomass_FFPE_reagent_or_oral_carryover	not_run_no_blank_and_no_DNA_concentration	taxonomic_ecology_only_16S_function_potential_not_computed	FALSE	PRJNA766558_FFPE_tissue_21_pairs
g__Peptoniphilus	0.2	21	0.214285714285714	0.19047619047619	0.238095238095238	3	4	1	-0.0678199896836627	0.134911063979892	0.0303030303030303	0.91695274372118	0	1000	1000	-0.950474663464151	0.615505803124969	0.626	0.961037010246237	1	-0.0903975765592411		0.180930412143511	-0.00589742619698797	-0.100690750295803	FALSE	FALSE	FALSE	TRUE	TRUE	lower_in_tumor	background_no_clear_paired_difference	no_public_negative_control_or_extraction_blank	unresolved_low_biomass_FFPE_reagent_or_oral_carryover	not_run_no_blank_and_no_DNA_concentration	taxonomic_ecology_only_16S_function_potential_not_computed	FALSE	PRJNA766558_FFPE_tissue_21_pairs
g__Hymenobacter	0.2	21	0.30952380952381	0.238095238095238	0.380952380952381	4	7	0.548828125	-0.00239176281818843	-0.148153914061567	-0.0216450216450216	0.944579454524858	0	1000	1000	-0.66092768069383	0.841322339701634	0.605	0.971312835313298	0.879739200367648	0.139056348776788	0.0737744135340828	0.236486639872485	0.350981534186112	-0.12019899680097	FALSE	FALSE	FALSE	FALSE	TRUE	lower_in_tumor	background_no_clear_paired_difference	no_public_negative_control_or_extraction_blank	unresolved_low_biomass_FFPE_reagent_or_oral_carryover	not_run_no_blank_and_no_DNA_concentration	taxonomic_ecology_only_16S_function_potential_not_computed	FALSE	PRJNA766558_FFPE_tissue_21_pairs
g__Methylobacterium	0.2	21	0.30952380952381	0.285714285714286	0.333333333333333	3	4	1	0.103756061552116	-0.158677002582392	-0.0216450216450216	0.944579454524858	0	1000	1000	-0.816580990405623	0.615505803124969	0.599	0.971312835313298	1	-0.0224656947340924	0.0737744135340828	0.261970525837546	-0.425607228209294	-0.0109280083299792	FALSE	FALSE	TRUE	FALSE	FALSE	higher_in_tumor	background_no_clear_paired_difference	no_public_negative_control_or_extraction_blank	unresolved_low_biomass_FFPE_reagent_or_oral_carryover	not_run_no_blank_and_no_DNA_concentration	taxonomic_ecology_only_16S_function_potential_not_computed	FALSE	PRJNA766558_FFPE_tissue_21_pairs
g__Cloacibacterium	0.2	21	0.285714285714286	0.238095238095238	0.333333333333333	5	7	0.7744140625	-0.307682539447422	0.123228294914522	0.012987012987013	0.972272990639196	0	1000	1000	-1.61182967525229	0.94851023174027	0.744	0.990446317567031	1	-0.308421455705982		-0.490359058735894	-0.0655350689754299	-0.396411437405186	FALSE	TRUE	TRUE	TRUE	TRUE	lower_in_tumor	background_no_clear_paired_difference	no_public_negative_control_or_extraction_blank	unresolved_low_biomass_FFPE_reagent_or_oral_carryover	not_run_no_blank_and_no_DNA_concentration	taxonomic_ecology_only_16S_function_potential_not_computed	FALSE	PRJNA766558_FFPE_tissue_21_pairs
F__Gemmatimonadaceae_unclassified	0.2	21	0.523809523809524	0.476190476190476	0.571428571428571	3	5	0.7265625	0.156691015617032	0.0169221282672128	0.00432900432900433	1	0	1000	1000	-1.15498039983463	1.04288889921048	0.606	1	1	0.140061347695979	0.211124186780146	0.236486639872485	-0.74240246854891	0.0269573780565751	TRUE	FALSE	TRUE	FALSE	TRUE	higher_in_tumor	background_no_clear_paired_difference	no_public_negative_control_or_extraction_blank	unresolved_low_biomass_FFPE_reagent_or_oral_carryover	not_run_no_blank_and_no_DNA_concentration	taxonomic_ecology_only_16S_function_potential_not_computed	FALSE	PRJNA766558_FFPE_tissue_21_pairs
g__Rhodococcus	0.2	21	0.238095238095238	0.238095238095238	0.238095238095238	3	3	1	-0.253097887279073	0.170660429559772	-0.00432900432900433	1	0	1000	1000	-0.618378655881082	0.615505803124969	0.747	1	1	-0.296902540435853		-0.334058218595128		-0.284732717269481	FALSE	FALSE	TRUE	FALSE	TRUE	lower_in_tumor	background_no_clear_paired_difference	no_public_negative_control_or_extraction_blank	unresolved_low_biomass_FFPE_reagent_or_oral_carryover	not_run_no_blank_and_no_DNA_concentration	taxonomic_ecology_only_16S_function_potential_not_computed	FALSE	PRJNA766558_FFPE_tissue_21_pairs
O__Burkholderiales_unclassified	0.2	21	0.571428571428571	0.714285714285714	0.428571428571429	8	2	0.109375	0.844906097569016	1.21799506534753	0.887445887445887	0.000392195786835362	0.000142053998408477	1000	1000	0.572293319347376	1.88273868059207	1	0.010762223014463	0.384576612903226	0.987359208083183	1.10058175562416	0.189603300625529		0.810221564551924	TRUE	FALSE	TRUE	FALSE	TRUE	higher_in_tumor	directional_exploratory_no_blank	no_public_negative_control_or_extraction_blank	unresolved_low_biomass_FFPE_reagent_or_oral_carryover	not_run_no_blank_and_no_DNA_concentration	taxonomic_ecology_only_16S_function_potential_not_computed	FALSE	PRJNA766558_FFPE_tissue_21_pairs
O__Enterobacterales_unclassified	0.2	21	0.30952380952381	0.142857142857143	0.476190476190476	3	10	0.09228515625	-0.972872609922466	-1.07992575813953	-0.601731601731602	0.0164723650109698	0	1000	1000	-2.04908695213226	-0.00239176281818843	0.985	0.0854994183902719	0.3592529296875	-0.830344208411315	-1.18320234603701	-1.15016818929858		-1.10542776853675	TRUE	FALSE	TRUE	FALSE	TRUE	lower_in_tumor	directional_exploratory_no_blank	no_public_negative_control_or_extraction_blank	unresolved_low_biomass_FFPE_reagent_or_oral_carryover	not_run_no_blank_and_no_DNA_concentration	taxonomic_ecology_only_16S_function_potential_not_computed	FALSE	PRJNA766558_FFPE_tissue_21_pairs
O__Lactobacillales_unclassified	0.2	21	0.428571428571429	0.523809523809524	0.333333333333333	6	2	0.2890625	0.670237771009103	0.468806341136009	0.567099567099567	0.0238680092946278	0	1000	1000	0.101212371353066	0.922956069407257	0.983	0.104064520524577	0.684952445652174	0.478834184969548	0.767465230246987	0.00042199860829073		0.686384130242522	TRUE	FALSE	TRUE	FALSE	TRUE	higher_in_tumor	directional_exploratory_no_blank	no_public_negative_control_or_extraction_blank	unresolved_low_biomass_FFPE_reagent_or_oral_carryover	not_run_no_blank_and_no_DNA_concentration	taxonomic_ecology_only_16S_function_potential_not_computed	FALSE	PRJNA766558_FFPE_tissue_21_pairs
F__P5D1-392_unclassified	0.2	21	0.476190476190476	0.523809523809524	0.428571428571429	8	6	0.79052734375	0.736099231933864	1.16797511235918	0.506493506493507	0.0438058634825379	0	1000	1000	-0.307682539447422	2.76309740324016	0.752	0.149213722487395	1	0.652863370161001	0.944272245399242	0.608253229932216	-0.43693102789432	0.778835546406552	TRUE	FALSE	TRUE	FALSE	TRUE	higher_in_tumor	directional_exploratory_no_blank	no_public_negative_control_or_extraction_blank	unresolved_low_biomass_FFPE_reagent_or_oral_carryover	not_run_no_blank_and_no_DNA_concentration	taxonomic_ecology_only_16S_function_potential_not_computed	FALSE	PRJNA766558_FFPE_tissue_21_pairs
F__Prevotellaceae_unclassified	0.2	21	0.714285714285714	0.80952380952381	0.619047619047619	5	1	0.21875	0.37592352803611	1.56649764673688	0.445887445887446	0.076288354527471	0.00100425590508455	1000	1000	-0.259628225081315	3.03143625912458	0.603	0.19338210798824	0.587983630952381	0.0773652077020985	0.614560195023971	0.41903441094362	0.817950716468541	0.401320598341155	TRUE	TRUE	TRUE	TRUE	TRUE	higher_in_tumor	directional_exploratory_no_blank	no_public_negative_control_or_extraction_blank	unresolved_low_biomass_FFPE_reagent_or_oral_carryover	not_run_no_blank_and_no_DNA_concentration	taxonomic_ecology_only_16S_function_potential_not_computed	FALSE	PRJNA766558_FFPE_tissue_21_pairs
g__Catonella	0.2	21	0.285714285714286	0.380952380952381	0.19047619047619	7	3	0.34375	0.736099231933864	1.35020758925587	0.428571428571429	0.088544706688393	0	1000	1000	-0.359942650004394	2.4084166414072	0.737	0.209812457152931	0.780598958333334	0.652863370161001		0.870580169584642	0.694641498014609	0.778835546406552	FALSE	TRUE	TRUE	TRUE	TRUE	higher_in_tumor	directional_exploratory_no_blank	no_public_negative_control_or_extraction_blank	unresolved_low_biomass_FFPE_reagent_or_oral_carryover	not_run_no_blank_and_no_DNA_concentration	taxonomic_ecology_only_16S_function_potential_not_computed	FALSE	PRJNA766558_FFPE_tissue_21_pairs
g__Roseburia	0.2	21	0.285714285714286	0.142857142857143	0.428571428571429	2	8	0.109375	-0.428374517659006	-1.15764357014091	-0.428571428571429	0.088544706688393	0	1000	1000	-3.1988662175362	0.156691015617032	0.943	0.209812457152931	0.384576612903226	-0.308421455705982		-0.490359058735894	-2.4822318098701	-0.412228158425587	FALSE	TRUE	TRUE	TRUE	TRUE	lower_in_tumor	directional_exploratory_no_blank	no_public_negative_control_or_extraction_blank	unresolved_low_biomass_FFPE_reagent_or_oral_carryover	not_run_no_blank_and_no_DNA_concentration	taxonomic_ecology_only_16S_function_potential_not_computed	FALSE	PRJNA766558_FFPE_tissue_21_pairs
P__Pseudomonadota_unclassified	0.2	21	1	1	1	0	0	1	-0.928706371715012	-1.42096784834419	-0.852813852813853	0.000658619122626369	-0.0801338807868318	1000	1000	-1.97919146151082	-0.422606358934527	1	0.010762223014463	1	-1.13255343119058	-0.90765226247675	-0.973287677578785	-1.19845285280521		TRUE	TRUE	TRUE	TRUE	FALSE	lower_in_tumor	paired_clr_conditional_no_blank	no_public_negative_control_or_extraction_blank	unresolved_low_biomass_FFPE_reagent_or_oral_carryover	not_run_no_blank_and_no_DNA_concentration	taxonomic_ecology_only_16S_function_potential_not_computed	FALSE	PRJNA766558_FFPE_tissue_21_pairs
O__Rickettsiales_unclassified	0.2	21	0.642857142857143	0.333333333333333	0.952380952380952	1	14	0.0009765625	-3.8682078616107	-3.26826983172526	-0.835497835497836	0.000847689150586509	-0.0030671425384787	1000	1000	-5.48227238862359	-1.91712045188152	0.997	0.010762223014463	0.026611328125	-3.96008090349645	-3.55250505132173	-3.63113301493829	-3.03454224181819		TRUE	TRUE	TRUE	TRUE	FALSE	lower_in_tumor	paired_clr_conditional_no_blank	no_public_negative_control_or_extraction_blank	unresolved_low_biomass_FFPE_reagent_or_oral_carryover	not_run_no_blank_and_no_DNA_concentration	taxonomic_ecology_only_16S_function_potential_not_computed	FALSE	PRJNA766558_FFPE_tissue_21_pairs
g__[Eubacterium] ruminantium group	0.2	21	0.285714285714286	0.0476190476190476	0.523809523809524	0	10	0.001953125	-0.972872609922466	-2.42525543778539	-0.722943722943723	0.00391556730062004	0	1000	1000	-4.60831782995927	-0.253097887279073	0.996	0.0304854882691131	0.042578125	-0.830344208411315		-0.777635285042862	-3.2043665273033	-1.12488237594923	FALSE	TRUE	TRUE	TRUE	TRUE	lower_in_tumor	paired_clr_conditional_no_blank	no_public_negative_control_or_extraction_blank	unresolved_low_biomass_FFPE_reagent_or_oral_carryover	not_run_no_blank_and_no_DNA_concentration	taxonomic_ecology_only_16S_function_potential_not_computed	FALSE	PRJNA766558_FFPE_tissue_21_pairs
g__Faecalibacterium	0.2	21	0.238095238095238	0.428571428571429	0.0476190476190476	9	1	0.021484375	0.94851023174027	1.6422424106513	0.688311688311688	0.00603535517615519	0	1000	1000	0.156691015617032	2.76539335437255	0.994	0.0411158571375572	0.195149739583333	0.898595903274524		0.998307593346703	1.30675796809697	0.870942292695224	FALSE	TRUE	TRUE	TRUE	TRUE	higher_in_tumor	paired_clr_conditional_no_blank	no_public_negative_control_or_extraction_blank	unresolved_low_biomass_FFPE_reagent_or_oral_carryover	not_run_no_blank_and_no_DNA_concentration	taxonomic_ecology_only_16S_function_potential_not_computed	FALSE	PRJNA766558_FFPE_tissue_21_pairs
K__Bacteria_unclassified	0.2	21	1	1	1	0	0	1	-0.483531065515884	-0.980043217728034	-0.558441558441558	0.026115521593656	-0.0225656678141131	1000	1000	-1.82514555144808	-0.0956010697109528	0.995	0.109484302065712	1	-0.69294857765191	-0.41064675117062	-0.567906547615014	-1.15765752758078	-0.0062694205744469	TRUE	TRUE	TRUE	TRUE	TRUE	lower_in_tumor	paired_clr_conditional_no_blank	no_public_negative_control_or_extraction_blank	unresolved_low_biomass_FFPE_reagent_or_oral_carryover	not_run_no_blank_and_no_DNA_concentration	taxonomic_ecology_only_16S_function_potential_not_computed	FALSE	PRJNA766558_FFPE_tissue_21_pairs
g__Actinomyces	0.2	21	0.333333333333333	0.19047619047619	0.476190476190476	1	7	0.0703125	-0.428374517659006	-1.25824841000316	-0.54978354978355	0.0285436826589363	0	1000	1000	-2.87006750420209	-0.0678199896836627	0.979	0.115231904067558	0.333220108695652	-0.391259722249549	-0.636794661930678	-0.662420874514309	-1.98157135401953	-0.412228158425587	TRUE	TRUE	TRUE	TRUE	TRUE	lower_in_tumor	paired_clr_conditional_no_blank	no_public_negative_control_or_extraction_blank	unresolved_low_biomass_FFPE_reagent_or_oral_carryover	not_run_no_blank_and_no_DNA_concentration	taxonomic_ecology_only_16S_function_potential_not_computed	FALSE	PRJNA766558_FFPE_tissue_21_pairs
C__Alphaproteobacteria_unclassified	0.2	21	0.904761904761905	0.904761904761905	0.904761904761905	2	2	1	-1.63928862603273	-1.78736350524158	-0.541125541125541	0.0311638455366196	-0.0107380288460583	1000	1000	-4.53296426575115	-0.261863524511432	0.994	0.117133074603156	1	-1.84542748018712	-1.43785162801241	-1.38421425957305	-1.458641010768		TRUE	TRUE	TRUE	TRUE	FALSE	lower_in_tumor	paired_clr_conditional_no_blank	no_public_negative_control_or_extraction_blank	unresolved_low_biomass_FFPE_reagent_or_oral_carryover	not_run_no_blank_and_no_DNA_concentration	taxonomic_ecology_only_16S_function_potential_not_computed	FALSE	PRJNA766558_FFPE_tissue_21_pairs
O__Micrococcales_unclassified	0.2	21	0.214285714285714	0.0476190476190476	0.380952380952381	1	8	0.0390625	-0.48310648554314	-1.0825508887115	-0.541125541125541	0.0311638455366196	0	1000	1000	-1.40629482811553	-0.00239176281818843	0.979	0.117133074603156	0.250459558823529	-0.455921124964469		-0.460164191595652	-0.377708641304962	-0.581911990837236	FALSE	TRUE	TRUE	TRUE	TRUE	lower_in_tumor	paired_clr_conditional_no_blank	no_public_negative_control_or_extraction_blank	unresolved_low_biomass_FFPE_reagent_or_oral_carryover	not_run_no_blank_and_no_DNA_concentration	taxonomic_ecology_only_16S_function_potential_not_computed	FALSE	PRJNA766558_FFPE_tissue_21_pairs
g__Solobacterium	0.2	21	0.30952380952381	0.476190476190476	0.142857142857143	10	3	0.09228515625	1.20461620059228	1.45733914244213	0.532467532467532	0.0339877790771307	0	1000	1000	0.615505803124969	3.28363184113311	0.983	0.123488930646908	0.3592529296875	0.95859339643963	1.44325286758014	1.24772708349979	1.30675796809697	1.23001327089732	TRUE	TRUE	TRUE	TRUE	TRUE	higher_in_tumor	paired_clr_conditional_no_blank	no_public_negative_control_or_extraction_blank	unresolved_low_biomass_FFPE_reagent_or_oral_carryover	not_run_no_blank_and_no_DNA_concentration	taxonomic_ecology_only_16S_function_potential_not_computed	FALSE	PRJNA766558_FFPE_tissue_21_pairs
g__Mycoplasma	0.2	21	0.238095238095238	0.380952380952381	0.0952380952380952	7	1	0.0703125	0.841322339701634	1.17271733093184	0.515151515151515	0.0402960396094614	0	1000	1000	-0.00239176281818843	2.45286008043703	0.945	0.141686074755848	0.333220108695652	0.541363064984772		0.817445003967715	1.04802373392052	0.778835546406552	FALSE	TRUE	TRUE	TRUE	TRUE	higher_in_tumor	paired_clr_conditional_no_blank	no_public_negative_control_or_extraction_blank	unresolved_low_biomass_FFPE_reagent_or_oral_carryover	not_run_no_blank_and_no_DNA_concentration	taxonomic_ecology_only_16S_function_potential_not_computed	FALSE	PRJNA766558_FFPE_tissue_21_pairs
g__Agrobacterium	0.2	21	0.261904761904762	0.142857142857143	0.380952380952381	1	6	0.125	-0.422063518276328	-0.883874764916451	-0.489177489177489	0.0516033011039804	0	1000	1000	-1.14693142008222	-0.0678199896836627	0.997	0.165434112362761	0.400735294117647	-0.455921124964469		-0.490359058735894	-0.425607228209294	-0.396666447971283	FALSE	TRUE	TRUE	TRUE	TRUE	lower_in_tumor	paired_clr_conditional_no_blank	no_public_negative_control_or_extraction_blank	unresolved_low_biomass_FFPE_reagent_or_oral_carryover	not_run_no_blank_and_no_DNA_concentration	taxonomic_ecology_only_16S_function_potential_not_computed	FALSE	PRJNA766558_FFPE_tissue_21_pairs
g__Lentimicrobium	0.2	21	0.404761904761905	0.571428571428571	0.238095238095238	10	3	0.09228515625	1.04288889921048	1.62093590261273	0.489177489177489	0.0516033011039804	0.000113271663205588	1000	1000	-0.0678199896836627	3.96747850713068	0.945	0.165434112362761	0.3592529296875	0.95859339643963	1.21254068424003	0.998307593346703	0.694641498014609	0.998114247654524	TRUE	TRUE	TRUE	TRUE	TRUE	higher_in_tumor	paired_clr_conditional_no_blank	no_public_negative_control_or_extraction_blank	unresolved_low_biomass_FFPE_reagent_or_oral_carryover	not_run_no_blank_and_no_DNA_concentration	taxonomic_ecology_only_16S_function_potential_not_computed	FALSE	PRJNA766558_FFPE_tissue_21_pairs
g__Bergeyella	0.2	21	0.261904761904762	0.380952380952381	0.142857142857143	7	2	0.1796875	0.615505803124969	0.699734068322699	0.480519480519481	0.0559184385447842	0	1000	1000	-0.00239176281818843	0.94851023174027	0.951	0.16930860559393	0.515419407894737	0.478834184969548		0.817445003967715	1.04802373392052	0.484555536484874	FALSE	TRUE	TRUE	TRUE	TRUE	higher_in_tumor	paired_clr_conditional_no_blank	no_public_negative_control_or_extraction_blank	unresolved_low_biomass_FFPE_reagent_or_oral_carryover	not_run_no_blank_and_no_DNA_concentration	taxonomic_ecology_only_16S_function_potential_not_computed	FALSE	PRJNA766558_FFPE_tissue_21_pairs
g__Dolosigranulum	0.2	21	0.5	0.380952380952381	0.619047619047619	3	8	0.2265625	-0.972872609922466	-0.883009552978865	-0.480519480519481	0.0559184385447842	-0.00016729868391702	1000	1000	-2.03349184900182	-0.20686840935617	0.983	0.16930860559393	0.587983630952381	-0.794657023450762	-0.787069620877911	-0.662420874514309	-2.0605378618895	-1.10542776853675	TRUE	TRUE	TRUE	TRUE	TRUE	lower_in_tumor	paired_clr_conditional_no_blank	no_public_negative_control_or_extraction_blank	unresolved_low_biomass_FFPE_reagent_or_oral_carryover	not_run_no_blank_and_no_DNA_concentration	taxonomic_ecology_only_16S_function_potential_not_computed	FALSE	PRJNA766558_FFPE_tissue_21_pairs
g__Lachnospiraceae NK4A136 group	0.2	21	0.452380952380952	0.285714285714286	0.619047619047619	3	10	0.09228515625	-3.04805584300468	-1.99359611900967	-0.471861471861472	0.0605300053490707	-0.000545419836919469	1000	1000	-4.97144676485759	-0.359942650004394	0.995	0.178318123866181	0.3592529296875	-3.25419469715907	-2.92885831850914	-2.792981476545	-2.37480937259077	-3.14686134829877	TRUE	TRUE	TRUE	TRUE	TRUE	lower_in_tumor	paired_clr_conditional_no_blank	no_public_negative_control_or_extraction_blank	unresolved_low_biomass_FFPE_reagent_or_oral_carryover	not_run_no_blank_and_no_DNA_concentration	taxonomic_ecology_only_16S_function_potential_not_computed	FALSE	PRJNA766558_FFPE_tissue_21_pairs
g__Oribacterium	0.2	21	0.357142857142857	0.476190476190476	0.238095238095238	7	2	0.1796875	0.94851023174027	1.35467246716838	0.463203463203463	0.065452415071362	0	1000	1000	-0.307682539447422	3.65319857708351	0.868	0.182931108789191	0.515419407894737	0.828001169432915	1.21254068424003	1.00451689124711	1.24218142587206	0.870942292695224	TRUE	TRUE	TRUE	TRUE	TRUE	higher_in_tumor	paired_clr_conditional_no_blank	no_public_negative_control_or_extraction_blank	unresolved_low_biomass_FFPE_reagent_or_oral_carryover	not_run_no_blank_and_no_DNA_concentration	taxonomic_ecology_only_16S_function_potential_not_computed	FALSE	PRJNA766558_FFPE_tissue_21_pairs
g__Prevotella	0.2	21	0.690476190476191	0.761904761904762	0.619047619047619	7	4	0.548828125	1.33244434541046	1.83015169591955	0.463203463203463	0.065452415071362	0.00340828878193823	1000	1000	-0.692793141447165	4.44303951683319	0.872	0.182931108789191	0.879739200367648	1.395484454979	1.48673797951988	1.70433229017755	2.73947440225573	1.30758121854545	TRUE	TRUE	TRUE	TRUE	TRUE	higher_in_tumor	paired_clr_conditional_no_blank	no_public_negative_control_or_extraction_blank	unresolved_low_biomass_FFPE_reagent_or_oral_carryover	not_run_no_blank_and_no_DNA_concentration	taxonomic_ecology_only_16S_function_potential_not_computed	FALSE	PRJNA766558_FFPE_tissue_21_pairs
F__Lachnospiraceae_unclassified	0.2	21	0.690476190476191	0.523809523809524	0.857142857142857	1	8	0.0390625	-1.54193659842335	-1.46539569813955	-0.454545454545455	0.070700276991926	-0.000832738520104687	1000	1000	-3.32642885698329	0.49259202072464	0.936	0.187959272978535	0.250459558823529	-1.53185343372399	-1.27790614592359	-1.6730018261959	-0.575172329603961	-1.61950453746839	TRUE	TRUE	TRUE	TRUE	TRUE	lower_in_tumor	paired_clr_conditional_no_blank	no_public_negative_control_or_extraction_blank	unresolved_low_biomass_FFPE_reagent_or_oral_carryover	not_run_no_blank_and_no_DNA_concentration	taxonomic_ecology_only_16S_function_potential_not_computed	FALSE	PRJNA766558_FFPE_tissue_21_pairs
g__Leptotrichia	0.2	21	0.619047619047619	0.666666666666667	0.571428571428571	6	4	0.75390625	2.32748842319682	1.34177627218556	0.454545454545455	0.070700276991926	0.00192631832410306	1000	1000	-0.317148882548782	4.17199550707745	0.953	0.187959272978535	1	2.37988353418695	2.20231503604937	2.26655848071102	2.15516373477053	2.29585359320641	TRUE	TRUE	TRUE	TRUE	TRUE	higher_in_tumor	paired_clr_conditional_no_blank	no_public_negative_control_or_extraction_blank	unresolved_low_biomass_FFPE_reagent_or_oral_carryover	not_run_no_blank_and_no_DNA_concentration	taxonomic_ecology_only_16S_function_potential_not_computed	FALSE	PRJNA766558_FFPE_tissue_21_pairs
g__Peptoanaerobacter	0.2	21	0.238095238095238	0.333333333333333	0.142857142857143	6	2	0.2890625	0.736099231933864	1.114354571669	0.445887445887446	0.076288354527471	0	1000	1000	-0.307682539447422	1.20461620059228	0.868	0.19338210798824	0.684952445652174	0.409366948970575		0.789024263845684	1.04802373392052	0.747859193709926	FALSE	TRUE	TRUE	TRUE	TRUE	higher_in_tumor	paired_clr_conditional_no_blank	no_public_negative_control_or_extraction_blank	unresolved_low_biomass_FFPE_reagent_or_oral_carryover	not_run_no_blank_and_no_DNA_concentration	taxonomic_ecology_only_16S_function_potential_not_computed	FALSE	PRJNA766558_FFPE_tissue_21_pairs
g__Segatella	0.2	21	0.523809523809524	0.714285714285714	0.333333333333333	8	0	0.0078125	1.27794472429296	2.10817349270522	0.956709956709957	0.000131655236839861	0.00047497719612375	1000	1000	0.922956069407257	2.54603289800233	1	0.00949148243768499	0.1064453125	1.19436754149083	1.48256656578847	1.21363099364037	1.30675796809697	1.19720975400851	TRUE	TRUE	TRUE	TRUE	TRUE	higher_in_tumor	paired_clr_fdr_supported_no_blank	no_public_negative_control_or_extraction_blank	unresolved_low_biomass_FFPE_reagent_or_oral_carryover	not_run_no_blank_and_no_DNA_concentration	taxonomic_ecology_only_16S_function_potential_not_computed	FALSE	PRJNA766558_FFPE_tissue_21_pairs
g__Kocuria	0.2	21	0.5	0.285714285714286	0.714285714285714	0	9	0.00390625	-1.19440613039418	-1.9914297774453	-0.878787878787879	0.000447226710831284	-0.000131598703048979	1000	1000	-3.44593892293217	-0.950474663464151	1	0.010762223014463	0.0709635416666667	-1.04922093300842	-1.27641103153724	-0.936982840084987	-1.16930669903789	-1.22727689100632	TRUE	TRUE	TRUE	TRUE	TRUE	lower_in_tumor	paired_clr_fdr_supported_no_blank	no_public_negative_control_or_extraction_blank	unresolved_low_biomass_FFPE_reagent_or_oral_carryover	not_run_no_blank_and_no_DNA_concentration	taxonomic_ecology_only_16S_function_potential_not_computed	FALSE	PRJNA766558_FFPE_tissue_21_pairs
g__Lawsonella	0.2	21	0.952380952380952	0.904761904761905	1	0	2	0.5	-1.24927880111798	-1.65769618353966	-0.861471861471862	0.000579552796285747	-0.00310192940008685	1000	1000	-2.59504737799353	-0.259859191447412	1	0.010762223014463	0.87859623015873	-1.45541765527237	-1.08290312910441	-0.994204434658302	-1.14274536546265	-1.34808430641207	TRUE	TRUE	TRUE	TRUE	TRUE	lower_in_tumor	paired_clr_fdr_supported_no_blank	no_public_negative_control_or_extraction_blank	unresolved_low_biomass_FFPE_reagent_or_oral_carryover	not_run_no_blank_and_no_DNA_concentration	taxonomic_ecology_only_16S_function_potential_not_computed	FALSE	PRJNA766558_FFPE_tissue_21_pairs
F__JG30-KF-CM45_unclassified	0.2	21	0.428571428571429	0.0952380952380952	0.761904761904762	1	15	0.000518798828125	-1.83759936071136	-1.92313930144241	-0.835497835497836	0.000847689150586509	-0.000222990299921953	1000	1000	-2.90103333373988	-1.52206045825106	1	0.010762223014463	0.026611328125	-2.18770070251229	-1.50303667886056	-1.77592509361585	-2.66871329809169	-1.86942062322191	TRUE	TRUE	TRUE	TRUE	TRUE	lower_in_tumor	paired_clr_fdr_supported_no_blank	no_public_negative_control_or_extraction_blank	unresolved_low_biomass_FFPE_reagent_or_oral_carryover	not_run_no_blank_and_no_DNA_concentration	taxonomic_ecology_only_16S_function_potential_not_computed	FALSE	PRJNA766558_FFPE_tissue_21_pairs
g__Bacteroides	0.2	21	0.452380952380952	0.714285714285714	0.19047619047619	11	0	0.0009765625	2.2796756834432	2.27486498280087	0.826839826839827	0.000960060287148272	0.000528601094959411	1000	1000	0.922956069407257	2.77555156592476	0.999	0.010762223014463	0.026611328125	2.35527709802589	2.18409348394946	2.42716878615778	2.61966507550448	2.26186806144972	TRUE	TRUE	TRUE	TRUE	TRUE	higher_in_tumor	paired_clr_fdr_supported_no_blank	no_public_negative_control_or_extraction_blank	unresolved_low_biomass_FFPE_reagent_or_oral_carryover	not_run_no_blank_and_no_DNA_concentration	taxonomic_ecology_only_16S_function_potential_not_computed	FALSE	PRJNA766558_FFPE_tissue_21_pairs
g__Campylobacter	0.2	21	0.380952380952381	0.571428571428571	0.19047619047619	8	0	0.0078125	0.94851023174027	1.82654436009777	0.818181818181818	0.00108609590054214	0.000274415342866726	1000	1000	0.506949931381716	3.29887105139983	0.981	0.010762223014463	0.1064453125	0.84391860692371	1.21254068424003	0.90111248266273	1.24218142587206	0.969890783169261	TRUE	TRUE	TRUE	TRUE	TRUE	higher_in_tumor	paired_clr_fdr_supported_no_blank	no_public_negative_control_or_extraction_blank	unresolved_low_biomass_FFPE_reagent_or_oral_carryover	not_run_no_blank_and_no_DNA_concentration	taxonomic_ecology_only_16S_function_potential_not_computed	FALSE	PRJNA766558_FFPE_tissue_21_pairs
g__Methylorubrum	0.2	21	0.595238095238095	0.285714285714286	0.904761904761905	1	14	0.0009765625	-3.60351940545175	-2.58823086510347	-0.818181818181818	0.00108609590054214	-0.000861414388505781	1000	1000	-3.86236172214415	-1.97937236527548	1	0.010762223014463	0.026611328125	-3.66660114207434	-3.39889756395624	-3.35411046254585	-3.43551922509996	-3.69224830340952	TRUE	TRUE	TRUE	TRUE	TRUE	lower_in_tumor	paired_clr_fdr_supported_no_blank	no_public_negative_control_or_extraction_blank	unresolved_low_biomass_FFPE_reagent_or_oral_carryover	not_run_no_blank_and_no_DNA_concentration	taxonomic_ecology_only_16S_function_potential_not_computed	FALSE	PRJNA766558_FFPE_tissue_21_pairs
g__Flavobacterium	0.2	21	0.547619047619048	0.380952380952381	0.714285714285714	1	8	0.0390625	-1.35500637358789	-1.28862180689235	-0.792207792207792	0.00156181219870471	-0.000184040047114252	1000	1000	-1.89094534141665	-0.253097887279073	0.999	0.0141864608049011	0.250459558823529	-1.29327485901743	-1.43451677431792	-1.24830834546182	-1.30232338161153	-1.39708156173704	TRUE	TRUE	TRUE	TRUE	TRUE	lower_in_tumor	paired_clr_fdr_supported_no_blank	no_public_negative_control_or_extraction_blank	unresolved_low_biomass_FFPE_reagent_or_oral_carryover	not_run_no_blank_and_no_DNA_concentration	taxonomic_ecology_only_16S_function_potential_not_computed	FALSE	PRJNA766558_FFPE_tissue_21_pairs
g__Johnsonella	0.2	21	0.380952380952381	0.571428571428571	0.19047619047619	9	1	0.021484375	1.20461620059228	2.30021164211691	0.722943722943723	0.00391556730062004	0.00133067198935462	1000	1000	0.615505803124969	4.26176472407868	0.984	0.0304854882691131	0.195149739583333	1.22876375669616	1.44325286758014	1.24772708349979	0.966682874468661	1.23001327089732	TRUE	TRUE	TRUE	TRUE	TRUE	higher_in_tumor	paired_clr_fdr_supported_no_blank	no_public_negative_control_or_extraction_blank	unresolved_low_biomass_FFPE_reagent_or_oral_carryover	not_run_no_blank_and_no_DNA_concentration	taxonomic_ecology_only_16S_function_potential_not_computed	FALSE	PRJNA766558_FFPE_tissue_21_pairs
g__Brevibacterium	0.2	21	0.595238095238095	0.428571428571429	0.761904761904762	2	9	0.0654296875	-1.42651628230138	-1.48840646423964	-0.688311688311688	0.00603535517615519	-0.000431420701556433	1000	1000	-2.8837851708963	-0.454035899050321	1	0.0411158571375572	0.333220108695652	-1.75771844604187	-1.48111673358688	-1.45969095170101	-1.24079464906582	-1.41527344672255	TRUE	TRUE	TRUE	TRUE	TRUE	lower_in_tumor	paired_clr_fdr_supported_no_blank	no_public_negative_control_or_extraction_blank	unresolved_low_biomass_FFPE_reagent_or_oral_carryover	not_run_no_blank_and_no_DNA_concentration	taxonomic_ecology_only_16S_function_potential_not_computed	FALSE	PRJNA766558_FFPE_tissue_21_pairs
g__Peptostreptococcus	0.2	21	0.523809523809524	0.666666666666667	0.380952380952381	9	3	0.14599609375	2.34810755109782	2.03727674466665	0.670995670995671	0.00744313065319528	0.000876589869777954	1000	1000	0.901084252543846	3.68138231722008	0.993	0.0477236024234286	0.442043728298611	2.41114766066636	2.2313576024684	2.54863206037271	1.43012883449482	2.32324442423281	TRUE	TRUE	TRUE	TRUE	TRUE	higher_in_tumor	paired_clr_fdr_supported_no_blank	no_public_negative_control_or_extraction_blank	unresolved_low_biomass_FFPE_reagent_or_oral_carryover	not_run_no_blank_and_no_DNA_concentration	taxonomic_ecology_only_16S_function_potential_not_computed	FALSE	PRJNA766558_FFPE_tissue_21_pairs
g__Corynebacterium	0.2	21	0.952380952380952	0.904761904761905	1	0	2	0.5	-0.537554538664621	-0.976092657504887	-0.653679653679654	0.0091386387007404	-0.00143298025716112	1000	1000	-1.5325939008942	-0.343941810179321	0.996	0.0553395343544835	0.87859623015873	-0.543499655009978	-0.747884274779164	-0.635055435224024	-0.659950477948139	-0.670109697278909	TRUE	TRUE	TRUE	TRUE	TRUE	lower_in_tumor	paired_clr_fdr_supported_no_blank	no_public_negative_control_or_extraction_blank	unresolved_low_biomass_FFPE_reagent_or_oral_carryover	not_run_no_blank_and_no_DNA_concentration	taxonomic_ecology_only_16S_function_potential_not_computed	FALSE	PRJNA766558_FFPE_tissue_21_pairs
g__Cutibacterium	0.2	21	0.952380952380952	0.904761904761905	1	0	2	0.5	-0.50441231555998	-0.816042063708946	-0.601731601731602	0.0164723650109698	-0.000725832650106227	1000	1000	-1.19738621732607	-0.201601198294218	0.984	0.0854994183902719	0.87859623015873	-0.454362953760653	-0.562357166157978	-0.542365440943027	-0.600933996997256	-0.536047145550387	TRUE	TRUE	TRUE	TRUE	TRUE	lower_in_tumor	paired_clr_fdr_supported_no_blank	no_public_negative_control_or_extraction_blank	unresolved_low_biomass_FFPE_reagent_or_oral_carryover	not_run_no_blank_and_no_DNA_concentration	taxonomic_ecology_only_16S_function_potential_not_computed	FALSE	PRJNA766558_FFPE_tissue_21_pairs
g__Fusobacterium	0.2	21	0.761904761904762	0.80952380952381	0.714285714285714	4	2	0.6875	2.23831792645777	1.98665847034121	0.584415584415584	0.019871648498973	0.0119038089893525	1000	1000	0.0961499504651462	3.31378392253732	0.982	0.0984549857449117	1	2.38077103697194	2.43482159583617	2.47719632914844	2.59915624344973	2.12051069247499	TRUE	TRUE	TRUE	TRUE	TRUE	higher_in_tumor	paired_clr_fdr_supported_no_blank	no_public_negative_control_or_extraction_blank	unresolved_low_biomass_FFPE_reagent_or_oral_carryover	not_run_no_blank_and_no_DNA_concentration	taxonomic_ecology_only_16S_function_potential_not_computed	FALSE	PRJNA766558_FFPE_tissue_21_pairs
g__Deinococcus	0.2	21	0.476190476190476	0.333333333333333	0.619047619047619	3	9	0.14599609375	-1.12355120264194	-1.25512515151969	-0.575757575757576	0.0217902174033908	-0.000111669458403127	1000	1000	-2.78894439213253	-0.0678199896836627	0.992	0.0989639040403998	0.442043728298611	-1.11346803794258	-0.899278520937282	-1.05392752056796	-1.41302524435224	-1.20111914168699	TRUE	TRUE	TRUE	TRUE	TRUE	lower_in_tumor	paired_clr_fdr_supported_no_blank	no_public_negative_control_or_extraction_blank	unresolved_low_biomass_FFPE_reagent_or_oral_carryover	not_run_no_blank_and_no_DNA_concentration	taxonomic_ecology_only_16S_function_potential_not_computed	FALSE	PRJNA766558_FFPE_tissue_21_pairs
g__Porphyromonas	0.2	21	0.785714285714286	0.952380952380952	0.619047619047619	8	1	0.0390625	1.63132303969324	1.93460620013192	0.575757575757576	0.0217902174033908	0.00219460472133227	1000	1000	-0.770847249525356	4.45651489399253	0.951	0.0989639040403998	0.250459558823529	1.87333095698476	1.57672258840774	2.03448186751133	1.30085322292398	1.64256587527207	TRUE	TRUE	TRUE	TRUE	TRUE	higher_in_tumor	paired_clr_fdr_supported_no_blank	no_public_negative_control_or_extraction_blank	unresolved_low_biomass_FFPE_reagent_or_oral_carryover	not_run_no_blank_and_no_DNA_concentration	taxonomic_ecology_only_16S_function_potential_not_computed	FALSE	PRJNA766558_FFPE_tissue_21_pairs
g__Sphingomonas	0.2	21	0.833333333333333	0.666666666666667	1	0	7	0.015625	-2.34807051534762	-3.45399248889082	-0.939393939393939	0.00017415564105844	-0.0124849083525409	1000	1000	-6.02911841527078	-2.20939253287215	1	0.00949148243768499	0.1703125	-2.46231267591344	-2.43239500812207	-2.30495963244011	1.24218142587206	-2.35497932705314	TRUE	FALSE	TRUE	FALSE	TRUE	lower_in_tumor	prevalence_shift_conditional_no_blank	no_public_negative_control_or_extraction_blank	unresolved_low_biomass_FFPE_reagent_or_oral_carryover	not_run_no_blank_and_no_DNA_concentration	taxonomic_ecology_only_16S_function_potential_not_computed	FALSE	PRJNA766558_FFPE_tissue_21_pairs
O__Saccharimonadales_unclassified	0.2	21	0.214285714285714	0.380952380952381	0.0476190476190476	7	0	0.015625	0.922956069407257	1.25304969427053	0.619047619047619	0.0135948854417752	0	1000	1000	0.156691015617032	2.12940458765256	0.987	0.077991711218605	0.1703125	0.541363064984772		0.90111248266273		0.834518235105812	FALSE	FALSE	TRUE	FALSE	TRUE	higher_in_tumor	prevalence_shift_conditional_no_blank	no_public_negative_control_or_extraction_blank	unresolved_low_biomass_FFPE_reagent_or_oral_carryover	not_run_no_blank_and_no_DNA_concentration	taxonomic_ecology_only_16S_function_potential_not_computed	FALSE	PRJNA766558_FFPE_tissue_21_pairs
g__Pseudarthrobacter	0.2	21	0.571428571428571	0.380952380952381	0.761904761904762	2	10	0.03857421875	-0.686560593560081	-0.960958385415429	-0.41991341991342	0.0952428556213773	-0.000198523481605559	1000	1000	-2.57355149205922	-0.183921179758046	0.985	0.22088236729213	0.250459558823529	-0.721363633718867	-0.528351050902892	-0.460164191595652		-0.840941403855704	TRUE	FALSE	TRUE	FALSE	TRUE	lower_in_tumor	prevalence_shift_conditional_no_blank	no_public_negative_control_or_extraction_blank	unresolved_low_biomass_FFPE_reagent_or_oral_carryover	not_run_no_blank_and_no_DNA_concentration	taxonomic_ecology_only_16S_function_potential_not_computed	FALSE	PRJNA766558_FFPE_tissue_21_pairs
