row_order	gene	gene_id	event	factor	effect_measure	effect_estimate	q_value	sensitivity_seed_count	mutation_cnv_omission_retention_rate	audit_status	event_family_note	evidence_boundary
1	PIK3CA	ENSG00000121879.6	Relative copy-number state	Factor1	Spearman rho	0.578587085765964	9.70359868940868e-08	3	1	Retained in the pre-specified within-TCGA representation-overlap analysis	Relative-CNV and amplification encodings are non-independent views of the same TCGA copy-number family.	Within-TCGA descriptive support only; not independent replication, causal proof, or therapeutic-target validation.
2	PIK3CA	ENSG00000121879.6	Amplification	Factor1	Rank-biserial correlation	0.557369614512472	0.000107662142667664	3	1	Retained in the pre-specified within-TCGA representation-overlap analysis	Relative-CNV and amplification encodings are non-independent views of the same TCGA copy-number family.	Within-TCGA descriptive support only; not independent replication, causal proof, or therapeutic-target validation.
3	NFE2L2	ENSG00000116044.16	Mutation	Factor1	Rank-biserial correlation	0.753205128205128	0.000166971067788069	3	1	Retained in the pre-specified within-TCGA representation-overlap analysis	One TCGA-derived event-state association.	Within-TCGA descriptive support only; not independent replication, causal proof, or therapeutic-target validation.
4	SMARCA4	ENSG00000127616.19	Mutation	Factor1	Rank-biserial correlation	-0.947454844006568	0.0012087269522841	3	1	Retained in the pre-specified within-TCGA representation-overlap analysis	One TCGA-derived event-state association.	Within-TCGA descriptive support only; not independent replication, causal proof, or therapeutic-target validation.
5	NFE2L2	ENSG00000116044.16	Mutation	Factor7	Rank-biserial correlation	0.642628205128205	0.00134293091253213	3	1	Retained in the pre-specified within-TCGA representation-overlap analysis	One TCGA-derived event-state association.	Within-TCGA descriptive support only; not independent replication, causal proof, or therapeutic-target validation.
6	PTCH1	ENSG00000185920.16	Relative copy-number state	Factor7	Spearman rho	0.391559241097994	0.00456908290421296	3	1	Retained in the pre-specified within-TCGA representation-overlap analysis	One TCGA-derived event-state association.	Within-TCGA descriptive support only; not independent replication, causal proof, or therapeutic-target validation.
7	NOTCH1	ENSG00000148400.12	Relative copy-number state	Factor7	Spearman rho	0.358889670020717	0.012228683187433	3	0.666666666666667	Retained in the pre-specified within-TCGA representation-overlap analysis	One TCGA-derived event-state association.	Within-TCGA descriptive support only; not independent replication, causal proof, or therapeutic-target validation.
8	TP53	ENSG00000141510.18	Mutation	Factor1	Rank-biserial correlation	0.619047619047619	0.026309573152747	3	1	Retained in the pre-specified within-TCGA representation-overlap analysis	One TCGA-derived event-state association.	Within-TCGA descriptive support only; not independent replication, causal proof, or therapeutic-target validation.
9	KMT2D	ENSG00000167548.16	Relative copy-number state	Factor3	Spearman rho	-0.312270708246483	0.0524022138510443	3	1	Retained in the pre-specified within-TCGA representation-overlap analysis	One TCGA-derived event-state association.	Within-TCGA descriptive support only; not independent replication, causal proof, or therapeutic-target validation.
